month,day,carrier,origin,distance,hour,minute,weekday,is_weekend,season,time_of_day,route_freq,dest_freq,month_sin,month_cos,hour_sin,hour_cos,actual_price,predicted_price
6,30,VX,JFK,2475,9,40,6,1,Summer,Morning,0.0341312599485735,0.0484572058283335,1.2246467991473532e-16,-1.0,0.7071067811865476,-0.7071067811865475,246.28,233.72037794739916
5,7,DL,JFK,1598,16,57,1,0,Spring,Afternoon,0.0144177788661687,0.0179686543406391,0.4999999999999999,-0.8660254037844387,-0.8660254037844384,-0.5000000000000004,151.56,160.10864470521298
12,8,DL,JFK,2475,8,59,6,1,Winter,Morning,0.0341312599485735,0.0484572058283335,-2.4492935982947064e-16,1.0,0.8660254037844387,-0.4999999999999998,245.0,234.34911586054645
5,14,DL,JFK,1005,18,41,1,0,Spring,Evening,0.0096118525774458,0.0228358026203012,0.4999999999999999,-0.8660254037844387,-1.0,-1.8369701987210294e-16,155.22,133.68593971536228
7,21,9E,LGA,296,11,2,6,1,Summer,Morning,0.0006734419003305,0.0038263744336965,-0.4999999999999997,-0.8660254037844388,0.258819045102521,-0.9659258262890682,71.77,102.22627507457418
1,1,AA,LGA,733,18,17,1,0,Winter,Evening,0.0245194073711277,0.0486102608056814,0.4999999999999999,0.8660254037844387,-1.0,-1.8369701987210294e-16,92.32,115.24829407044714
12,9,WN,EWR,1411,12,59,0,0,Winter,Afternoon,0.0028468225786702,0.0067650299987755,-2.4492935982947064e-16,1.0,1.2246467991473532e-16,-1.0,129.21,125.5858958905032
8,13,B6,JFK,228,19,20,1,0,Summer,Evening,0.0076527488673931,0.0163768825762213,-0.8660254037844384,-0.5000000000000004,-0.9659258262890684,0.2588190451025203,107.63,117.770222837395
9,26,AA,LGA,1096,7,25,3,0,Fall,Morning,0.0175401004040651,0.0373454144728786,-1.0,-1.8369701987210294e-16,0.9659258262890684,-0.2588190451025206,133.8,130.4075756998956
4,30,EV,EWR,820,13,23,1,0,Spring,Afternoon,0.0033059875107138,0.0075303048855148,0.8660254037844387,-0.4999999999999998,-0.2588190451025208,-0.9659258262890684,71.49,90.27741109282596
6,17,B6,JFK,264,9,40,0,0,Summer,Morning,0.0047140933023141,0.0070099179625321,1.2246467991473532e-16,-1.0,0.7071067811865476,-0.7071067811865475,126.53,116.97259839605155
11,22,B6,LGA,1080,13,20,4,0,Fall,Afternoon,0.0020203257009917,0.0106526264234112,-0.5000000000000004,0.8660254037844384,-0.2588190451025208,-0.9659258262890684,128.88,119.99006125974698
4,26,EV,EWR,533,8,9,4,0,Spring,Morning,0.0026631566058528,0.0036733194563487,0.8660254037844387,-0.4999999999999998,0.8660254037844387,-0.4999999999999998,102.88,107.48449848094444
3,25,FL,LGA,762,20,54,0,0,Spring,Evening,0.0289580017142157,0.0505999755112036,1.0,6.123233995736766e-17,-0.8660254037844386,0.5000000000000001,99.91,79.17569923752666
10,21,B6,JFK,266,12,17,0,0,Fall,Afternoon,0.0040406514019835,0.0077139708583323,-0.8660254037844386,0.5000000000000001,1.2246467991473532e-16,-1.0,84.39,79.4956172505861
1,23,EV,EWR,282,20,24,2,0,Winter,Evening,0.0035202644790008,0.0149381657891514,0.4999999999999999,0.8660254037844387,-0.8660254037844386,0.5000000000000001,50.9,64.38170376276418
2,8,EV,EWR,199,6,44,4,0,Winter,Morning,0.0052344802252969,0.0294783886371984,0.8660254037844386,0.5000000000000001,1.0,6.123233995736766e-17,95.49,87.6354639382354
8,5,DL,JFK,1069,7,57,0,0,Summer,Morning,0.0129790620790988,0.0362128076405044,-0.8660254037844384,-0.5000000000000004,0.9659258262890684,-0.2588190451025206,142.45,160.97437918271092
10,21,UA,EWR,719,8,59,0,0,Fall,Morning,0.0183972082772131,0.0486102608056814,-0.8660254037844386,0.5000000000000001,0.8660254037844387,-0.4999999999999998,139.29,111.71929734861322
8,18,VX,JFK,2586,16,38,6,1,Summer,Afternoon,0.0254683482306844,0.0411717889065752,-0.8660254037844384,-0.5000000000000004,-0.8660254037844384,-0.5000000000000004,250.8,240.12853769160728
11,5,EV,LGA,335,11,26,1,0,Fall,Morning,0.0033365985061834,0.0087241337088282,-0.5000000000000004,0.8660254037844384,0.258819045102521,-0.9659258262890682,60.02,65.33529202126209
1,15,B6,LGA,1035,16,26,1,0,Winter,Afternoon,0.0074996938900453,0.018978817191135,0.4999999999999999,0.8660254037844387,-0.8660254037844384,-0.5000000000000004,101.82,114.75944495276144
2,1,UA,EWR,1023,7,29,4,0,Winter,Morning,0.0067344190033059,0.018978817191135,0.8660254037844386,0.5000000000000001,0.9659258262890684,-0.2588190451025206,165.77,146.57579432773932
7,7,B6,JFK,1626,23,10,6,1,Summer,Night,0.0024794906330353,0.0225296926656054,-0.4999999999999997,-0.8660254037844388,-0.2588190451025215,0.965925826289068,160.57,176.91025208402914
1,17,US,LGA,544,6,26,3,0,Winter,Morning,0.0178462103587608,0.042335006734419,0.4999999999999999,0.8660254037844387,1.0,6.123233995736766e-17,85.7,97.47961533280557
8,16,MQ,LGA,479,12,51,4,0,Summer,Afternoon,0.0059079221256275,0.0106526264234112,-0.8660254037844384,-0.5000000000000004,1.2246467991473532e-16,-1.0,108.23,110.67925473205932
12,7,US,JFK,541,11,54,5,1,Winter,Morning,0.0089996326680543,0.042335006734419,-2.4492935982947064e-16,1.0,0.258819045102521,-0.9659258262890682,119.29,119.7151369557159
4,24,EV,EWR,282,22,53,2,0,Spring,Night,0.0035202644790008,0.0149381657891514,0.8660254037844387,-0.4999999999999998,-0.5000000000000004,0.8660254037844384,68.67,66.46620449167996
6,8,DL,JFK,2248,18,39,5,1,Summer,Evening,0.0119995102240724,0.0178768213542304,1.2246467991473532e-16,-1.0,-1.0,-1.8369701987210294e-16,213.11,209.67532903470135
10,8,MQ,LGA,502,8,21,1,0,Fall,Morning,0.0150299987755601,0.0272131749724501,-0.8660254037844386,0.5000000000000001,0.8660254037844387,-0.4999999999999998,106.43,87.70325539154135
11,1,WN,LGA,764,10,58,4,0,Fall,Morning,0.0090608546589935,0.0170503244765519,-0.5000000000000004,0.8660254037844384,0.4999999999999999,-0.8660254037844387,125.53,83.35807387454663
9,18,AA,LGA,733,9,33,2,0,Fall,Morning,0.0245194073711277,0.0486102608056814,-1.0,-1.8369701987210294e-16,0.7071067811865476,-0.7071067811865475,114.16,117.5428601286875
7,5,AA,JFK,2475,9,20,4,0,Summer,Morning,0.0341312599485735,0.0484572058283335,-0.4999999999999997,-0.8660254037844388,0.7071067811865476,-0.7071067811865475,217.26,236.41343290077248
7,25,MQ,EWR,719,7,52,3,0,Summer,Morning,0.0183972082772131,0.0486102608056814,-0.4999999999999997,-0.8660254037844388,0.9659258262890684,-0.2588190451025206,111.25,122.51599429906372
12,24,UA,LGA,1620,8,38,1,0,Winter,Morning,0.0119995102240724,0.0225296926656054,-2.4492935982947064e-16,1.0,0.8660254037844387,-0.4999999999999998,168.26,171.1732652979034
4,12,B6,JFK,1598,8,40,4,0,Spring,Morning,0.0144177788661687,0.0179686543406391,0.8660254037844387,-0.4999999999999998,0.8660254037844387,-0.4999999999999998,179.83,162.02636956605323
5,13,DL,LGA,502,18,25,0,0,Spring,Evening,0.0150299987755601,0.0272131749724501,0.4999999999999999,-0.8660254037844387,-1.0,-1.8369701987210294e-16,103.69,101.27280929722656
12,18,AA,LGA,1035,7,30,2,0,Winter,Morning,0.0074996938900453,0.018978817191135,-2.4492935982947064e-16,1.0,0.9659258262890684,-0.2588190451025206,128.56,151.37787914983392
7,21,9E,JFK,94,22,31,6,1,Summer,Night,0.0024794906330353,0.0042855393657401,-0.4999999999999997,-0.8660254037844388,-0.5000000000000004,0.8660254037844384,92.95,103.97943997192081
8,22,UA,JFK,2475,11,8,3,0,Summer,Morning,0.0341312599485735,0.0484572058283335,-0.8660254037844384,-0.5000000000000004,0.258819045102521,-0.9659258262890682,221.46,201.92350834574225
3,13,MQ,JFK,213,12,29,2,0,Spring,Afternoon,0.0097036855638545,0.0294783886371984,1.0,6.123233995736766e-17,1.2246467991473532e-16,-1.0,80.2,70.50117740279752
10,27,EV,EWR,725,19,44,6,1,Fall,Evening,0.0033672095016529,0.0082955797722541,-0.8660254037844386,0.5000000000000001,-0.9659258262890684,0.2588190451025203,116.87,109.83919152372835
3,21,WN,LGA,764,18,50,3,0,Spring,Evening,0.0090608546589935,0.0170503244765519,1.0,6.123233995736766e-17,-1.0,-1.8369701987210294e-16,65.48,77.52870551279919
11,27,B6,JFK,828,14,21,2,0,Fall,Afternoon,0.003795763438227,0.0075303048855148,-0.5000000000000004,0.8660254037844384,-0.4999999999999997,-0.8660254037844388,105.98,102.21332597166085
11,4,AA,LGA,1389,18,22,0,0,Fall,Evening,0.0143871678706991,0.0260499571446063,-0.5000000000000004,0.8660254037844384,-1.0,-1.8369701987210294e-16,142.92,141.45823900225315
1,8,B6,JFK,266,9,2,1,0,Winter,Morning,0.0040406514019835,0.0077139708583323,0.4999999999999999,0.8660254037844387,0.7071067811865476,-0.7071067811865475,96.3,93.49996107825359
9,9,UA,EWR,2434,18,21,0,0,Fall,Evening,0.0022958246602179,0.0022958246602179,-1.0,-1.8369701987210294e-16,-1.0,-1.8369701987210294e-16,194.39,183.1798292942778
3,27,DL,JFK,2475,11,58,2,0,Spring,Morning,0.0341312599485735,0.0484572058283335,1.0,6.123233995736766e-17,0.258819045102521,-0.9659258262890682,200.49,179.8272738220805
3,5,B6,JFK,541,7,56,1,0,Spring,Morning,0.0089996326680543,0.042335006734419,1.0,6.123233995736766e-17,0.9659258262890684,-0.2588190451025206,124.37,104.32907664269521
12,26,MQ,LGA,419,9,58,3,0,Winter,Morning,0.0059691441165666,0.0127035631198726,-2.4492935982947064e-16,1.0,0.7071067811865476,-0.7071067811865475,108.82,103.34060702460954
12,9,DL,LGA,950,19,22,0,0,Winter,Evening,0.0110199583690461,0.0421207297661319,-2.4492935982947064e-16,1.0,-0.9659258262890684,0.2588190451025203,150.46,145.32129503955818
11,8,UA,EWR,997,8,18,4,0,Fall,Morning,0.00716297293988,0.0228358026203012,-0.5000000000000004,0.8660254037844384,0.8660254037844387,-0.4999999999999998,149.17,143.19662218596062
4,24,UA,EWR,2227,15,39,2,0,Spring,Afternoon,0.0058773111301579,0.0178768213542304,0.8660254037844387,-0.4999999999999998,-0.7071067811865471,-0.7071067811865479,140.09,167.08358583709264
11,30,B6,JFK,1428,8,7,5,1,Fall,Morning,0.0025713236194441,0.0067650299987755,-0.5000000000000004,0.8660254037844384,0.8660254037844387,-0.4999999999999998,138.26,141.76849112133223
9,28,MQ,JFK,213,7,50,5,1,Fall,Morning,0.0097036855638545,0.0294783886371984,-1.0,-1.8369701987210294e-16,0.9659258262890684,-0.2588190451025206,72.11,77.67478141647881
7,1,AA,LGA,733,20,7,0,0,Summer,Evening,0.0245194073711277,0.0486102608056814,-0.4999999999999997,-0.8660254037844388,-0.8660254037844386,0.5000000000000001,114.73,123.69031942805874
9,29,MQ,EWR,719,20,3,6,1,Fall,Evening,0.0183972082772131,0.0486102608056814,-1.0,-1.8369701987210294e-16,-0.8660254037844386,0.5000000000000001,98.68,100.4585220744529
4,15,AA,LGA,733,6,25,0,0,Spring,Morning,0.0245194073711277,0.0486102608056814,0.8660254037844387,-0.4999999999999998,1.0,6.123233995736766e-17,142.93,119.37682389189933
7,21,US,EWR,529,10,12,6,1,Summer,Morning,0.0154891637076037,0.042335006734419,-0.4999999999999997,-0.8660254037844388,0.4999999999999999,-0.8660254037844387,109.61,124.74731193310865
10,30,EV,EWR,488,10,42,2,0,Fall,Morning,0.0088159666952369,0.0272131749724501,-0.8660254037844386,0.5000000000000001,0.4999999999999999,-0.8660254037844387,92.49,71.99164189335409
2,6,MQ,LGA,502,16,37,2,0,Winter,Afternoon,0.0150299987755601,0.0272131749724501,0.8660254037844386,0.5000000000000001,-0.8660254037844384,-0.5000000000000004,53.23,85.68050256146743
8,11,UA,EWR,1585,20,55,6,1,Summer,Evening,0.0009183298640871,0.0026019346149136,-0.8660254037844384,-0.5000000000000004,-0.8660254037844386,0.5000000000000001,166.48,174.13080844447728
6,20,B6,JFK,1826,20,20,3,0,Summer,Evening,0.0006734419003305,0.0006734419003305,1.2246467991473532e-16,-1.0,-0.8660254037844386,0.5000000000000001,172.45,173.10239560703081
5,26,B6,JFK,301,14,17,6,1,Spring,Afternoon,0.0109281253826374,0.0149381657891514,0.4999999999999999,-0.8660254037844387,-0.4999999999999997,-0.8660254037844388,102.22,92.79906044310793
9,8,UA,EWR,404,18,18,6,1,Fall,Evening,0.0048365372841924,0.0127035631198726,-1.0,-1.8369701987210294e-16,-1.0,-1.8369701987210294e-16,123.72,113.61882510227431
10,2,B6,JFK,301,22,43,2,0,Fall,Night,0.0109281253826374,0.0149381657891514,-0.8660254037844386,0.5000000000000001,-0.5000000000000004,0.8660254037844384,98.89,77.15120736355178
7,26,MQ,LGA,762,14,33,4,0,Summer,Afternoon,0.0289580017142157,0.0505999755112036,-0.4999999999999997,-0.8660254037844388,-0.4999999999999997,-0.8660254037844388,116.2,124.73765199230792
5,25,MQ,LGA,762,16,10,5,1,Spring,Afternoon,0.0289580017142157,0.0505999755112036,0.4999999999999999,-0.8660254037844387,-0.8660254037844384,-0.5000000000000004,96.63,94.62784075559442
12,6,US,LGA,184,20,52,4,0,Winter,Evening,0.0115097342965593,0.0449981633402718,-2.4492935982947064e-16,1.0,-0.8660254037844386,0.5000000000000001,127.13,113.62052671366473
8,7,UA,LGA,1416,8,50,2,0,Summer,Morning,0.0089690216725847,0.0223154156973184,-0.8660254037844384,-0.5000000000000004,0.8660254037844387,-0.4999999999999998,155.13,166.05101188202923
3,25,AA,LGA,1389,13,29,0,0,Spring,Afternoon,0.0143871678706991,0.0260499571446063,1.0,6.123233995736766e-17,-0.2588190451025208,-0.9659258262890684,114.43,130.6652085291263
7,10,US,LGA,184,11,53,2,0,Summer,Morning,0.0115097342965593,0.0449981633402718,-0.4999999999999997,-0.8660254037844388,0.258819045102521,-0.9659258262890682,69.83,92.18673365508269
11,24,EV,EWR,404,5,53,6,1,Fall,Morning,0.0048365372841924,0.0127035631198726,-0.5000000000000004,0.8660254037844384,0.9659258262890684,0.2588190451025207,75.89,83.46965299612569
11,20,EV,EWR,1134,20,44,2,0,Fall,Evening,0.0022346026692788,0.0025407126239745,-0.5000000000000004,0.8660254037844384,-0.8660254037844386,0.5000000000000001,112.85,103.88398804257021
11,13,9E,LGA,198,12,33,2,0,Fall,Afternoon,0.0007040528958001,0.0056018121709317,-0.5000000000000004,0.8660254037844384,1.2246467991473532e-16,-1.0,65.85,68.1463555294299
12,3,MQ,JFK,213,21,26,1,0,Winter,Night,0.0097036855638545,0.0294783886371984,-2.4492935982947064e-16,1.0,-0.7071067811865477,0.7071067811865474,106.91,98.6648760722114
1,15,AA,JFK,1747,19,47,1,0,Winter,Evening,0.0003061099546957,0.0007652748867393,0.4999999999999999,0.8660254037844387,-0.9659258262890684,0.2588190451025203,161.89,166.02606119472637
8,28,DL,LGA,950,21,53,2,0,Summer,Night,0.0110199583690461,0.0421207297661319,-0.8660254037844384,-0.5000000000000004,-0.7071067811865477,0.7071067811865474,137.16,136.35718285597488
4,8,B6,EWR,937,13,25,0,0,Spring,Afternoon,0.0149075547936818,0.0421207297661319,0.8660254037844387,-0.4999999999999998,-0.2588190451025208,-0.9659258262890684,108.35,103.0568257037973
7,8,B6,EWR,937,17,32,0,0,Summer,Evening,0.0149075547936818,0.0421207297661319,-0.4999999999999997,-0.8660254037844388,-0.9659258262890684,-0.2588190451025206,136.05,141.41450339453274
1,1,EV,EWR,284,14,54,1,0,Winter,Afternoon,0.0023876576466266,0.0069793069670625,0.4999999999999999,0.8660254037844387,-0.4999999999999997,-0.8660254037844388,76.83,66.92895398190865
11,4,EV,EWR,212,10,22,0,0,Fall,Morning,0.0036427084608791,0.0163768825762213,-0.5000000000000004,0.8660254037844384,0.4999999999999999,-0.8660254037844387,46.41,60.54912146779404
5,6,9E,EWR,488,10,16,0,0,Spring,Morning,0.0088159666952369,0.0272131749724501,0.4999999999999999,-0.8660254037844387,0.4999999999999999,-0.8660254037844387,78.63,78.81567104863345
2,11,B6,JFK,1521,23,29,0,0,Winter,Night,0.0046222603159054,0.0074996938900453,0.8660254037844386,0.5000000000000001,-0.2588190451025215,0.965925826289068,129.35,134.78995000033163
10,21,UA,EWR,404,20,17,0,0,Fall,Evening,0.0048365372841924,0.0127035631198726,-0.8660254037844386,0.5000000000000001,-0.8660254037844386,0.5000000000000001,65.64,84.30992207978582
7,1,AA,JFK,1623,7,58,0,0,Summer,Morning,0.0011938288233133,0.0016836047508264,-0.4999999999999997,-0.8660254037844388,0.9659258262890684,-0.2588190451025206,191.83,189.91870320915737
9,9,B6,JFK,1182,20,58,0,0,Fall,Evening,0.004652871311375,0.0104995714460634,-1.0,-1.8369701987210294e-16,-0.8660254037844386,0.5000000000000001,120.45,120.4541989488626
9,28,AA,LGA,1096,16,52,5,1,Fall,Afternoon,0.0175401004040651,0.0373454144728786,-1.0,-1.8369701987210294e-16,-0.8660254037844384,-0.5000000000000004,137.44,131.91750113354743
7,29,EV,EWR,746,16,48,0,0,Summer,Afternoon,0.0156728296804212,0.0505999755112036,-0.4999999999999997,-0.8660254037844388,-0.8660254037844384,-0.5000000000000004,139.27,124.92412063369804
4,6,EV,EWR,199,9,23,5,1,Spring,Morning,0.0052344802252969,0.0294783886371984,0.8660254037844387,-0.4999999999999998,0.7071067811865476,-0.7071067811865475,79.62,79.38018350208702
4,21,9E,EWR,569,16,40,6,1,Spring,Afternoon,0.0076833598628627,0.0110199583690461,0.8660254037844387,-0.4999999999999998,-0.8660254037844384,-0.5000000000000004,125.61,111.94979970870025
6,2,UA,EWR,1065,22,35,6,1,Summer,Night,0.0110811803599853,0.0362128076405044,1.2246467991473532e-16,-1.0,-0.5000000000000004,0.8660254037844384,158.7,156.13470579762492
7,4,AA,LGA,1096,11,25,3,0,Summer,Morning,0.0175401004040651,0.0373454144728786,-0.4999999999999997,-0.8660254037844388,0.258819045102521,-0.9659258262890682,135.24,145.8704833625549
8,1,US,JFK,541,6,11,3,0,Summer,Morning,0.0089996326680543,0.042335006734419,-0.8660254037844384,-0.5000000000000004,1.0,6.123233995736766e-17,131.24,132.00654765185323
6,20,EV,EWR,416,17,29,3,0,Summer,Evening,0.004438594343088,0.0245194073711277,1.2246467991473532e-16,-1.0,-0.9659258262890684,-0.2588190451025206,82.14,107.81835038767451
1,30,EV,EWR,282,13,6,2,0,Winter,Afternoon,0.0035202644790008,0.0149381657891514,0.4999999999999999,0.8660254037844387,-0.2588190451025208,-0.9659258262890684,41.81,64.5461972874843
6,30,AA,JFK,1417,19,31,6,1,Summer,Evening,0.0008877188686176,0.0223154156973184,1.2246467991473532e-16,-1.0,-0.9659258262890684,0.2588190451025203,168.3,198.02480363100528
12,30,WN,LGA,725,11,54,0,0,Winter,Morning,0.0067038080078364,0.0133770050202032,-2.4492935982947064e-16,1.0,0.258819045102521,-0.9659258262890682,68.42,87.78161303655108
7,17,B6,JFK,1005,6,48,2,0,Summer,Morning,0.0096118525774458,0.0228358026203012,-0.4999999999999997,-0.8660254037844388,1.0,6.123233995736766e-17,168.2,149.29446970833564
11,7,WN,LGA,764,12,42,3,0,Fall,Afternoon,0.0090608546589935,0.0170503244765519,-0.5000000000000004,0.8660254037844384,1.2246467991473532e-16,-1.0,55.86,74.81653237406685
5,1,DL,JFK,1598,8,48,2,0,Spring,Morning,0.0144177788661687,0.0179686543406391,0.4999999999999999,-0.8660254037844387,0.8660254037844387,-0.4999999999999998,155.78,160.86328155894748
11,21,UA,EWR,1605,11,53,3,0,Fall,Morning,0.0080506918084976,0.0225296926656054,-0.5000000000000004,0.8660254037844384,0.258819045102521,-0.9659258262890682,177.83,141.45568598742472
10,3,AA,EWR,1372,7,16,3,0,Fall,Morning,0.0093669646136892,0.0260499571446063,-0.8660254037844386,0.5000000000000001,0.9659258262890684,-0.2588190451025206,142.31,144.28781729942898
6,9,UA,EWR,2454,19,14,6,1,Summer,Evening,0.01432594587976,0.0484572058283335,1.2246467991473532e-16,-1.0,-0.9659258262890684,0.2588190451025203,227.25,225.05253731819653
6,11,AA,LGA,1096,5,56,1,0,Summer,Morning,0.0175401004040651,0.0373454144728786,1.2246467991473532e-16,-1.0,0.9659258262890684,0.2588190451025207,118.9,140.737933371569
4,12,AA,LGA,1389,13,36,4,0,Spring,Afternoon,0.0143871678706991,0.0260499571446063,0.8660254037844387,-0.4999999999999998,-0.2588190451025208,-0.9659258262890684,133.01,150.04279298875696
6,2,B6,JFK,828,7,32,6,1,Summer,Morning,0.003795763438227,0.0075303048855148,1.2246467991473532e-16,-1.0,0.9659258262890684,-0.2588190451025206,138.6,149.6443689671267
12,11,AA,EWR,1372,9,39,2,0,Winter,Morning,0.0093669646136892,0.0260499571446063,-2.4492935982947064e-16,1.0,0.7071067811865476,-0.7071067811865475,161.47,170.36799854403162
10,11,9E,LGA,660,10,10,4,0,Fall,Morning,0.0003673319456348,0.0066119750214276,-0.8660254037844386,0.5000000000000001,0.4999999999999999,-0.8660254037844387,110.15,101.1930763331123
9,16,UA,EWR,2227,17,30,0,0,Fall,Evening,0.0058773111301579,0.0178768213542304,-1.0,-1.8369701987210294e-16,-0.9659258262890684,-0.2588190451025206,144.27,175.32147851290233
7,24,EV,EWR,746,16,41,2,0,Summer,Afternoon,0.0156728296804212,0.0505999755112036,-0.4999999999999997,-0.8660254037844388,-0.8660254037844384,-0.5000000000000004,136.54,125.70505152695719
4,30,FL,LGA,762,17,42,1,0,Spring,Evening,0.0289580017142157,0.0505999755112036,0.8660254037844387,-0.4999999999999998,-0.9659258262890684,-0.2588190451025206,88.59,96.95684079869622
3,2,B6,EWR,937,11,58,5,1,Spring,Morning,0.0149075547936818,0.0421207297661319,1.0,6.123233995736766e-17,0.258819045102521,-0.9659258262890682,88.37,101.09400476341938
5,5,MQ,JFK,427,15,3,6,1,Spring,Afternoon,0.0091832986408718,0.0245194073711277,0.4999999999999999,-0.8660254037844387,-0.7071067811865471,-0.7071067811865479,67.03,88.87457866047947
11,26,AA,JFK,2475,15,45,1,0,Fall,Afternoon,0.0341312599485735,0.0484572058283335,-0.5000000000000004,0.8660254037844384,-0.7071067811865471,-0.7071067811865479,193.41,184.80707391163816
8,20,UA,EWR,200,8,0,1,0,Summer,Morning,0.0155809966940124,0.0449981633402718,-0.8660254037844384,-0.5000000000000004,0.8660254037844387,-0.4999999999999998,105.75,120.45896558409393
12,30,B6,JFK,2586,22,2,0,0,Winter,Night,0.0254683482306844,0.0411717889065752,-2.4492935982947064e-16,1.0,-0.5000000000000004,0.8660254037844384,205.82,205.96336535169993
4,27,UA,EWR,937,12,56,5,1,Spring,Afternoon,0.0149075547936818,0.0421207297661319,0.8660254037844387,-0.4999999999999998,1.2246467991473532e-16,-1.0,121.49,113.5446705761739
5,7,EV,EWR,631,20,36,1,0,Spring,Evening,0.0008877188686176,0.0020815476919309,0.4999999999999999,-0.8660254037844387,-0.8660254037844386,0.5000000000000001,125.47,83.83208079008955
8,24,MQ,EWR,719,10,17,5,1,Summer,Morning,0.0183972082772131,0.0486102608056814,-0.8660254037844384,-0.5000000000000004,0.4999999999999999,-0.8660254037844387,111.06,110.10103048297641
7,9,WN,EWR,872,18,22,1,0,Summer,Evening,0.0072241949308191,0.0131627280519162,-0.4999999999999997,-0.8660254037844388,-1.0,-1.8369701987210294e-16,97.72,102.14386386200326
12,15,UA,EWR,1023,21,49,6,1,Winter,Night,0.0067344190033059,0.018978817191135,-2.4492935982947064e-16,1.0,-0.7071067811865477,0.7071067811865474,149.78,155.5360735930627
7,21,B6,JFK,301,12,23,6,1,Summer,Afternoon,0.0109281253826374,0.0149381657891514,-0.4999999999999997,-0.8660254037844388,1.2246467991473532e-16,-1.0,125.93,120.92835075015255
8,22,EV,EWR,529,21,56,3,0,Summer,Night,0.0154891637076037,0.042335006734419,-0.8660254037844384,-0.5000000000000004,-0.7071067811865477,0.7071067811865474,126.27,100.23277735379327
4,16,DL,LGA,502,17,45,1,0,Spring,Evening,0.0150299987755601,0.0272131749724501,0.8660254037844387,-0.4999999999999998,-0.9659258262890684,-0.2588190451025206,123.49,101.49071431528634
2,7,MQ,JFK,665,15,5,3,0,Winter,Afternoon,0.0020509366964613,0.0066119750214276,0.8660254037844386,0.5000000000000001,-0.7071067811865471,-0.7071067811865479,95.06,88.96099368494433
2,1,UA,EWR,404,9,0,4,0,Winter,Morning,0.0048365372841924,0.0127035631198726,0.8660254037844386,0.5000000000000001,0.7071067811865476,-0.7071067811865475,143.39,114.66648949241562
11,12,AA,LGA,1389,8,59,1,0,Fall,Morning,0.0143871678706991,0.0260499571446063,-0.5000000000000004,0.8660254037844384,0.8660254037844387,-0.4999999999999998,125.4,144.5614023970508
9,8,EV,EWR,1215,20,13,6,1,Fall,Evening,0.0007652748867393,0.0007652748867393,-1.0,-1.8369701987210294e-16,-0.8660254037844386,0.5000000000000001,119.87,115.20073060560301
12,24,UA,EWR,1874,8,55,1,0,Winter,Morning,6.122199093914534e-05,6.122199093914534e-05,-2.4492935982947064e-16,1.0,0.8660254037844387,-0.4999999999999998,184.12,194.02230998092048
8,9,UA,EWR,1065,9,48,4,0,Summer,Morning,0.0110811803599853,0.0362128076405044,-0.8660254037844384,-0.5000000000000004,0.7071067811865476,-0.7071067811865475,173.04,168.97708724826595
3,14,MQ,LGA,544,13,59,3,0,Spring,Afternoon,0.0178462103587608,0.042335006734419,1.0,6.123233995736766e-17,-0.2588190451025208,-0.9659258262890684,52.15,76.19039265960487
9,11,WN,LGA,888,15,28,2,0,Fall,Afternoon,0.005938533121097,0.0131627280519162,-1.0,-1.8369701987210294e-16,-0.7071067811865471,-0.7071067811865479,82.86,75.4075522245742
6,12,DL,LGA,762,13,58,2,0,Summer,Afternoon,0.0289580017142157,0.0505999755112036,1.2246467991473532e-16,-1.0,-0.2588190451025208,-0.9659258262890684,128.3,127.13296094742743
3,31,9E,JFK,509,18,10,6,1,Spring,Evening,0.0033672095016529,0.0272131749724501,1.0,6.123233995736766e-17,-1.0,-1.8369701987210294e-16,83.67,110.9692436713747
2,7,DL,JFK,2422,7,34,3,0,Winter,Morning,0.0062446430757928,0.0113260683237418,0.8660254037844386,0.5000000000000001,0.9659258262890684,-0.2588190451025206,171.52,190.80913392478973
1,4,B6,JFK,2586,19,42,4,0,Winter,Evening,0.0254683482306844,0.0411717889065752,0.4999999999999999,0.8660254037844387,-0.9659258262890684,0.2588190451025203,224.79,202.9959952283033
10,25,EV,LGA,254,18,57,4,0,Fall,Evening,0.000642830904861,0.0070099179625321,-0.8660254037844386,0.5000000000000001,-1.0,-1.8369701987210294e-16,104.19,79.94878099939336
2,7,B6,JFK,1074,5,55,3,0,Winter,Morning,0.0040712623974531,0.0106526264234112,0.8660254037844386,0.5000000000000001,0.9659258262890684,0.2588190451025207,151.77,113.38650103972634
11,24,AA,LGA,1096,19,20,6,1,Fall,Evening,0.0175401004040651,0.0373454144728786,-0.5000000000000004,0.8660254037844384,-0.9659258262890684,0.2588190451025203,202.03,149.46614359898126
3,24,UA,EWR,2454,20,5,6,1,Spring,Evening,0.01432594587976,0.0484572058283335,1.0,6.123233995736766e-17,-0.8660254037844386,0.5000000000000001,194.34,186.01960800594017
2,15,WN,LGA,764,18,18,4,0,Winter,Evening,0.0090608546589935,0.0170503244765519,0.8660254037844386,0.5000000000000001,-1.0,-1.8369701987210294e-16,68.77,92.54477016491677
9,17,UA,EWR,1372,13,41,1,0,Fall,Afternoon,0.0093669646136892,0.0260499571446063,-1.0,-1.8369701987210294e-16,-0.2588190451025208,-0.9659258262890684,86.23,129.69870873740433
10,31,DL,LGA,1076,10,44,3,0,Fall,Morning,0.0121525652014203,0.0362128076405044,-0.8660254037844386,0.5000000000000001,0.4999999999999999,-0.8660254037844387,124.77,115.74573171296453
6,13,9E,JFK,1029,8,6,3,0,Summer,Morning,0.0034590424880617,0.0217950287743357,1.2246467991473532e-16,-1.0,0.8660254037844387,-0.4999999999999998,125.55,145.6240989030947
11,19,MQ,JFK,765,16,29,1,0,Fall,Afternoon,0.0016529937553569,0.0170503244765519,-0.5000000000000004,0.8660254037844384,-0.8660254037844384,-0.5000000000000004,98.92,113.36494087450207
3,13,EV,EWR,199,20,51,2,0,Spring,Evening,0.0052344802252969,0.0294783886371984,1.0,6.123233995736766e-17,-0.8660254037844386,0.5000000000000001,46.54,61.78608148137782
9,17,UA,JFK,2475,14,37,1,0,Fall,Afternoon,0.0341312599485735,0.0484572058283335,-1.0,-1.8369701987210294e-16,-0.4999999999999997,-0.8660254037844388,170.7,177.4088641479634
8,18,B6,LGA,1076,10,51,6,1,Summer,Morning,0.0121525652014203,0.0362128076405044,-0.8660254037844384,-0.5000000000000004,0.4999999999999999,-0.8660254037844387,163.37,144.32309624503256
3,5,DL,JFK,2475,11,53,1,0,Spring,Morning,0.0341312599485735,0.0484572058283335,1.0,6.123233995736766e-17,0.258819045102521,-0.9659258262890682,192.94,182.3612033841219
1,8,AA,JFK,2475,18,59,1,0,Winter,Evening,0.0341312599485735,0.0484572058283335,0.4999999999999999,0.8660254037844387,-1.0,-1.8369701987210294e-16,203.58,198.4353650737835
4,25,B6,JFK,1074,16,38,3,0,Spring,Afternoon,0.0040712623974531,0.0106526264234112,0.8660254037844387,-0.4999999999999998,-0.8660254037844384,-0.5000000000000004,103.54,126.36478783713238
10,18,EV,EWR,746,17,55,4,0,Fall,Evening,0.0156728296804212,0.0505999755112036,-0.8660254037844386,0.5000000000000001,-0.9659258262890684,-0.2588190451025206,84.23,113.01753622362473
3,18,9E,JFK,187,16,7,0,0,Spring,Afternoon,0.0179074323497,0.0449981633402718,1.0,6.123233995736766e-17,-0.8660254037844384,-0.5000000000000004,68.94,83.42156631338307
2,11,B6,JFK,1074,20,10,0,0,Winter,Evening,0.0040712623974531,0.0106526264234112,0.8660254037844386,0.5000000000000001,-0.8660254037844386,0.5000000000000001,113.48,112.17604943117276
4,1,EV,EWR,199,9,23,0,0,Spring,Morning,0.0052344802252969,0.0294783886371984,0.8660254037844387,-0.4999999999999998,0.7071067811865476,-0.7071067811865475,109.4,75.90549644884686
2,28,9E,JFK,184,8,16,3,0,Winter,Morning,0.0039182074201053,0.005938533121097,0.8660254037844386,0.5000000000000001,0.8660254037844387,-0.4999999999999998,84.88,79.846165110735
10,4,UA,JFK,2475,11,22,4,0,Fall,Morning,0.0341312599485735,0.0484572058283335,-0.8660254037844386,0.5000000000000001,0.258819045102521,-0.9659258262890682,226.25,191.8808987959393
4,8,AA,JFK,2475,11,50,0,0,Spring,Morning,0.0341312599485735,0.0484572058283335,0.8660254037844387,-0.4999999999999998,0.258819045102521,-0.9659258262890682,181.91,181.9194772633432
9,20,UA,LGA,733,19,48,4,0,Fall,Evening,0.0245194073711277,0.0486102608056814,-1.0,-1.8369701987210294e-16,-0.9659258262890684,0.2588190451025203,106.47,126.21003825078785
11,17,B6,JFK,1069,20,19,6,1,Fall,Evening,0.0129790620790988,0.0362128076405044,-0.5000000000000004,0.8660254037844384,-0.8660254037844386,0.5000000000000001,110.16,126.93019571502865
11,10,MQ,LGA,431,19,7,6,1,Fall,Evening,0.0108975143871678,0.0245194073711277,-0.5000000000000004,0.8660254037844384,-0.9659258262890684,0.2588190451025203,81.6,96.06764113301634
6,9,US,LGA,544,15,34,6,1,Summer,Afternoon,0.0178462103587608,0.042335006734419,1.2246467991473532e-16,-1.0,-0.7071067811865471,-0.7071067811865479,151.5,124.38422325174079
5,18,DL,JFK,1587,17,7,5,1,Spring,Evening,0.001071384841435,0.0019897147055222,0.4999999999999999,-0.8660254037844387,-0.9659258262890684,-0.2588190451025206,134.96,158.24361073671383
11,13,DL,LGA,762,21,57,2,0,Fall,Night,0.0289580017142157,0.0505999755112036,-0.5000000000000004,0.8660254037844384,-0.7071067811865477,0.7071067811865474,123.76,100.37722697683424
1,16,DL,JFK,760,13,24,2,0,Winter,Afternoon,0.0059691441165666,0.0505999755112036,0.4999999999999999,0.8660254037844387,-0.2588190451025208,-0.9659258262890684,103.76,112.76600173681481
10,3,UA,EWR,2227,12,44,3,0,Fall,Afternoon,0.0058773111301579,0.0178768213542304,-0.8660254037844386,0.5000000000000001,1.2246467991473532e-16,-1.0,171.13,163.18348422521146
10,26,AA,JFK,1089,5,43,5,1,Fall,Morning,0.0105301824415329,0.0373454144728786,-0.8660254037844386,0.5000000000000001,0.9659258262890684,0.2588190451025207,136.15,133.94879708006113
1,30,EV,EWR,488,10,20,2,0,Winter,Morning,0.0088159666952369,0.0272131749724501,0.4999999999999999,0.8660254037844387,0.4999999999999999,-0.8660254037844387,66.07,73.02614192192279
1,15,EV,EWR,872,14,47,1,0,Winter,Afternoon,0.0072241949308191,0.0131627280519162,0.4999999999999999,0.8660254037844387,-0.4999999999999997,-0.8660254037844388,86.39,93.03688383465268
11,28,MQ,LGA,762,8,35,3,0,Fall,Morning,0.0289580017142157,0.0505999755112036,-0.5000000000000004,0.8660254037844384,0.8660254037844387,-0.4999999999999998,86.12,98.00528219425763
10,23,DL,JFK,2248,8,16,2,0,Fall,Morning,0.0119995102240724,0.0178768213542304,-0.8660254037844386,0.5000000000000001,0.8660254037844387,-0.4999999999999998,187.97,184.48690188625216
1,1,MQ,LGA,444,18,40,1,0,Winter,Evening,0.0003673319456348,0.0003673319456348,0.4999999999999999,0.8660254037844387,-1.0,-1.8369701987210294e-16,67.19,81.98865265047914
4,23,DL,LGA,950,19,55,1,0,Spring,Evening,0.0110199583690461,0.0421207297661319,0.8660254037844387,-0.4999999999999998,-0.9659258262890684,0.2588190451025203,109.5,122.02272317321928
9,26,UA,EWR,2454,10,58,3,0,Fall,Morning,0.01432594587976,0.0484572058283335,-1.0,-1.8369701987210294e-16,0.4999999999999999,-0.8660254037844387,149.43,174.19083093898837
1,6,B6,JFK,187,20,56,6,1,Winter,Evening,0.0179074323497,0.0449981633402718,0.4999999999999999,0.8660254037844387,-0.8660254037844386,0.5000000000000001,87.0,95.29742773699724
12,11,B6,JFK,2465,17,25,2,0,Winter,Evening,0.0009489408595567,0.0009489408595567,-2.4492935982947064e-16,1.0,-0.9659258262890684,-0.2588190451025206,236.14,209.86882351551873
5,31,UA,EWR,1400,9,1,4,0,Spring,Morning,0.012458675156116,0.0223154156973184,0.4999999999999999,-0.8660254037844387,0.7071067811865476,-0.7071067811865475,160.79,162.43518993131386
10,27,DL,JFK,1069,16,1,6,1,Fall,Afternoon,0.0129790620790988,0.0362128076405044,-0.8660254037844386,0.5000000000000001,-0.8660254037844384,-0.5000000000000004,153.97,151.2890783652041
1,8,DL,LGA,1096,10,58,1,0,Winter,Morning,0.0175401004040651,0.0373454144728786,0.4999999999999999,0.8660254037844387,0.4999999999999999,-0.8660254037844387,120.12,120.60742991561483
9,30,DL,JFK,1990,19,45,0,0,Fall,Evening,0.0064895310395494,0.0074996938900453,-1.0,-1.8369701987210294e-16,-0.9659258262890684,0.2588190451025203,201.61,173.61731172756328
9,30,UA,EWR,404,18,22,0,0,Fall,Evening,0.0048365372841924,0.0127035631198726,-1.0,-1.8369701987210294e-16,-1.0,-1.8369701987210294e-16,109.51,96.98254995315257
3,5,UA,EWR,1400,15,9,1,0,Spring,Afternoon,0.012458675156116,0.0223154156973184,1.0,6.123233995736766e-17,-0.7071067811865471,-0.7071067811865479,115.98,130.93325846568223
11,12,DL,LGA,1010,11,38,1,0,Fall,Morning,0.0060609771029753,0.0228358026203012,-0.5000000000000004,0.8660254037844384,0.258819045102521,-0.9659258262890682,128.73,117.67017691486429
11,23,EV,EWR,212,12,57,5,1,Fall,Afternoon,0.0036427084608791,0.0163768825762213,-0.5000000000000004,0.8660254037844384,1.2246467991473532e-16,-1.0,71.87,66.89902837178938
1,25,AA,JFK,740,18,14,4,0,Winter,Evening,0.0056936451573405,0.0486102608056814,0.4999999999999999,0.8660254037844387,-1.0,-1.8369701987210294e-16,163.84,146.1754924810699
9,14,B6,JFK,636,7,42,5,1,Fall,Morning,0.0033672095016529,0.0091220766499326,-1.0,-1.8369701987210294e-16,0.9659258262890684,-0.2588190451025206,110.09,103.58487536040158
10,26,UA,LGA,1416,14,57,5,1,Fall,Afternoon,0.0089690216725847,0.0223154156973184,-0.8660254037844386,0.5000000000000001,-0.4999999999999997,-0.8660254037844388,103.67,127.85135820403241
5,17,UA,EWR,1085,20,14,4,0,Spring,Evening,0.0092751316272805,0.0373454144728786,0.4999999999999999,-0.8660254037844387,-0.8660254037844386,0.5000000000000001,106.74,133.1793238441929
1,24,EV,EWR,277,12,47,3,0,Winter,Afternoon,0.0051426472388882,0.0072854169217582,0.4999999999999999,0.8660254037844387,1.2246467991473532e-16,-1.0,91.91,65.52662218019374
3,24,UA,EWR,1065,21,51,6,1,Spring,Night,0.0110811803599853,0.0362128076405044,1.0,6.123233995736766e-17,-0.7071067811865477,0.7071067811865474,153.47,130.16629171767232
7,4,WN,EWR,1605,16,7,3,0,Summer,Afternoon,0.0080506918084976,0.0225296926656054,-0.4999999999999997,-0.8660254037844388,-0.8660254037844384,-0.5000000000000004,143.81,132.70050665057448
8,21,UA,EWR,2425,14,58,2,0,Summer,Afternoon,0.00358148646994,0.0081119137994367,-0.8660254037844384,-0.5000000000000004,-0.4999999999999997,-0.8660254037844388,199.88,198.12065871273484
7,25,MQ,LGA,1147,6,59,3,0,Summer,Morning,0.0019897147055222,0.0026631566058528,-0.4999999999999997,-0.8660254037844388,1.0,6.123233995736766e-17,163.03,144.76620829874756
11,14,B6,JFK,301,16,29,3,0,Fall,Afternoon,0.0109281253826374,0.0149381657891514,-0.5000000000000004,0.8660254037844384,-0.8660254037844384,-0.5000000000000004,75.17,89.75177164949918
3,3,MQ,JFK,427,15,5,6,1,Spring,Afternoon,0.0091832986408718,0.0245194073711277,1.0,6.123233995736766e-17,-0.7071067811865471,-0.7071067811865479,76.67,86.19010817654116
8,28,AA,JFK,1089,9,11,2,0,Summer,Morning,0.0105301824415329,0.0373454144728786,-0.8660254037844384,-0.5000000000000004,0.7071067811865476,-0.7071067811865475,172.46,169.0814011222918
10,10,UA,JFK,2586,11,55,3,0,Fall,Morning,0.0254683482306844,0.0411717889065752,-0.8660254037844386,0.5000000000000001,0.258819045102521,-0.9659258262890682,180.32,184.16355259566393
10,9,UA,EWR,719,15,24,2,0,Fall,Afternoon,0.0183972082772131,0.0486102608056814,-0.8660254037844386,0.5000000000000001,-0.7071067811865471,-0.7071067811865479,105.02,99.36982065531869
11,15,UA,LGA,1620,17,18,4,0,Fall,Evening,0.0119995102240724,0.0225296926656054,-0.5000000000000004,0.8660254037844384,-0.9659258262890684,-0.2588190451025206,159.57,160.26760588539307
3,2,B6,EWR,1065,10,19,5,1,Spring,Morning,0.0110811803599853,0.0362128076405044,1.0,6.123233995736766e-17,0.4999999999999999,-0.8660254037844387,117.68,107.76376602320249
1,5,B6,JFK,1069,12,57,5,1,Winter,Afternoon,0.0129790620790988,0.0362128076405044,0.4999999999999999,0.8660254037844387,1.2246467991473532e-16,-1.0,130.29,114.35816814419287
12,15,EV,EWR,746,21,19,6,1,Winter,Night,0.0156728296804212,0.0505999755112036,-2.4492935982947064e-16,1.0,-0.7071067811865477,0.7071067811865474,125.79,128.32264761446402
4,21,EV,EWR,748,19,54,6,1,Spring,Evening,0.0063364760622015,0.0170503244765519,0.8660254037844387,-0.4999999999999998,-0.9659258262890684,0.2588190451025203,130.8,114.19686741241972
5,31,US,LGA,184,15,50,4,0,Spring,Afternoon,0.0115097342965593,0.0449981633402718,0.4999999999999999,-0.8660254037844387,-0.7071067811865471,-0.7071067811865479,48.13,79.18170369881304
9,9,9E,JFK,184,14,34,0,0,Fall,Afternoon,0.0039182074201053,0.005938533121097,-1.0,-1.8369701987210294e-16,-0.4999999999999997,-0.8660254037844388,72.87,71.15733513986636
1,24,B6,JFK,828,8,33,3,0,Winter,Morning,0.003795763438227,0.0075303048855148,0.4999999999999999,0.8660254037844387,0.8660254037844387,-0.4999999999999998,105.62,114.76349665752868
1,11,UA,EWR,997,7,38,4,0,Winter,Morning,0.00716297293988,0.0228358026203012,0.4999999999999999,0.8660254037844387,0.9659258262890684,-0.2588190451025206,117.72,143.72218429475262
5,27,EV,EWR,284,14,33,0,0,Spring,Afternoon,0.0023876576466266,0.0069793069670625,0.4999999999999999,-0.8660254037844387,-0.4999999999999997,-0.8660254037844388,44.87,64.53633911118527
2,7,UA,JFK,2475,5,57,3,0,Winter,Morning,0.0341312599485735,0.0484572058283335,0.8660254037844386,0.5000000000000001,0.9659258262890684,0.2588190451025207,171.34,171.89493332682105
3,26,DL,LGA,963,10,56,1,0,Spring,Morning,0.0026019346149136,0.0053569242071752,1.0,6.123233995736766e-17,0.4999999999999999,-0.8660254037844387,132.0,116.96423578030459
2,15,UA,EWR,1569,17,24,4,0,Winter,Evening,0.0009183298640871,0.0019897147055222,0.8660254037844386,0.5000000000000001,-0.9659258262890684,-0.2588190451025206,147.16,161.25288602681564
7,18,UA,LGA,1416,14,51,3,0,Summer,Afternoon,0.0089690216725847,0.0223154156973184,-0.4999999999999997,-0.8660254037844388,-0.4999999999999997,-0.8660254037844388,149.72,155.3700797202842
8,24,EV,EWR,569,15,29,5,1,Summer,Afternoon,0.0076833598628627,0.0110199583690461,-0.8660254037844384,-0.5000000000000004,-0.7071067811865471,-0.7071067811865479,89.94,102.86630573022548
3,22,MQ,LGA,764,21,21,4,0,Spring,Night,0.0090608546589935,0.0170503244765519,1.0,6.123233995736766e-17,-0.7071067811865477,0.7071067811865474,89.91,98.42440668700092
8,9,AA,JFK,187,21,11,4,0,Summer,Night,0.0179074323497,0.0449981633402718,-0.8660254037844384,-0.5000000000000004,-0.7071067811865477,0.7071067811865474,142.06,124.5738188427481
9,8,B6,JFK,1028,10,17,6,1,Fall,Morning,0.0047447042977837,0.018978817191135,-1.0,-1.8369701987210294e-16,0.4999999999999999,-0.8660254037844387,123.9,130.62426205636518
3,31,VX,JFK,2475,13,23,6,1,Spring,Afternoon,0.0341312599485735,0.0484572058283335,1.0,6.123233995736766e-17,-0.2588190451025208,-0.9659258262890684,219.72,198.6720045621558
8,20,UA,EWR,719,14,8,1,0,Summer,Afternoon,0.0183972082772131,0.0486102608056814,-0.8660254037844384,-0.5000000000000004,-0.4999999999999997,-0.8660254037844388,125.44,131.37328620794693
11,11,9E,JFK,184,14,45,0,0,Fall,Afternoon,0.0039182074201053,0.005938533121097,-0.5000000000000004,0.8660254037844384,-0.4999999999999997,-0.8660254037844388,58.01,68.6602390152307
12,4,WN,EWR,711,15,50,2,0,Winter,Afternoon,0.0066731970123668,0.0133770050202032,-2.4492935982947064e-16,1.0,-0.7071067811865471,-0.7071067811865479,89.04,93.09707397574034
12,2,AA,LGA,1096,16,52,0,0,Winter,Afternoon,0.0175401004040651,0.0373454144728786,-2.4492935982947064e-16,1.0,-0.8660254037844384,-0.5000000000000004,154.89,153.46720770158038
7,30,B6,JFK,1598,17,13,1,0,Summer,Evening,0.0144177788661687,0.0179686543406391,-0.4999999999999997,-0.8660254037844388,-0.9659258262890684,-0.2588190451025206,170.68,175.8643433571776
10,28,AA,JFK,1089,7,6,0,0,Fall,Morning,0.0105301824415329,0.0373454144728786,-0.8660254037844386,0.5000000000000001,0.9659258262890684,-0.2588190451025206,117.87,143.5413923156106
3,11,DL,JFK,1587,16,50,0,0,Spring,Afternoon,0.001071384841435,0.0019897147055222,1.0,6.123233995736766e-17,-0.8660254037844384,-0.5000000000000004,166.39,160.39474857322998
7,24,B6,LGA,1047,13,23,2,0,Summer,Afternoon,0.0026019346149136,0.0041630953838618,-0.4999999999999997,-0.8660254037844388,-0.2588190451025208,-0.9659258262890684,132.1,129.10611074641486
5,19,DL,LGA,1096,16,1,6,1,Spring,Afternoon,0.0175401004040651,0.0373454144728786,0.4999999999999999,-0.8660254037844387,-0.8660254037844384,-0.5000000000000004,219.35,148.31644578135058
8,2,US,EWR,2133,6,53,4,0,Summer,Morning,0.0085404677360107,0.0139586139341251,-0.8660254037844384,-0.5000000000000004,1.0,6.123233995736766e-17,236.31,209.45030530208925
2,15,DL,LGA,963,11,12,4,0,Winter,Morning,0.0026019346149136,0.0053569242071752,0.8660254037844386,0.5000000000000001,0.258819045102521,-0.9659258262890682,113.52,124.10083171642276
12,1,MQ,JFK,213,10,58,6,1,Winter,Morning,0.0097036855638545,0.0294783886371984,-2.4492935982947064e-16,1.0,0.4999999999999999,-0.8660254037844387,102.53,105.31257079583321
2,28,MQ,LGA,764,21,17,3,0,Winter,Night,0.0090608546589935,0.0170503244765519,0.8660254037844386,0.5000000000000001,-0.7071067811865477,0.7071067811865474,57.57,86.23375970704362
10,2,US,LGA,544,11,18,2,0,Fall,Morning,0.0178462103587608,0.042335006734419,-0.8660254037844386,0.5000000000000001,0.258819045102521,-0.9659258262890682,80.29,82.58075071302403
1,24,EV,EWR,872,7,39,3,0,Winter,Morning,0.0072241949308191,0.0131627280519162,0.4999999999999999,0.8660254037844387,0.9659258262890684,-0.2588190451025206,114.69,104.23033924719174
12,4,MQ,JFK,340,15,7,2,0,Winter,Afternoon,0.004010040406514,0.0087241337088282,-2.4492935982947064e-16,1.0,-0.7071067811865471,-0.7071067811865479,111.56,102.63850458234586
8,22,US,LGA,544,6,24,3,0,Summer,Morning,0.0178462103587608,0.042335006734419,-0.8660254037844384,-0.5000000000000004,1.0,6.123233995736766e-17,103.41,121.80952479941531
8,17,EV,EWR,1092,12,13,5,1,Summer,Afternoon,0.0042855393657401,0.0061528100893841,-0.8660254037844384,-0.5000000000000004,1.2246467991473532e-16,-1.0,113.33,124.53909691294288
3,27,EV,EWR,277,8,40,2,0,Spring,Morning,0.0051426472388882,0.0072854169217582,1.0,6.123233995736766e-17,0.8660254037844387,-0.4999999999999998,39.0,77.81230043325442
8,27,B6,JFK,301,16,39,1,0,Summer,Afternoon,0.0109281253826374,0.0149381657891514,-0.8660254037844384,-0.5000000000000004,-0.8660254037844384,-0.5000000000000004,105.19,118.72117800829618
4,16,EV,EWR,946,16,25,1,0,Spring,Afternoon,0.0027549895922615,0.0053569242071752,0.8660254037844387,-0.4999999999999998,-0.8660254037844384,-0.5000000000000004,88.11,110.26453499000704
5,3,FL,LGA,397,15,14,4,0,Spring,Afternoon,0.0028468225786702,0.0028468225786702,0.4999999999999999,-0.8660254037844387,-0.7071067811865471,-0.7071067811865479,57.78,75.28604792751919
5,10,UA,EWR,2402,9,31,4,0,Spring,Morning,0.005081425247949,0.0113260683237418,0.4999999999999999,-0.8660254037844387,0.7071067811865476,-0.7071067811865475,183.19,200.64016457198997
5,27,US,LGA,544,14,34,0,0,Spring,Afternoon,0.0178462103587608,0.042335006734419,0.4999999999999999,-0.8660254037844387,-0.4999999999999997,-0.8660254037844388,86.45,83.06567695355028
12,18,AA,LGA,1389,8,3,2,0,Winter,Morning,0.0143871678706991,0.0260499571446063,-2.4492935982947064e-16,1.0,0.8660254037844387,-0.4999999999999998,142.43,161.66386531539746
12,7,WN,LGA,725,17,37,5,1,Winter,Evening,0.0067038080078364,0.0133770050202032,-2.4492935982947064e-16,1.0,-0.9659258262890684,-0.2588190451025206,76.22,112.32289944536063
6,7,VX,JFK,2248,9,50,4,0,Summer,Morning,0.0119995102240724,0.0178768213542304,1.2246467991473532e-16,-1.0,0.7071067811865476,-0.7071067811865475,288.53,239.68849245436775
8,16,DL,JFK,760,18,10,4,0,Summer,Evening,0.0059691441165666,0.0505999755112036,-0.8660254037844384,-0.5000000000000004,-1.0,-1.8369701987210294e-16,143.89,158.68679585663335
11,1,MQ,EWR,719,20,0,4,0,Fall,Evening,0.0183972082772131,0.0486102608056814,-0.5000000000000004,0.8660254037844384,-0.8660254037844386,0.5000000000000001,85.65,101.8482516914252
1,17,MQ,EWR,719,16,44,3,0,Winter,Afternoon,0.0183972082772131,0.0486102608056814,0.4999999999999999,0.8660254037844387,-0.8660254037844384,-0.5000000000000004,127.12,99.63189698861623
8,4,US,LGA,544,14,43,6,1,Summer,Afternoon,0.0178462103587608,0.042335006734419,-0.8660254037844384,-0.5000000000000004,-0.4999999999999997,-0.8660254037844388,190.89,122.23361637867761
4,8,UA,EWR,1400,10,44,0,0,Spring,Morning,0.012458675156116,0.0223154156973184,0.8660254037844387,-0.4999999999999998,0.4999999999999999,-0.8660254037844387,110.46,131.8932601034898
8,27,UA,LGA,1416,18,50,1,0,Summer,Evening,0.0089690216725847,0.0223154156973184,-0.8660254037844384,-0.5000000000000004,-1.0,-1.8369701987210294e-16,171.09,165.00280000570166
4,1,DL,LGA,1047,10,51,0,0,Spring,Morning,0.0026019346149136,0.0041630953838618,0.8660254037844387,-0.4999999999999998,0.4999999999999999,-0.8660254037844387,129.37,113.58021687931
10,13,EV,EWR,708,16,41,6,1,Fall,Afternoon,0.002357046651157,0.0026631566058528,-0.8660254037844386,0.5000000000000001,-0.8660254037844384,-0.5000000000000004,144.39,111.68189832091426
6,14,B6,JFK,301,23,38,4,0,Summer,Night,0.0109281253826374,0.0149381657891514,1.2246467991473532e-16,-1.0,-0.2588190451025215,0.965925826289068,104.0,116.46229193861073
12,25,US,JFK,2153,13,10,2,0,Winter,Afternoon,0.0054181461981143,0.0139586139341251,-2.4492935982947064e-16,1.0,-0.2588190451025208,-0.9659258262890684,180.24,187.40985308090245
3,24,UA,JFK,2475,20,19,6,1,Spring,Evening,0.0341312599485735,0.0484572058283335,1.0,6.123233995736766e-17,-0.8660254037844386,0.5000000000000001,200.04,188.4462684368297
5,8,AA,EWR,1372,9,22,2,0,Spring,Morning,0.0093669646136892,0.0260499571446063,0.4999999999999999,-0.8660254037844387,0.7071067811865476,-0.7071067811865475,158.84,147.41190585725786
9,17,9E,JFK,1029,15,54,1,0,Fall,Afternoon,0.0034590424880617,0.0217950287743357,-1.0,-1.8369701987210294e-16,-0.7071067811865471,-0.7071067811865479,105.26,113.03470340774479
2,5,US,LGA,184,14,12,1,0,Winter,Afternoon,0.0115097342965593,0.0449981633402718,0.8660254037844386,0.5000000000000001,-0.4999999999999997,-0.8660254037844388,60.12,69.37063836741294
1,28,DL,LGA,1010,8,8,0,0,Winter,Morning,0.0060609771029753,0.0228358026203012,0.4999999999999999,0.8660254037844387,0.8660254037844387,-0.4999999999999998,100.27,124.94412136268458
5,5,MQ,EWR,719,13,15,6,1,Spring,Afternoon,0.0183972082772131,0.0486102608056814,0.4999999999999999,-0.8660254037844387,-0.2588190451025208,-0.9659258262890684,101.87,98.70306125803233
10,14,UA,EWR,1400,21,4,0,0,Fall,Night,0.012458675156116,0.0223154156973184,-0.8660254037844386,0.5000000000000001,-0.7071067811865477,0.7071067811865474,136.06,131.47876814920397
9,3,WN,LGA,738,7,25,1,0,Fall,Morning,0.0044692053385576,0.0082955797722541,-1.0,-1.8369701987210294e-16,0.9659258262890684,-0.2588190451025206,85.94,86.39626153228737
7,15,UA,EWR,2133,7,8,0,0,Summer,Morning,0.0085404677360107,0.0139586139341251,-0.4999999999999997,-0.8660254037844388,0.9659258262890684,-0.2588190451025206,173.3,197.525430756135
6,24,EV,EWR,946,8,20,0,0,Summer,Morning,0.0027549895922615,0.0053569242071752,1.2246467991473532e-16,-1.0,0.8660254037844387,-0.4999999999999998,132.82,132.6663849334653
7,5,DL,LGA,762,6,54,4,0,Summer,Morning,0.0289580017142157,0.0505999755112036,-0.4999999999999997,-0.8660254037844388,1.0,6.123233995736766e-17,170.04,156.51515446286572
6,15,UA,EWR,404,6,26,5,1,Summer,Morning,0.0048365372841924,0.0127035631198726,1.2246467991473532e-16,-1.0,1.0,6.123233995736766e-17,137.41,121.58137151779603
4,2,EV,EWR,642,21,39,1,0,Spring,Night,0.0024182686420962,0.0029692665605485,0.8660254037844387,-0.4999999999999998,-0.7071067811865477,0.7071067811865474,85.18,83.11545664001407
11,17,B6,JFK,636,14,29,6,1,Fall,Afternoon,0.0033672095016529,0.0091220766499326,-0.5000000000000004,0.8660254037844384,-0.4999999999999997,-0.8660254037844388,117.09,107.23092192988128
6,15,B6,JFK,541,17,0,5,1,Summer,Evening,0.0089996326680543,0.042335006734419,1.2246467991473532e-16,-1.0,-0.9659258262890684,-0.2588190451025206,123.98,129.6632486518351
7,7,DL,JFK,1069,22,9,6,1,Summer,Night,0.0129790620790988,0.0362128076405044,-0.4999999999999997,-0.8660254037844388,-0.5000000000000004,0.8660254037844384,157.01,157.95793790332505
3,22,EV,EWR,872,22,5,4,0,Spring,Night,0.0072241949308191,0.0131627280519162,1.0,6.123233995736766e-17,-0.5000000000000004,0.8660254037844384,106.98,105.14049267078676
10,6,B6,JFK,264,22,55,6,1,Fall,Night,0.0047140933023141,0.0070099179625321,-0.8660254037844386,0.5000000000000001,-0.5000000000000004,0.8660254037844384,90.24,96.29362691184306
2,10,UA,EWR,937,20,1,6,1,Winter,Evening,0.0149075547936818,0.0421207297661319,0.8660254037844386,0.5000000000000001,-0.8660254037844386,0.5000000000000001,155.68,124.73493131647493
5,30,UA,EWR,1023,18,6,3,0,Spring,Evening,0.0067344190033059,0.018978817191135,0.4999999999999999,-0.8660254037844387,-1.0,-1.8369701987210294e-16,167.59,127.84804563964278
2,2,DL,JFK,509,18,31,5,1,Winter,Evening,0.0033672095016529,0.0272131749724501,0.8660254037844386,0.5000000000000001,-1.0,-1.8369701987210294e-16,116.26,112.79905022509278
5,23,UA,EWR,1605,6,39,3,0,Spring,Morning,0.0080506918084976,0.0225296926656054,0.4999999999999999,-0.8660254037844387,1.0,6.123233995736766e-17,127.4,153.46925557284902
7,6,EV,LGA,655,13,0,5,1,Summer,Afternoon,0.0001530549773478,0.0001836659728174,-0.4999999999999997,-0.8660254037844388,-0.2588190451025208,-0.9659258262890684,76.31,92.66257583782439
3,13,EV,EWR,872,8,0,2,0,Spring,Morning,0.0072241949308191,0.0131627280519162,1.0,6.123233995736766e-17,0.8660254037844387,-0.4999999999999998,124.47,102.79929260443129
9,15,EV,EWR,872,21,12,6,1,Fall,Night,0.0072241949308191,0.0131627280519162,-1.0,-1.8369701987210294e-16,-0.7071067811865477,0.7071067811865474,108.74,108.39474736525108
11,7,UA,EWR,1569,20,7,3,0,Fall,Evening,0.0009183298640871,0.0019897147055222,-0.5000000000000004,0.8660254037844384,-0.8660254037844386,0.5000000000000001,151.79,139.2703577141951
2,2,UA,EWR,1023,5,58,5,1,Winter,Morning,0.0067344190033059,0.018978817191135,0.8660254037844386,0.5000000000000001,0.9659258262890684,0.2588190451025207,83.59,112.07178457560353
7,26,DL,LGA,950,8,56,4,0,Summer,Morning,0.0110199583690461,0.0421207297661319,-0.4999999999999997,-0.8660254037844388,0.8660254037844387,-0.4999999999999998,190.06,162.83543614099597
5,28,MQ,LGA,1020,19,17,1,0,Spring,Evening,0.010958736378107,0.0217950287743357,0.4999999999999999,-0.8660254037844387,-0.9659258262890684,0.2588190451025203,113.8,109.29857388199838
12,23,B6,LGA,1080,13,35,0,0,Winter,Afternoon,0.0020203257009917,0.0106526264234112,-2.4492935982947064e-16,1.0,-0.2588190451025208,-0.9659258262890684,115.01,124.34003307735702
7,24,DL,LGA,1096,9,4,2,0,Summer,Morning,0.0175401004040651,0.0373454144728786,-0.4999999999999997,-0.8660254037844388,0.7071067811865476,-0.7071067811865475,138.63,152.61976954162606
3,27,EV,EWR,463,6,22,2,0,Spring,Morning,0.0025407126239745,0.0106526264234112,1.0,6.123233995736766e-17,1.0,6.123233995736766e-17,83.36,81.75826349773723
11,22,DL,LGA,1035,10,11,4,0,Fall,Morning,0.0074996938900453,0.018978817191135,-0.5000000000000004,0.8660254037844384,0.4999999999999999,-0.8660254037844387,125.07,127.19982665455846
5,29,B6,LGA,1076,14,50,2,0,Spring,Afternoon,0.0121525652014203,0.0362128076405044,0.4999999999999999,-0.8660254037844387,-0.4999999999999997,-0.8660254037844388,93.37,105.33793322282429
10,6,UA,JFK,2586,18,32,6,1,Fall,Evening,0.0254683482306844,0.0411717889065752,-0.8660254037844386,0.5000000000000001,-1.0,-1.8369701987210294e-16,195.97,207.35653082157762
10,25,MQ,JFK,427,7,49,4,0,Fall,Morning,0.0091832986408718,0.0245194073711277,-0.8660254037844386,0.5000000000000001,0.9659258262890684,-0.2588190451025206,104.29,105.43905676993205
12,31,B6,JFK,944,16,44,1,0,Winter,Afternoon,0.0161932166034039,0.0421207297661319,-2.4492935982947064e-16,1.0,-0.8660254037844384,-0.5000000000000004,146.43,145.03193636453017
12,19,DL,LGA,1010,20,12,3,0,Winter,Evening,0.0060609771029753,0.0228358026203012,-2.4492935982947064e-16,1.0,-0.8660254037844386,0.5000000000000001,166.1,140.61950231543568
12,10,MQ,JFK,427,15,21,1,0,Winter,Afternoon,0.0091832986408718,0.0245194073711277,-2.4492935982947064e-16,1.0,-0.7071067811865471,-0.7071067811865479,60.05,104.66352044096931
10,14,VX,EWR,2565,17,25,0,0,Fall,Evening,0.0157034406758907,0.0411717889065752,-0.8660254037844386,0.5000000000000001,-0.9659258262890684,-0.2588190451025206,175.58,190.2388831767659
7,31,EV,EWR,1092,14,1,2,0,Summer,Afternoon,0.0042855393657401,0.0061528100893841,-0.4999999999999997,-0.8660254037844388,-0.4999999999999997,-0.8660254037844388,132.74,124.56021866428158
11,3,B6,EWR,997,15,26,6,1,Fall,Afternoon,0.00716297293988,0.0228358026203012,-0.5000000000000004,0.8660254037844384,-0.7071067811865471,-0.7071067811865479,117.67,117.89051909228223
12,4,EV,EWR,946,13,45,2,0,Winter,Afternoon,0.0027549895922615,0.0053569242071752,-2.4492935982947064e-16,1.0,-0.2588190451025208,-0.9659258262890684,109.77,124.81219907999576
2,15,UA,EWR,937,21,6,4,0,Winter,Night,0.0149075547936818,0.0421207297661319,0.8660254037844386,0.5000000000000001,-0.7071067811865477,0.7071067811865474,86.67,124.09967660117951
3,19,UA,JFK,2586,8,16,1,0,Spring,Morning,0.0254683482306844,0.0411717889065752,1.0,6.123233995736766e-17,0.8660254037844387,-0.4999999999999998,208.3,195.07581573502932
8,9,UA,LGA,1620,7,55,4,0,Summer,Morning,0.0119995102240724,0.0225296926656054,-0.8660254037844384,-0.5000000000000004,0.9659258262890684,-0.2588190451025206,200.97,185.3238556754983
11,16,DL,EWR,746,9,0,5,1,Fall,Morning,0.0156728296804212,0.0505999755112036,-0.5000000000000004,0.8660254037844384,0.7071067811865476,-0.7071067811865475,85.06,114.49742182053612
9,15,UA,EWR,2227,17,8,6,1,Fall,Evening,0.0058773111301579,0.0178768213542304,-1.0,-1.8369701987210294e-16,-0.9659258262890684,-0.2588190451025206,195.03,190.9992496377584
4,29,MQ,LGA,762,20,11,0,0,Spring,Evening,0.0289580017142157,0.0505999755112036,0.8660254037844387,-0.4999999999999998,-0.8660254037844386,0.5000000000000001,78.38,87.20454175731194
3,1,MQ,LGA,431,15,59,4,0,Spring,Afternoon,0.0108975143871678,0.0245194073711277,1.0,6.123233995736766e-17,-0.7071067811865471,-0.7071067811865479,83.12,83.70705685039147
8,12,AA,JFK,944,15,6,0,0,Summer,Afternoon,0.0161932166034039,0.0421207297661319,-0.8660254037844384,-0.5000000000000004,-0.7071067811865471,-0.7071067811865479,133.91,147.62149738552708
5,13,EV,EWR,282,10,28,0,0,Spring,Morning,0.0035202644790008,0.0149381657891514,0.4999999999999999,-0.8660254037844387,0.4999999999999999,-0.8660254037844387,58.43,64.64632918320643
1,22,WN,LGA,1620,6,26,1,0,Winter,Morning,0.0119995102240724,0.0225296926656054,0.4999999999999999,0.8660254037844387,1.0,6.123233995736766e-17,145.52,125.45929905895706
11,6,EV,EWR,1008,16,13,2,0,Fall,Afternoon,0.007377249908167,0.0217950287743357,-0.5000000000000004,0.8660254037844384,-0.8660254037844384,-0.5000000000000004,122.12,111.70636229565073
1,20,UA,JFK,2586,18,22,6,1,Winter,Evening,0.0254683482306844,0.0411717889065752,0.4999999999999999,0.8660254037844387,-1.0,-1.8369701987210294e-16,230.53,209.6352584042893
10,19,B6,JFK,2576,17,18,5,1,Fall,Evening,0.0007652748867393,0.0007652748867393,-0.8660254037844386,0.5000000000000001,-0.9659258262890684,-0.2588190451025206,199.72,187.04057716858972
4,4,UA,EWR,2454,15,15,3,0,Spring,Afternoon,0.01432594587976,0.0484572058283335,0.8660254037844387,-0.4999999999999998,-0.7071067811865471,-0.7071067811865479,194.35,174.0831732313303
9,9,WN,LGA,738,19,3,0,0,Fall,Evening,0.0044692053385576,0.0082955797722541,-1.0,-1.8369701987210294e-16,-0.9659258262890684,0.2588190451025203,116.9,86.74275330988311
8,27,DL,EWR,746,17,11,1,0,Summer,Evening,0.0156728296804212,0.0505999755112036,-0.8660254037844384,-0.5000000000000004,-0.9659258262890684,-0.2588190451025206,157.23,142.73011569691622
2,12,UA,EWR,1504,6,33,1,0,Winter,Morning,0.0028774335741398,0.0074996938900453,0.8660254037844386,0.5000000000000001,1.0,6.123233995736766e-17,170.44,144.81836139384816
6,24,EV,EWR,282,6,31,0,0,Summer,Morning,0.0035202644790008,0.0149381657891514,1.2246467991473532e-16,-1.0,1.0,6.123233995736766e-17,98.67,102.81362874196029
5,15,EV,EWR,1134,7,58,2,0,Spring,Morning,0.0022346026692788,0.0025407126239745,0.4999999999999999,-0.8660254037844387,0.9659258262890684,-0.2588190451025206,117.77,118.26795382844671
10,2,AA,LGA,733,19,32,2,0,Fall,Evening,0.0245194073711277,0.0486102608056814,-0.8660254037844386,0.5000000000000001,-0.9659258262890684,0.2588190451025203,103.24,121.89086276742812
12,2,UA,EWR,1085,7,4,0,0,Winter,Morning,0.0092751316272805,0.0373454144728786,-2.4492935982947064e-16,1.0,0.9659258262890684,-0.2588190451025206,188.13,158.49520273871906
12,14,B6,JFK,1069,20,14,5,1,Winter,Evening,0.0129790620790988,0.0362128076405044,-2.4492935982947064e-16,1.0,-0.8660254037844386,0.5000000000000001,114.98,133.26425314617245
5,27,B6,EWR,200,20,37,0,0,Spring,Evening,0.0155809966940124,0.0449981633402718,0.4999999999999999,-0.8660254037844387,-0.8660254037844386,0.5000000000000001,83.73,71.50774238888053
8,18,AA,LGA,888,11,37,6,1,Summer,Morning,0.005938533121097,0.0131627280519162,-0.8660254037844384,-0.5000000000000004,0.258819045102521,-0.9659258262890682,134.28,155.9322505494311
11,4,MQ,JFK,427,14,47,0,0,Fall,Afternoon,0.0091832986408718,0.0245194073711277,-0.5000000000000004,0.8660254037844384,-0.4999999999999997,-0.8660254037844388,93.58,77.96407564897719
9,27,UA,EWR,1605,9,48,4,0,Fall,Morning,0.0080506918084976,0.0225296926656054,-1.0,-1.8369701987210294e-16,0.7071067811865476,-0.7071067811865475,196.7,165.63732714902733
9,26,EV,EWR,872,17,12,3,0,Fall,Evening,0.0072241949308191,0.0131627280519162,-1.0,-1.8369701987210294e-16,-0.9659258262890684,-0.2588190451025206,140.54,102.92850816550826
7,15,DL,JFK,2586,16,18,0,0,Summer,Afternoon,0.0254683482306844,0.0411717889065752,-0.4999999999999997,-0.8660254037844388,-0.8660254037844384,-0.5000000000000004,233.44,225.99538683785212
12,1,EV,EWR,569,14,51,6,1,Winter,Afternoon,0.0076833598628627,0.0110199583690461,-2.4492935982947064e-16,1.0,-0.4999999999999997,-0.8660254037844388,90.29,120.2118381302986
4,4,AA,JFK,1623,7,51,3,0,Spring,Morning,0.0011938288233133,0.0016836047508264,0.8660254037844387,-0.4999999999999998,0.9659258262890684,-0.2588190451025206,150.37,159.65011012830638
12,31,DL,JFK,2475,20,14,1,0,Winter,Evening,0.0341312599485735,0.0484572058283335,-2.4492935982947064e-16,1.0,-0.8660254037844386,0.5000000000000001,181.53,201.64442817446644
5,17,EV,EWR,284,14,3,4,0,Spring,Afternoon,0.0023876576466266,0.0069793069670625,0.4999999999999999,-0.8660254037844387,-0.4999999999999997,-0.8660254037844388,65.39,80.94240474123575
7,19,AA,EWR,1085,17,3,4,0,Summer,Evening,0.0092751316272805,0.0373454144728786,-0.4999999999999997,-0.8660254037844388,-0.9659258262890684,-0.2588190451025206,198.81,172.61026971477557
12,23,B6,JFK,301,7,8,0,0,Winter,Morning,0.0109281253826374,0.0149381657891514,-2.4492935982947064e-16,1.0,0.9659258262890684,-0.2588190451025206,132.53,119.0081318452587
9,7,F9,LGA,1620,17,43,5,1,Fall,Evening,0.0119995102240724,0.0225296926656054,-1.0,-1.8369701987210294e-16,-0.9659258262890684,-0.2588190451025206,110.28,116.07501044711394
10,12,US,JFK,541,17,56,5,1,Fall,Evening,0.0089996326680543,0.042335006734419,-0.8660254037844386,0.5000000000000001,-0.9659258262890684,-0.2588190451025206,95.77,102.98139202095061
4,19,B6,JFK,944,9,24,4,0,Spring,Morning,0.0161932166034039,0.0421207297661319,0.8660254037844387,-0.4999999999999998,0.7071067811865476,-0.7071067811865475,138.24,137.51371024724295
5,4,B6,JFK,2475,20,55,5,1,Spring,Evening,0.0341312599485735,0.0484572058283335,0.4999999999999999,-0.8660254037844387,-0.8660254037844386,0.5000000000000001,129.39,163.49755632263427
7,11,B6,EWR,937,6,50,3,0,Summer,Morning,0.0149075547936818,0.0421207297661319,-0.4999999999999997,-0.8660254037844388,1.0,6.123233995736766e-17,139.68,144.47862954402723
2,19,9E,JFK,427,16,9,1,0,Winter,Afternoon,0.0091832986408718,0.0245194073711277,0.8660254037844386,0.5000000000000001,-0.8660254037844384,-0.5000000000000004,96.11,95.47640857515947
11,15,B6,JFK,944,5,54,4,0,Fall,Morning,0.0161932166034039,0.0421207297661319,-0.5000000000000004,0.8660254037844384,0.9659258262890684,0.2588190451025207,145.61,126.93402347393399
2,24,DL,JFK,2475,12,0,6,1,Winter,Afternoon,0.0341312599485735,0.0484572058283335,0.8660254037844386,0.5000000000000001,1.2246467991473532e-16,-1.0,208.61,195.46261317738708
8,16,UA,EWR,200,10,38,4,0,Summer,Morning,0.0155809966940124,0.0449981633402718,-0.8660254037844384,-0.5000000000000004,0.4999999999999999,-0.8660254037844387,78.34,117.36759927685497
12,6,AA,JFK,2248,16,57,4,0,Winter,Afternoon,0.0119995102240724,0.0178768213542304,-2.4492935982947064e-16,1.0,-0.8660254037844384,-0.5000000000000004,232.98,228.69593684439448
4,30,UA,EWR,1400,8,55,1,0,Spring,Morning,0.012458675156116,0.0223154156973184,0.8660254037844387,-0.4999999999999998,0.8660254037844387,-0.4999999999999998,145.34,143.69904287224097
5,24,DL,LGA,762,17,0,4,0,Spring,Evening,0.0289580017142157,0.0505999755112036,0.4999999999999999,-0.8660254037844387,-0.9659258262890684,-0.2588190451025206,128.18,131.46259775767214
8,21,UA,EWR,2565,20,53,2,0,Summer,Evening,0.0157034406758907,0.0411717889065752,-0.8660254037844384,-0.5000000000000004,-0.8660254037844386,0.5000000000000001,260.98,203.5137938049196
3,8,WN,LGA,738,15,22,4,0,Spring,Afternoon,0.0044692053385576,0.0082955797722541,1.0,6.123233995736766e-17,-0.7071067811865471,-0.7071067811865479,46.07,80.62195482363694
3,31,DL,JFK,2586,9,54,6,1,Spring,Morning,0.0254683482306844,0.0411717889065752,1.0,6.123233995736766e-17,0.7071067811865476,-0.7071067811865475,202.68,216.08310259997674
2,10,DL,LGA,1183,13,49,6,1,Winter,Afternoon,0.0026325456103832,0.0104995714460634,0.8660254037844386,0.5000000000000001,-0.2588190451025208,-0.9659258262890684,159.78,138.0598949571597
9,4,VX,JFK,2475,12,57,2,0,Fall,Afternoon,0.0341312599485735,0.0484572058283335,-1.0,-1.8369701987210294e-16,1.2246467991473532e-16,-1.0,149.65,177.43803164184024
2,12,DL,JFK,1005,18,49,1,0,Winter,Evening,0.0096118525774458,0.0228358026203012,0.8660254037844386,0.5000000000000001,-1.0,-1.8369701987210294e-16,168.82,135.30142650604583
1,15,US,LGA,214,10,55,1,0,Winter,Morning,0.014540222848047,0.0294783886371984,0.4999999999999999,0.8660254037844387,0.4999999999999999,-0.8660254037844387,73.88,70.58497253918343
11,26,UA,EWR,1372,8,20,1,0,Fall,Morning,0.0093669646136892,0.0260499571446063,-0.5000000000000004,0.8660254037844384,0.8660254037844387,-0.4999999999999998,160.84,141.48518642125438
8,30,DL,JFK,1069,15,32,4,0,Summer,Afternoon,0.0129790620790988,0.0362128076405044,-0.8660254037844384,-0.5000000000000004,-0.7071067811865471,-0.7071067811865479,158.95,157.5862157662388
4,30,UA,EWR,200,12,29,1,0,Spring,Afternoon,0.0155809966940124,0.0449981633402718,0.8660254037844387,-0.4999999999999998,1.2246467991473532e-16,-1.0,82.4,82.64743265731732
7,5,UA,EWR,2454,15,21,4,0,Summer,Afternoon,0.01432594587976,0.0484572058283335,-0.4999999999999997,-0.8660254037844388,-0.7071067811865471,-0.7071067811865479,215.42,215.9386680398487
10,22,WN,EWR,1605,15,45,1,0,Fall,Afternoon,0.0080506918084976,0.0225296926656054,-0.8660254037844386,0.5000000000000001,-0.7071067811865471,-0.7071067811865479,119.81,110.4224973615029
1,28,FL,LGA,397,11,38,0,0,Winter,Morning,0.0028468225786702,0.0028468225786702,0.4999999999999999,0.8660254037844387,0.258819045102521,-0.9659258262890682,61.73,65.35621984028451
8,18,DL,JFK,2422,18,59,6,1,Summer,Evening,0.0062446430757928,0.0113260683237418,-0.8660254037844384,-0.5000000000000004,-1.0,-1.8369701987210294e-16,260.11,234.9972526200552
5,29,MQ,LGA,431,10,52,2,0,Spring,Morning,0.0108975143871678,0.0245194073711277,0.4999999999999999,-0.8660254037844387,0.4999999999999999,-0.8660254037844387,57.91,68.69805069621147
8,15,UA,EWR,2565,13,0,3,0,Summer,Afternoon,0.0157034406758907,0.0411717889065752,-0.8660254037844384,-0.5000000000000004,-0.2588190451025208,-0.9659258262890684,197.15,200.16867256041883
10,26,UA,JFK,2586,5,57,5,1,Fall,Morning,0.0254683482306844,0.0411717889065752,-0.8660254037844386,0.5000000000000001,0.9659258262890684,0.2588190451025207,178.25,182.3358073076797
4,8,MQ,LGA,764,9,48,0,0,Spring,Morning,0.0090608546589935,0.0170503244765519,0.8660254037844387,-0.4999999999999998,0.7071067811865476,-0.7071067811865475,112.34,101.70687545132981
5,13,WN,EWR,1411,13,37,0,0,Spring,Afternoon,0.0028468225786702,0.0067650299987755,0.4999999999999999,-0.8660254037844387,-0.2588190451025208,-0.9659258262890684,129.31,103.48710466608777
8,23,AA,LGA,733,20,47,4,0,Summer,Evening,0.0245194073711277,0.0486102608056814,-0.8660254037844384,-0.5000000000000004,-0.8660254037844386,0.5000000000000001,122.7,142.18799210652307
8,18,MQ,LGA,431,21,53,6,1,Summer,Night,0.0108975143871678,0.0245194073711277,-0.8660254037844384,-0.5000000000000004,-0.7071067811865477,0.7071067811865474,115.92,107.52771475738092
7,27,AA,JFK,2586,10,24,5,1,Summer,Morning,0.0254683482306844,0.0411717889065752,-0.4999999999999997,-0.8660254037844388,0.4999999999999999,-0.8660254037844387,251.79,214.20859932020176
6,16,UA,EWR,1372,18,15,6,1,Summer,Evening,0.0093669646136892,0.0260499571446063,1.2246467991473532e-16,-1.0,-1.0,-1.8369701987210294e-16,179.2,181.81855449157965
11,25,US,LGA,544,15,49,0,0,Fall,Afternoon,0.0178462103587608,0.042335006734419,-0.5000000000000004,0.8660254037844384,-0.7071067811865471,-0.7071067811865479,70.66,82.38818672454464
10,9,MQ,LGA,419,11,53,2,0,Fall,Morning,0.0059691441165666,0.0127035631198726,-0.8660254037844386,0.5000000000000001,0.258819045102521,-0.9659258262890682,70.52,72.8247690126572
8,18,UA,EWR,1585,21,20,6,1,Summer,Night,0.0009183298640871,0.0026019346149136,-0.8660254037844384,-0.5000000000000004,-0.7071067811865477,0.7071067811865474,183.97,172.19586108488843
4,20,UA,EWR,1068,9,28,5,1,Spring,Morning,0.0045610383249663,0.0106526264234112,0.8660254037844387,-0.4999999999999998,0.7071067811865476,-0.7071067811865475,121.6,130.12635467709808
11,13,EV,EWR,199,14,26,2,0,Fall,Afternoon,0.0052344802252969,0.0294783886371984,-0.5000000000000004,0.8660254037844384,-0.4999999999999997,-0.8660254037844388,92.59,61.8861324579632
11,7,9E,LGA,764,16,33,3,0,Fall,Afternoon,0.0090608546589935,0.0170503244765519,-0.5000000000000004,0.8660254037844384,-0.8660254037844384,-0.5000000000000004,115.37,100.57181837474774
12,21,AA,JFK,1746,17,57,5,1,Winter,Evening,0.0003061099546957,0.0007652748867393,-2.4492935982947064e-16,1.0,-0.9659258262890684,-0.2588190451025206,195.69,189.50093074752874
11,1,UA,EWR,719,19,5,4,0,Fall,Evening,0.0183972082772131,0.0486102608056814,-0.5000000000000004,0.8660254037844384,-0.9659258262890684,0.2588190451025203,146.9,128.10350059205803
11,30,EV,EWR,594,7,2,5,1,Fall,Morning,0.0021733806783396,0.0025407126239745,-0.5000000000000004,0.8660254037844384,0.9659258262890684,-0.2588190451025206,130.07,96.19398519874439
8,25,B6,JFK,1182,14,37,6,1,Summer,Afternoon,0.004652871311375,0.0104995714460634,-0.8660254037844384,-0.5000000000000004,-0.4999999999999997,-0.8660254037844388,149.89,159.00589027139443
1,14,UA,EWR,2454,9,21,0,0,Winter,Morning,0.01432594587976,0.0484572058283335,0.4999999999999999,0.8660254037844387,0.7071067811865476,-0.7071067811865475,164.12,186.1453097951046
6,29,WN,EWR,711,9,36,5,1,Summer,Morning,0.0066731970123668,0.0133770050202032,1.2246467991473532e-16,-1.0,0.7071067811865476,-0.7071067811865475,126.43,113.04646083675408
10,1,DL,JFK,1089,8,22,1,0,Fall,Morning,0.0105301824415329,0.0373454144728786,-0.8660254037844386,0.5000000000000001,0.8660254037844387,-0.4999999999999998,132.05,140.71688944870147
9,18,EV,JFK,228,14,22,2,0,Fall,Afternoon,0.0076527488673931,0.0163768825762213,-1.0,-1.8369701987210294e-16,-0.4999999999999997,-0.8660254037844388,67.95,66.49899207190454
3,15,EV,EWR,143,16,53,4,0,Spring,Afternoon,0.0011326068323741,0.0011326068323741,1.0,6.123233995736766e-17,-0.8660254037844384,-0.5000000000000004,104.18,83.9335363282025
10,15,EV,EWR,748,6,36,1,0,Fall,Morning,0.0063364760622015,0.0170503244765519,-0.8660254037844386,0.5000000000000001,1.0,6.123233995736766e-17,64.27,100.35194061634942
3,26,DL,JFK,1990,15,39,1,0,Spring,Afternoon,0.0064895310395494,0.0074996938900453,1.0,6.123233995736766e-17,-0.7071067811865471,-0.7071067811865479,140.87,164.3549327454539
6,26,MQ,JFK,427,14,48,2,0,Summer,Afternoon,0.0091832986408718,0.0245194073711277,1.2246467991473532e-16,-1.0,-0.4999999999999997,-0.8660254037844388,72.57,107.67400890597904
1,27,UA,EWR,1023,21,4,6,1,Winter,Night,0.0067344190033059,0.018978817191135,0.4999999999999999,0.8660254037844387,-0.7071067811865477,0.7071067811865474,120.14,129.82347957433544
6,19,AA,LGA,1096,13,49,2,0,Summer,Afternoon,0.0175401004040651,0.0373454144728786,1.2246467991473532e-16,-1.0,-0.2588190451025208,-0.9659258262890684,151.61,149.58458951083747
4,30,EV,EWR,748,14,0,1,0,Spring,Afternoon,0.0063364760622015,0.0170503244765519,0.8660254037844387,-0.4999999999999998,-0.4999999999999997,-0.8660254037844388,94.13,86.35406886389984
10,17,EV,LGA,722,9,11,3,0,Fall,Morning,0.0003061099546957,0.0026631566058528,-0.8660254037844386,0.5000000000000001,0.7071067811865476,-0.7071067811865475,93.77,90.5386506345346
8,13,WN,LGA,738,19,9,1,0,Summer,Evening,0.0044692053385576,0.0082955797722541,-0.8660254037844384,-0.5000000000000004,-0.9659258262890684,0.2588190451025203,83.93,99.42162611121705
4,22,DL,JFK,1182,20,7,0,0,Spring,Evening,0.004652871311375,0.0104995714460634,0.8660254037844387,-0.4999999999999998,-0.8660254037844386,0.5000000000000001,92.32,128.8588158802083
1,28,WN,LGA,725,18,8,0,0,Winter,Evening,0.0067038080078364,0.0133770050202032,0.4999999999999999,0.8660254037844387,-1.0,-1.8369701987210294e-16,76.46,77.72925105094288
5,10,DL,JFK,2586,13,55,4,0,Spring,Afternoon,0.0254683482306844,0.0411717889065752,0.4999999999999999,-0.8660254037844387,-0.2588190451025208,-0.9659258262890684,179.23,203.16153665284386
9,7,UA,EWR,200,13,54,5,1,Fall,Afternoon,0.0155809966940124,0.0449981633402718,-1.0,-1.8369701987210294e-16,-0.2588190451025208,-0.9659258262890684,78.71,83.33498122977475
1,13,UA,EWR,2565,11,2,6,1,Winter,Morning,0.0157034406758907,0.0411717889065752,0.4999999999999999,0.8660254037844387,0.258819045102521,-0.9659258262890682,216.27,187.66218331054148
10,20,B6,JFK,301,18,35,6,1,Fall,Evening,0.0109281253826374,0.0149381657891514,-0.8660254037844386,0.5000000000000001,-1.0,-1.8369701987210294e-16,114.14,107.51283550186803
5,24,US,LGA,96,5,53,4,0,Spring,Morning,0.0018060487327047,0.0042855393657401,0.4999999999999999,-0.8660254037844387,0.9659258262890684,0.2588190451025207,96.59,78.67036217304428
1,10,9E,JFK,340,7,46,3,0,Winter,Morning,0.004010040406514,0.0087241337088282,0.4999999999999999,0.8660254037844387,0.9659258262890684,-0.2588190451025206,94.14,90.87303445692535
12,15,DL,JFK,2475,18,19,6,1,Winter,Evening,0.0341312599485735,0.0484572058283335,-2.4492935982947064e-16,1.0,-1.0,-1.8369701987210294e-16,252.94,231.9494556495219
4,5,EV,LGA,585,13,8,4,0,Spring,Afternoon,0.000857107873148,0.0110199583690461,0.8660254037844387,-0.4999999999999998,-0.2588190451025208,-0.9659258262890684,81.24,84.59581452911596
9,12,UA,EWR,937,8,29,3,0,Fall,Morning,0.0149075547936818,0.0421207297661319,-1.0,-1.8369701987210294e-16,0.8660254037844387,-0.4999999999999998,120.69,123.51221097613552
6,26,EV,EWR,199,23,16,2,0,Summer,Night,0.0052344802252969,0.0294783886371984,1.2246467991473532e-16,-1.0,-0.2588190451025215,0.965925826289068,87.54,85.50466656011042
2,22,MQ,LGA,764,16,17,4,0,Winter,Afternoon,0.0090608546589935,0.0170503244765519,0.8660254037844386,0.5000000000000001,-0.8660254037844384,-0.5000000000000004,120.48,110.97642920824292
5,21,DL,LGA,950,6,49,1,0,Spring,Morning,0.0110199583690461,0.0421207297661319,0.4999999999999999,-0.8660254037844387,1.0,6.123233995736766e-17,118.28,122.99343846925936
12,6,UA,JFK,2586,20,57,4,0,Winter,Evening,0.0254683482306844,0.0411717889065752,-2.4492935982947064e-16,1.0,-0.8660254037844386,0.5000000000000001,239.69,220.07684299458876
3,3,WN,EWR,1411,17,7,6,1,Spring,Evening,0.0028468225786702,0.0067650299987755,1.0,6.123233995736766e-17,-0.9659258262890684,-0.2588190451025206,118.76,123.86619733553323
5,1,EV,LGA,641,8,54,2,0,Spring,Morning,0.0014693277825394,0.0091220766499326,0.4999999999999999,-0.8660254037844387,0.8660254037844387,-0.4999999999999998,86.09,91.3288030597922
3,22,B6,LGA,1076,19,53,4,0,Spring,Evening,0.0121525652014203,0.0362128076405044,1.0,6.123233995736766e-17,-0.9659258262890684,0.2588190451025203,144.56,128.87726120025368
10,11,MQ,JFK,425,14,52,4,0,Fall,Afternoon,0.0018978817191135,0.0127035631198726,-0.8660254037844386,0.5000000000000001,-0.4999999999999997,-0.8660254037844388,61.06,99.85596182600975
3,28,EV,LGA,229,6,0,3,0,Spring,Morning,0.005081425247949,0.0163768825762213,1.0,6.123233995736766e-17,1.0,6.123233995736766e-17,43.57,70.64675736516374
6,8,US,LGA,184,14,50,5,1,Summer,Afternoon,0.0115097342965593,0.0449981633402718,1.2246467991473532e-16,-1.0,-0.4999999999999997,-0.8660254037844388,62.49,92.1146858936711
8,27,VX,JFK,2475,7,12,1,0,Summer,Morning,0.0341312599485735,0.0484572058283335,-0.8660254037844384,-0.5000000000000004,0.9659258262890684,-0.2588190451025206,171.73,216.0025563332797
4,14,EV,EWR,116,13,28,6,1,Spring,Afternoon,0.001499938778009,0.001499938778009,0.8660254037844387,-0.4999999999999998,-0.2588190451025208,-0.9659258262890684,58.57,68.1811420166537
3,16,DL,JFK,1598,16,57,5,1,Spring,Afternoon,0.0144177788661687,0.0179686543406391,1.0,6.123233995736766e-17,-0.8660254037844384,-0.5000000000000004,175.75,159.2531279384326
8,31,US,JFK,2153,6,41,5,1,Summer,Morning,0.0054181461981143,0.0139586139341251,-0.8660254037844384,-0.5000000000000004,1.0,6.123233995736766e-17,182.84,203.506442727212
9,23,DL,JFK,2475,18,14,0,0,Fall,Evening,0.0341312599485735,0.0484572058283335,-1.0,-1.8369701987210294e-16,-1.0,-1.8369701987210294e-16,206.12,194.84609515754164
12,28,UA,EWR,2454,8,7,5,1,Winter,Morning,0.01432594587976,0.0484572058283335,-2.4492935982947064e-16,1.0,0.8660254037844387,-0.4999999999999998,246.18,210.74357576705432
7,16,EV,EWR,1017,19,32,1,0,Summer,Evening,0.000857107873148,0.0011326068323741,-0.4999999999999997,-0.8660254037844388,-0.9659258262890684,0.2588190451025203,161.91,138.06185417146804
5,9,UA,EWR,2227,18,32,3,0,Spring,Evening,0.0058773111301579,0.0178768213542304,0.4999999999999999,-0.8660254037844387,-1.0,-1.8369701987210294e-16,184.71,176.5386601945931
5,9,VX,JFK,2586,13,44,3,0,Spring,Afternoon,0.0254683482306844,0.0411717889065752,0.4999999999999999,-0.8660254037844387,-0.2588190451025208,-0.9659258262890684,205.31,196.6007882525165
6,24,EV,EWR,725,17,4,0,0,Summer,Evening,0.0033672095016529,0.0082955797722541,1.2246467991473532e-16,-1.0,-0.9659258262890684,-0.2588190451025206,118.32,118.23175699192481
1,16,UA,EWR,1065,13,47,2,0,Winter,Afternoon,0.0110811803599853,0.0362128076405044,0.4999999999999999,0.8660254037844387,-0.2588190451025208,-0.9659258262890684,105.32,116.68105185485459
8,1,B6,JFK,2465,13,44,3,0,Summer,Afternoon,0.0020203257009917,0.0020203257009917,-0.8660254037844384,-0.5000000000000004,-0.2588190451025208,-0.9659258262890684,183.16,196.8245080190859
11,4,AA,JFK,1521,17,16,0,0,Fall,Evening,0.0046222603159054,0.0074996938900453,-0.5000000000000004,0.8660254037844384,-0.9659258262890684,-0.2588190451025206,125.91,162.72677662911624
4,9,B6,JFK,301,14,59,1,0,Spring,Afternoon,0.0109281253826374,0.0149381657891514,0.8660254037844387,-0.4999999999999998,-0.4999999999999997,-0.8660254037844388,68.25,80.1744271169417
10,29,AA,JFK,1089,9,23,1,0,Fall,Morning,0.0105301824415329,0.0373454144728786,-0.8660254037844386,0.5000000000000001,0.7071067811865476,-0.7071067811865475,136.32,140.74528910782647
10,31,MQ,LGA,502,22,16,3,0,Fall,Night,0.0150299987755601,0.0272131749724501,-0.8660254037844386,0.5000000000000001,-0.5000000000000004,0.8660254037844384,90.72,77.54473809461057
5,22,US,LGA,184,11,53,2,0,Spring,Morning,0.0115097342965593,0.0449981633402718,0.4999999999999999,-0.8660254037844387,0.258819045102521,-0.9659258262890682,95.47,68.33174336860552
3,4,AA,JFK,1069,15,22,0,0,Spring,Afternoon,0.0129790620790988,0.0362128076405044,1.0,6.123233995736766e-17,-0.7071067811865471,-0.7071067811865479,111.7,117.31553554188672
4,9,DL,JFK,2475,15,58,1,0,Spring,Afternoon,0.0341312599485735,0.0484572058283335,0.8660254037844387,-0.4999999999999998,-0.7071067811865471,-0.7071067811865479,187.2,181.7325705983468
10,3,MQ,LGA,544,9,16,3,0,Fall,Morning,0.0178462103587608,0.042335006734419,-0.8660254037844386,0.5000000000000001,0.7071067811865476,-0.7071067811865475,71.85,88.16321863029575
12,29,DL,EWR,488,17,31,6,1,Winter,Evening,0.0088159666952369,0.0272131749724501,-2.4492935982947064e-16,1.0,-0.9659258262890684,-0.2588190451025206,150.56,141.7476772915213
1,18,B6,JFK,1005,6,37,4,0,Winter,Morning,0.0096118525774458,0.0228358026203012,0.4999999999999999,0.8660254037844387,1.0,6.123233995736766e-17,137.01,137.00745838783686
11,28,EV,JFK,228,15,26,3,0,Fall,Afternoon,0.0076527488673931,0.0163768825762213,-0.5000000000000004,0.8660254037844384,-0.7071067811865471,-0.7071067811865479,39.0,66.7645831737381
2,17,B6,JFK,301,5,55,6,1,Winter,Morning,0.0109281253826374,0.0149381657891514,0.8660254037844386,0.5000000000000001,0.9659258262890684,0.2588190451025207,122.52,97.76355152813929
10,1,US,EWR,2133,13,56,1,0,Fall,Afternoon,0.0085404677360107,0.0139586139341251,-0.8660254037844386,0.5000000000000001,-0.2588190451025208,-0.9659258262890684,140.47,153.58770874083154
5,1,US,LGA,184,5,53,2,0,Spring,Morning,0.0115097342965593,0.0449981633402718,0.4999999999999999,-0.8660254037844387,0.9659258262890684,0.2588190451025207,58.8,68.3586180826174
1,12,AA,LGA,888,15,14,5,1,Winter,Afternoon,0.005938533121097,0.0131627280519162,0.4999999999999999,0.8660254037844387,-0.7071067811865471,-0.7071067811865479,93.69,115.5747123513123
1,1,UA,EWR,2434,18,5,1,0,Winter,Evening,0.0018060487327047,0.0041630953838618,0.4999999999999999,0.8660254037844387,-1.0,-1.8369701987210294e-16,160.08,180.25256011037922
12,12,EV,EWR,799,14,44,3,0,Winter,Afternoon,0.0010407738459654,0.0016836047508264,-2.4492935982947064e-16,1.0,-0.4999999999999997,-0.8660254037844388,107.95,112.57009741725406
6,18,AA,LGA,1389,19,3,1,0,Summer,Evening,0.0143871678706991,0.0260499571446063,1.2246467991473532e-16,-1.0,-0.9659258262890684,0.2588190451025203,156.51,166.23356760267404
3,12,9E,JFK,301,14,38,1,0,Spring,Afternoon,0.0109281253826374,0.0149381657891514,1.0,6.123233995736766e-17,-0.4999999999999997,-0.8660254037844388,86.6,77.59967714442007
3,13,DL,JFK,760,6,9,2,0,Spring,Morning,0.0059691441165666,0.0505999755112036,1.0,6.123233995736766e-17,1.0,6.123233995736766e-17,142.49,126.11052525954928
11,19,DL,JFK,2586,9,54,1,0,Fall,Morning,0.0254683482306844,0.0411717889065752,-0.5000000000000004,0.8660254037844384,0.7071067811865476,-0.7071067811865475,211.34,202.85524099171062
1,21,UA,EWR,1023,18,40,0,0,Winter,Evening,0.0067344190033059,0.018978817191135,0.4999999999999999,0.8660254037844387,-1.0,-1.8369701987210294e-16,114.41,127.86326552137959
3,11,B6,EWR,1065,9,46,0,0,Spring,Morning,0.0110811803599853,0.0362128076405044,1.0,6.123233995736766e-17,0.7071067811865476,-0.7071067811865475,100.32,121.3956264565198
11,20,UA,LGA,419,15,28,2,0,Fall,Afternoon,0.0059691441165666,0.0127035631198726,-0.5000000000000004,0.8660254037844384,-0.7071067811865471,-0.7071067811865479,101.59,83.18255489390525
12,14,AA,EWR,1372,9,41,5,1,Winter,Morning,0.0093669646136892,0.0260499571446063,-2.4492935982947064e-16,1.0,0.7071067811865476,-0.7071067811865475,162.38,169.76052922219003
2,15,US,LGA,214,7,54,4,0,Winter,Morning,0.014540222848047,0.0294783886371984,0.8660254037844386,0.5000000000000001,0.9659258262890684,-0.2588190451025206,124.92,96.63207351298874
3,29,YV,LGA,229,17,23,4,0,Spring,Evening,0.005081425247949,0.0163768825762213,1.0,6.123233995736766e-17,-0.9659258262890684,-0.2588190451025206,97.98,91.33317790037412
12,12,B6,JFK,1428,8,13,3,0,Winter,Morning,0.0025713236194441,0.0067650299987755,-2.4492935982947064e-16,1.0,0.8660254037844387,-0.4999999999999998,170.97,166.28352644968044
7,26,DL,JFK,2248,10,25,4,0,Summer,Morning,0.0119995102240724,0.0178768213542304,-0.4999999999999997,-0.8660254037844388,0.4999999999999999,-0.8660254037844387,200.46,209.82212365402205
10,8,MQ,JFK,425,14,50,1,0,Fall,Afternoon,0.0018978817191135,0.0127035631198726,-0.8660254037844386,0.5000000000000001,-0.4999999999999997,-0.8660254037844388,107.51,83.17723958080406
9,12,AA,LGA,1096,14,29,3,0,Fall,Afternoon,0.0175401004040651,0.0373454144728786,-1.0,-1.8369701987210294e-16,-0.4999999999999997,-0.8660254037844388,165.2,120.39420455121517
4,15,US,LGA,214,7,55,0,0,Spring,Morning,0.014540222848047,0.0294783886371984,0.8660254037844387,-0.4999999999999998,0.9659258262890684,-0.2588190451025206,83.93,83.70802683577269
8,14,DL,JFK,2422,7,27,2,0,Summer,Morning,0.0062446430757928,0.0113260683237418,-0.8660254037844384,-0.5000000000000004,0.9659258262890684,-0.2588190451025206,210.93,214.29055444288906
4,29,AA,LGA,1389,19,20,0,0,Spring,Evening,0.0143871678706991,0.0260499571446063,0.8660254037844387,-0.4999999999999998,-0.9659258262890684,0.2588190451025203,159.69,144.07763549400417
4,18,AA,JFK,2475,0,14,3,0,Spring,Night,0.0341312599485735,0.0484572058283335,0.8660254037844387,-0.4999999999999998,0.0,1.0,156.62,162.47793421113482
11,19,DL,JFK,1089,16,23,1,0,Fall,Afternoon,0.0105301824415329,0.0373454144728786,-0.5000000000000004,0.8660254037844384,-0.8660254037844384,-0.5000000000000004,155.81,139.90952680544788
10,14,EV,LGA,544,17,29,0,0,Fall,Evening,0.0178462103587608,0.042335006734419,-0.8660254037844386,0.5000000000000001,-0.9659258262890684,-0.2588190451025206,84.61,89.60693518954477
9,3,B6,JFK,301,12,29,1,0,Fall,Afternoon,0.0109281253826374,0.0149381657891514,-1.0,-1.8369701987210294e-16,1.2246467991473532e-16,-1.0,82.41,77.7949388058436
7,9,WN,EWR,711,21,41,1,0,Summer,Night,0.0066731970123668,0.0133770050202032,-0.4999999999999997,-0.8660254037844388,-0.7071067811865477,0.7071067811865474,78.47,93.7575074909129
10,21,B6,JFK,2446,16,45,0,0,Fall,Afternoon,0.0045304273294967,0.0081119137994367,-0.8660254037844386,0.5000000000000001,-0.8660254037844384,-0.5000000000000004,162.08,180.10880691962555
12,12,EV,LGA,198,15,23,3,0,Winter,Afternoon,0.0007040528958001,0.0056018121709317,-2.4492935982947064e-16,1.0,-0.7071067811865471,-0.7071067811865479,47.16,76.41141428939974
3,19,UA,EWR,937,9,53,1,0,Spring,Morning,0.0149075547936818,0.0421207297661319,1.0,6.123233995736766e-17,0.7071067811865476,-0.7071067811865475,105.24,124.513642559136
12,14,US,LGA,544,11,17,5,1,Winter,Morning,0.0178462103587608,0.042335006734419,-2.4492935982947064e-16,1.0,0.258819045102521,-0.9659258262890682,99.15,111.96010001935828
8,9,US,LGA,214,8,55,4,0,Summer,Morning,0.014540222848047,0.0294783886371984,-0.8660254037844384,-0.5000000000000004,0.8660254037844387,-0.4999999999999998,122.37,123.59718155579199
10,16,MQ,LGA,502,21,7,2,0,Fall,Night,0.0150299987755601,0.0272131749724501,-0.8660254037844386,0.5000000000000001,-0.7071067811865477,0.7071067811865474,116.82,75.23037034330433
3,5,EV,EWR,277,11,54,1,0,Spring,Morning,0.0051426472388882,0.0072854169217582,1.0,6.123233995736766e-17,0.258819045102521,-0.9659258262890682,78.29,65.7369270088507
3,23,UA,JFK,2475,5,59,5,1,Spring,Morning,0.0341312599485735,0.0484572058283335,1.0,6.123233995736766e-17,0.9659258262890684,0.2588190451025207,160.39,173.0968497246355
7,9,9E,JFK,1029,16,12,1,0,Summer,Afternoon,0.0034590424880617,0.0217950287743357,-0.4999999999999997,-0.8660254037844388,-0.8660254037844384,-0.5000000000000004,161.31,148.63652900730494
7,5,AA,LGA,733,20,46,4,0,Summer,Evening,0.0245194073711277,0.0486102608056814,-0.4999999999999997,-0.8660254037844388,-0.8660254037844386,0.5000000000000001,136.71,142.9793394010447
12,28,B6,JFK,2521,19,28,5,1,Winter,Evening,0.0007040528958001,0.0007040528958001,-2.4492935982947064e-16,1.0,-0.9659258262890684,0.2588190451025203,198.25,203.86538046863046
5,16,DL,JFK,2153,8,18,3,0,Spring,Morning,0.0054181461981143,0.0139586139341251,0.4999999999999999,-0.8660254037844387,0.8660254037844387,-0.4999999999999998,186.34,179.66459410563044
9,23,B6,JFK,944,14,1,0,0,Fall,Afternoon,0.0161932166034039,0.0421207297661319,-1.0,-1.8369701987210294e-16,-0.4999999999999997,-0.8660254037844388,122.01,112.24342763276955
9,26,9E,LGA,738,18,9,3,0,Fall,Evening,0.0044692053385576,0.0082955797722541,-1.0,-1.8369701987210294e-16,-1.0,-1.8369701987210294e-16,87.43,101.6569300977089
9,1,DL,LGA,502,16,20,6,1,Fall,Afternoon,0.0150299987755601,0.0272131749724501,-1.0,-1.8369701987210294e-16,-0.8660254037844384,-0.5000000000000004,137.96,119.53934731524552
8,27,AA,LGA,1389,10,20,1,0,Summer,Morning,0.0143871678706991,0.0260499571446063,-0.8660254037844384,-0.5000000000000004,0.4999999999999999,-0.8660254037844387,138.05,157.4706628996477
9,30,VX,EWR,2565,18,40,0,0,Fall,Evening,0.0157034406758907,0.0411717889065752,-1.0,-1.8369701987210294e-16,-1.0,-1.8369701987210294e-16,191.3,185.006889776413
3,21,B6,JFK,187,14,22,3,0,Spring,Afternoon,0.0179074323497,0.0449981633402718,1.0,6.123233995736766e-17,-0.4999999999999997,-0.8660254037844388,116.03,75.29282505689847
9,9,WN,EWR,711,17,59,0,0,Fall,Evening,0.0066731970123668,0.0133770050202032,-1.0,-1.8369701987210294e-16,-0.9659258262890684,-0.2588190451025206,83.28,85.4196156790201
11,26,US,LGA,214,11,19,1,0,Fall,Morning,0.014540222848047,0.0294783886371984,-0.5000000000000004,0.8660254037844384,0.258819045102521,-0.9659258262890682,90.54,70.28598993571072
2,3,DL,JFK,2446,17,8,6,1,Winter,Evening,0.0045304273294967,0.0081119137994367,0.8660254037844386,0.5000000000000001,-0.9659258262890684,-0.2588190451025206,218.04,208.2642731863525
12,12,B6,JFK,1005,6,29,3,0,Winter,Morning,0.0096118525774458,0.0228358026203012,-2.4492935982947064e-16,1.0,1.0,6.123233995736766e-17,150.88,146.65651378071743
9,11,MQ,JFK,427,20,19,2,0,Fall,Evening,0.0091832986408718,0.0245194073711277,-1.0,-1.8369701987210294e-16,-0.8660254037844386,0.5000000000000001,79.43,79.41085331958433
5,3,UA,EWR,997,6,7,4,0,Spring,Morning,0.00716297293988,0.0228358026203012,0.4999999999999999,-0.8660254037844387,1.0,6.123233995736766e-17,136.23,142.03790492061216
1,19,EV,EWR,282,13,10,5,1,Winter,Afternoon,0.0035202644790008,0.0149381657891514,0.4999999999999999,0.8660254037844387,-0.2588190451025208,-0.9659258262890684,48.94,68.33743712280327
1,1,MQ,LGA,479,12,57,1,0,Winter,Afternoon,0.0059079221256275,0.0106526264234112,0.4999999999999999,0.8660254037844387,1.2246467991473532e-16,-1.0,85.35,74.99868647528612
12,15,DL,JFK,1598,6,57,6,1,Winter,Morning,0.0144177788661687,0.0179686543406391,-2.4492935982947064e-16,1.0,1.0,6.123233995736766e-17,183.0,196.1841463376055
8,10,US,LGA,544,8,35,5,1,Summer,Morning,0.0178462103587608,0.042335006734419,-0.8660254037844384,-0.5000000000000004,0.8660254037844387,-0.4999999999999998,129.59,125.79329864864567
6,5,AA,LGA,1389,5,55,2,0,Summer,Morning,0.0143871678706991,0.0260499571446063,1.2246467991473532e-16,-1.0,0.9659258262890684,0.2588190451025207,168.93,152.5743552456699
3,3,UA,LGA,1416,8,45,6,1,Spring,Morning,0.0089690216725847,0.0223154156973184,1.0,6.123233995736766e-17,0.8660254037844387,-0.4999999999999998,164.55,154.77934964963902
11,10,UA,EWR,719,18,2,6,1,Fall,Evening,0.0183972082772131,0.0486102608056814,-0.5000000000000004,0.8660254037844384,-1.0,-1.8369701987210294e-16,129.92,127.81407888338828
4,18,B6,EWR,200,12,48,3,0,Spring,Afternoon,0.0155809966940124,0.0449981633402718,0.8660254037844387,-0.4999999999999998,1.2246467991473532e-16,-1.0,81.7,70.6546719470481
11,6,EV,EWR,628,19,32,2,0,Fall,Evening,0.0042855393657401,0.0091220766499326,-0.5000000000000004,0.8660254037844384,-0.9659258262890684,0.2588190451025203,86.6,93.78840544463102
12,4,US,LGA,184,14,54,2,0,Winter,Afternoon,0.0115097342965593,0.0449981633402718,-2.4492935982947064e-16,1.0,-0.4999999999999997,-0.8660254037844388,108.42,93.3122331810709
7,3,US,EWR,2133,10,18,2,0,Summer,Morning,0.0085404677360107,0.0139586139341251,-0.4999999999999997,-0.8660254037844388,0.4999999999999999,-0.8660254037844387,147.51,183.36987381714493
6,30,US,LGA,184,18,25,6,1,Summer,Evening,0.0115097342965593,0.0449981633402718,1.2246467991473532e-16,-1.0,-1.0,-1.8369701987210294e-16,114.73,126.00050425396373
5,6,US,LGA,184,19,54,0,0,Spring,Evening,0.0115097342965593,0.0449981633402718,0.4999999999999999,-0.8660254037844387,-0.9659258262890684,0.2588190451025203,42.29,82.1694451104093
10,8,AA,JFK,187,12,48,1,0,Fall,Afternoon,0.0179074323497,0.0449981633402718,-0.8660254037844386,0.5000000000000001,1.2246467991473532e-16,-1.0,65.53,90.58099559387772
3,18,EV,EWR,1134,7,59,0,0,Spring,Morning,0.0022346026692788,0.0025407126239745,1.0,6.123233995736766e-17,0.9659258262890684,-0.2588190451025206,139.34,117.33241126324938
10,28,EV,EWR,533,20,49,0,0,Fall,Evening,0.0026631566058528,0.0036733194563487,-0.8660254037844386,0.5000000000000001,-0.8660254037844386,0.5000000000000001,95.19,78.15649152888314
6,25,DL,LGA,1010,14,27,1,0,Summer,Afternoon,0.0060609771029753,0.0228358026203012,1.2246467991473532e-16,-1.0,-0.4999999999999997,-0.8660254037844388,128.15,138.7348355311121
9,24,EV,EWR,463,12,18,1,0,Fall,Afternoon,0.0025407126239745,0.0106526264234112,-1.0,-1.8369701987210294e-16,1.2246467991473532e-16,-1.0,47.27,69.15875131227045
1,10,EV,EWR,605,15,16,3,0,Winter,Afternoon,0.0021733806783396,0.0022346026692788,0.4999999999999999,0.8660254037844387,-0.7071067811865471,-0.7071067811865479,39.0,82.60310289381252
12,7,B6,JFK,1074,12,9,5,1,Winter,Afternoon,0.0040712623974531,0.0106526264234112,-2.4492935982947064e-16,1.0,1.2246467991473532e-16,-1.0,129.31,140.61451540013732
1,8,DL,LGA,502,12,38,1,0,Winter,Afternoon,0.0150299987755601,0.0272131749724501,0.4999999999999999,0.8660254037844387,1.2246467991473532e-16,-1.0,150.12,91.8739757441061
1,21,MQ,JFK,483,15,30,0,0,Winter,Afternoon,0.0022039916738092,0.0106526264234112,0.4999999999999999,0.8660254037844387,-0.7071067811865471,-0.7071067811865479,97.29,82.58645409771879
7,31,MQ,LGA,431,16,21,2,0,Summer,Afternoon,0.0108975143871678,0.0245194073711277,-0.4999999999999997,-0.8660254037844388,-0.8660254037844384,-0.5000000000000004,97.58,102.3279636287401
4,4,DL,JFK,1990,10,58,3,0,Spring,Morning,0.0064895310395494,0.0074996938900453,0.8660254037844387,-0.4999999999999998,0.4999999999999999,-0.8660254037844387,168.21,160.53359375020574
5,16,B6,EWR,200,11,20,3,0,Spring,Morning,0.0155809966940124,0.0449981633402718,0.4999999999999999,-0.8660254037844387,0.258819045102521,-0.9659258262890682,39.0,69.33299827266242
4,8,AA,JFK,1089,5,48,0,0,Spring,Morning,0.0105301824415329,0.0373454144728786,0.8660254037844387,-0.4999999999999998,0.9659258262890684,0.2588190451025207,120.34,129.94087187628526
12,6,B6,JFK,2446,16,19,4,0,Winter,Afternoon,0.0045304273294967,0.0081119137994367,-2.4492935982947064e-16,1.0,-0.8660254037844384,-0.5000000000000004,221.41,219.6215485378979
8,5,UA,EWR,200,17,0,0,0,Summer,Evening,0.0155809966940124,0.0449981633402718,-0.8660254037844384,-0.5000000000000004,-0.9659258262890684,-0.2588190451025206,112.29,120.64051954987704
1,17,EV,EWR,628,14,16,3,0,Winter,Afternoon,0.0042855393657401,0.0091220766499326,0.4999999999999999,0.8660254037844387,-0.4999999999999997,-0.8660254037844388,93.94,82.0306851737714
1,15,UA,EWR,1605,8,54,1,0,Winter,Morning,0.0080506918084976,0.0225296926656054,0.4999999999999999,0.8660254037844387,0.8660254037844387,-0.4999999999999998,162.93,154.289365505511
11,7,B6,JFK,2248,11,54,3,0,Fall,Morning,0.0119995102240724,0.0178768213542304,-0.5000000000000004,0.8660254037844384,0.258819045102521,-0.9659258262890682,164.32,167.44455299111686
11,24,B6,JFK,944,21,54,6,1,Fall,Night,0.0161932166034039,0.0421207297661319,-0.5000000000000004,0.8660254037844384,-0.7071067811865477,0.7071067811865474,112.77,125.1782198005223
3,15,DL,LGA,762,5,57,4,0,Spring,Morning,0.0289580017142157,0.0505999755112036,1.0,6.123233995736766e-17,0.9659258262890684,0.2588190451025207,133.22,120.96509997152128
4,19,UA,EWR,1023,17,20,4,0,Spring,Evening,0.0067344190033059,0.018978817191135,0.8660254037844387,-0.4999999999999998,-0.9659258262890684,-0.2588190451025206,164.71,144.04005596896772
11,4,B6,JFK,1598,9,27,0,0,Fall,Morning,0.0144177788661687,0.0179686543406391,-0.5000000000000004,0.8660254037844384,0.7071067811865476,-0.7071067811865475,140.96,144.88960267477268
9,15,AA,JFK,2248,6,47,6,1,Fall,Morning,0.0119995102240724,0.0178768213542304,-1.0,-1.8369701987210294e-16,1.0,6.123233995736766e-17,192.92,200.60353148437974
4,17,UA,LGA,1416,5,23,2,0,Spring,Morning,0.0089690216725847,0.0223154156973184,0.8660254037844387,-0.4999999999999998,0.9659258262890684,0.2588190451025207,146.27,135.20661731045382
2,26,B6,JFK,2475,16,41,1,0,Winter,Afternoon,0.0341312599485735,0.0484572058283335,0.8660254037844386,0.5000000000000001,-0.8660254037844384,-0.5000000000000004,182.76,182.14113976749206
4,19,EV,EWR,284,1,19,4,0,Spring,Night,0.0023876576466266,0.0069793069670625,0.8660254037844387,-0.4999999999999998,0.2588190451025207,0.9659258262890684,79.21,72.84527502667555
12,25,WN,LGA,888,18,5,2,0,Winter,Evening,0.005938533121097,0.0131627280519162,-2.4492935982947064e-16,1.0,-1.0,-1.8369701987210294e-16,98.89,112.02014316101145
3,19,DL,JFK,2586,15,28,1,0,Spring,Afternoon,0.0254683482306844,0.0411717889065752,1.0,6.123233995736766e-17,-0.7071067811865471,-0.7071067811865479,226.05,190.45714417304671
12,3,UA,EWR,1023,13,59,1,0,Winter,Afternoon,0.0067344190033059,0.018978817191135,-2.4492935982947064e-16,1.0,-0.2588190451025208,-0.9659258262890684,145.87,139.45811014582821
2,26,UA,EWR,1504,14,54,1,0,Winter,Afternoon,0.0028774335741398,0.0074996938900453,0.8660254037844386,0.5000000000000001,-0.4999999999999997,-0.8660254037844388,142.32,133.26807289864217
5,24,VX,JFK,2475,9,21,4,0,Spring,Morning,0.0341312599485735,0.0484572058283335,0.4999999999999999,-0.8660254037844387,0.7071067811865476,-0.7071067811865475,253.69,210.68707439394586
7,12,UA,EWR,1504,21,33,4,0,Summer,Night,0.0028774335741398,0.0074996938900453,-0.4999999999999997,-0.8660254037844388,-0.7071067811865477,0.7071067811865474,174.43,172.89891461861592
5,8,B6,JFK,1069,9,27,2,0,Spring,Morning,0.0129790620790988,0.0362128076405044,0.4999999999999999,-0.8660254037844387,0.7071067811865476,-0.7071067811865475,107.53,126.52100879406655
3,29,WN,LGA,1620,12,38,4,0,Spring,Afternoon,0.0119995102240724,0.0225296926656054,1.0,6.123233995736766e-17,1.2246467991473532e-16,-1.0,115.5,119.469282971746
11,13,9E,JFK,340,19,12,2,0,Fall,Evening,0.004010040406514,0.0087241337088282,-0.5000000000000004,0.8660254037844384,-0.9659258262890684,0.2588190451025203,90.39,90.30519167141354
4,24,EV,EWR,946,14,0,2,0,Spring,Afternoon,0.0027549895922615,0.0053569242071752,0.8660254037844387,-0.4999999999999998,-0.4999999999999997,-0.8660254037844388,64.32,97.04967328069732
2,18,DL,JFK,2586,15,27,0,0,Winter,Afternoon,0.0254683482306844,0.0411717889065752,0.8660254037844386,0.5000000000000001,-0.7071067811865471,-0.7071067811865479,196.31,187.9799508531214
11,12,9E,JFK,288,19,32,1,0,Fall,Evening,0.0006734419003305,0.0072854169217582,-0.5000000000000004,0.8660254037844384,-0.9659258262890684,0.2588190451025203,80.5,89.62201590000761
8,19,DL,LGA,1096,15,39,0,0,Summer,Afternoon,0.0175401004040651,0.0373454144728786,-0.8660254037844384,-0.5000000000000004,-0.7071067811865471,-0.7071067811865479,160.07,143.219278961371
12,3,B6,JFK,1028,5,53,1,0,Winter,Morning,0.0047447042977837,0.018978817191135,-2.4492935982947064e-16,1.0,0.9659258262890684,0.2588190451025207,85.71,138.20569808997928
5,7,B6,JFK,1028,13,27,1,0,Spring,Afternoon,0.0047447042977837,0.018978817191135,0.4999999999999999,-0.8660254037844387,-0.2588190451025208,-0.9659258262890684,88.61,113.72881306904046
9,24,B6,JFK,301,22,48,1,0,Fall,Night,0.0109281253826374,0.0149381657891514,-1.0,-1.8369701987210294e-16,-0.5000000000000004,0.8660254037844384,49.17,77.57633232178331
10,15,UA,EWR,1085,12,55,1,0,Fall,Afternoon,0.0092751316272805,0.0373454144728786,-0.8660254037844386,0.5000000000000001,1.2246467991473532e-16,-1.0,101.24,119.52998132589025
11,21,UA,EWR,1085,9,35,3,0,Fall,Morning,0.0092751316272805,0.0373454144728786,-0.5000000000000004,0.8660254037844384,0.7071067811865476,-0.7071067811865475,128.9,129.97528212623823
9,11,US,EWR,529,6,26,2,0,Fall,Morning,0.0154891637076037,0.042335006734419,-1.0,-1.8369701987210294e-16,1.0,6.123233995736766e-17,91.96,100.01658150677216
11,29,AA,LGA,1389,15,39,4,0,Fall,Afternoon,0.0143871678706991,0.0260499571446063,-0.5000000000000004,0.8660254037844384,-0.7071067811865471,-0.7071067811865479,142.5,150.5021824121919
4,7,B6,JFK,944,14,3,6,1,Spring,Afternoon,0.0161932166034039,0.0421207297661319,0.8660254037844387,-0.4999999999999998,-0.4999999999999997,-0.8660254037844388,128.64,128.0712278260591
6,29,UA,EWR,719,6,47,5,1,Summer,Morning,0.0183972082772131,0.0486102608056814,1.2246467991473532e-16,-1.0,1.0,6.123233995736766e-17,144.54,144.07487121694987
11,27,MQ,JFK,589,16,10,2,0,Fall,Afternoon,0.0024794906330353,0.0110199583690461,-0.5000000000000004,0.8660254037844384,-0.8660254037844384,-0.5000000000000004,86.31,101.23280399285412
11,25,EV,LGA,461,11,45,0,0,Fall,Morning,0.0015305497734786,0.0046222603159054,-0.5000000000000004,0.8660254037844384,0.258819045102521,-0.9659258262890682,80.48,68.00031767710307
4,22,WN,EWR,1167,18,27,0,0,Spring,Evening,0.0032141545243051,0.0104995714460634,0.8660254037844387,-0.4999999999999998,-1.0,-1.8369701987210294e-16,115.44,106.20562913037901
10,2,B6,JFK,187,12,43,2,0,Fall,Afternoon,0.0179074323497,0.0449981633402718,-0.8660254037844386,0.5000000000000001,1.2246467991473532e-16,-1.0,86.38,74.02365986118636
12,17,UA,JFK,2475,14,45,1,0,Winter,Afternoon,0.0341312599485735,0.0484572058283335,-2.4492935982947064e-16,1.0,-0.4999999999999997,-0.8660254037844388,212.92,202.29390282260243
3,26,UA,EWR,1023,11,1,1,0,Spring,Morning,0.0067344190033059,0.018978817191135,1.0,6.123233995736766e-17,0.258819045102521,-0.9659258262890682,121.48,115.58625051809413
7,4,VX,JFK,2586,18,47,3,0,Summer,Evening,0.0254683482306844,0.0411717889065752,-0.4999999999999997,-0.8660254037844388,-1.0,-1.8369701987210294e-16,259.47,237.5175641123535
3,3,AA,LGA,888,15,49,6,1,Spring,Afternoon,0.005938533121097,0.0131627280519162,1.0,6.123233995736766e-17,-0.7071067811865471,-0.7071067811865479,127.35,126.2372978880014
5,8,AA,LGA,733,10,5,2,0,Spring,Morning,0.0245194073711277,0.0486102608056814,0.4999999999999999,-0.8660254037844387,0.4999999999999999,-0.8660254037844387,102.43,104.4580822131198
10,30,MQ,LGA,419,8,3,2,0,Fall,Morning,0.0059691441165666,0.0127035631198726,-0.8660254037844386,0.5000000000000001,0.8660254037844387,-0.4999999999999998,68.96,81.93987543276408
8,19,AA,EWR,1372,14,56,0,0,Summer,Afternoon,0.0093669646136892,0.0260499571446063,-0.8660254037844384,-0.5000000000000004,-0.4999999999999997,-0.8660254037844388,139.23,159.2925080212937
6,15,AA,JFK,1598,15,20,5,1,Summer,Afternoon,0.0144177788661687,0.0179686543406391,1.2246467991473532e-16,-1.0,-0.7071067811865471,-0.7071067811865479,140.73,167.8063373019196
8,22,EV,EWR,645,15,25,3,0,Summer,Afternoon,0.0041937063793314,0.0066119750214276,-0.8660254037844384,-0.5000000000000004,-0.7071067811865471,-0.7071067811865479,90.43,104.86854607763163
6,13,UA,EWR,1504,22,25,3,0,Summer,Night,0.0028774335741398,0.0074996938900453,1.2246467991473532e-16,-1.0,-0.5000000000000004,0.8660254037844384,157.96,160.89940469293197
2,1,US,EWR,529,6,40,4,0,Winter,Morning,0.0154891637076037,0.042335006734419,0.8660254037844386,0.5000000000000001,1.0,6.123233995736766e-17,122.87,117.02802782215636
1,18,UA,EWR,1372,20,34,4,0,Winter,Evening,0.0093669646136892,0.0260499571446063,0.4999999999999999,0.8660254037844387,-0.8660254037844386,0.5000000000000001,147.2,146.23695540019537
1,4,US,EWR,529,13,9,4,0,Winter,Afternoon,0.0154891637076037,0.042335006734419,0.4999999999999999,0.8660254037844387,-0.2588190451025208,-0.9659258262890684,96.69,103.8923560828527
7,11,US,LGA,184,6,40,3,0,Summer,Morning,0.0115097342965593,0.0449981633402718,-0.4999999999999997,-0.8660254037844388,1.0,6.123233995736766e-17,116.81,106.82835297693738
3,30,US,LGA,544,8,36,5,1,Spring,Morning,0.0178462103587608,0.042335006734419,1.0,6.123233995736766e-17,0.8660254037844387,-0.4999999999999998,101.71,100.06500850399503
2,10,DL,LGA,502,11,9,6,1,Winter,Morning,0.0150299987755601,0.0272131749724501,0.8660254037844386,0.5000000000000001,0.258819045102521,-0.9659258262890682,97.41,103.47963706871073
11,2,9E,LGA,1389,16,50,5,1,Fall,Afternoon,0.0143871678706991,0.0260499571446063,-0.5000000000000004,0.8660254037844384,-0.8660254037844384,-0.5000000000000004,110.74,129.39266936995944
3,3,UA,EWR,937,9,56,6,1,Spring,Morning,0.0149075547936818,0.0421207297661319,1.0,6.123233995736766e-17,0.7071067811865476,-0.7071067811865475,157.29,140.63567087367167
6,21,AA,LGA,888,11,39,4,0,Summer,Morning,0.005938533121097,0.0131627280519162,1.2246467991473532e-16,-1.0,0.258819045102521,-0.9659258262890682,143.67,154.98862141789002
5,22,B6,EWR,200,8,30,2,0,Spring,Morning,0.0155809966940124,0.0449981633402718,0.4999999999999999,-0.8660254037844387,0.8660254037844387,-0.4999999999999998,51.41,83.93333420852261
7,10,UA,EWR,2425,14,49,2,0,Summer,Afternoon,0.00358148646994,0.0081119137994367,-0.4999999999999997,-0.8660254037844388,-0.4999999999999997,-0.8660254037844388,199.52,198.9583842649259
1,23,MQ,LGA,1020,14,13,2,0,Winter,Afternoon,0.010958736378107,0.0217950287743357,0.4999999999999999,0.8660254037844387,-0.4999999999999997,-0.8660254037844388,104.85,98.23237597608814
3,15,EV,EWR,1008,15,31,4,0,Spring,Afternoon,0.007377249908167,0.0217950287743357,1.0,6.123233995736766e-17,-0.7071067811865471,-0.7071067811865479,88.71,111.98925312412844
1,21,AA,LGA,1389,8,29,0,0,Winter,Morning,0.0143871678706991,0.0260499571446063,0.4999999999999999,0.8660254037844387,0.8660254037844387,-0.4999999999999998,133.55,141.81473953342
4,18,MQ,EWR,719,11,19,3,0,Spring,Morning,0.0183972082772131,0.0486102608056814,0.8660254037844387,-0.4999999999999998,0.258819045102521,-0.9659258262890682,58.34,85.58529047683945
2,27,MQ,JFK,213,9,43,2,0,Winter,Morning,0.0097036855638545,0.0294783886371984,0.8660254037844386,0.5000000000000001,0.7071067811865476,-0.7071067811865475,108.83,81.00766675739749
11,9,WN,LGA,1620,13,40,5,1,Fall,Afternoon,0.0119995102240724,0.0225296926656054,-0.5000000000000004,0.8660254037844384,-0.2588190451025208,-0.9659258262890684,126.78,108.37217000197809
2,12,EV,EWR,445,19,53,1,0,Winter,Evening,0.0030917105424268,0.0046222603159054,0.8660254037844386,0.5000000000000001,-0.9659258262890684,0.2588190451025203,77.0,81.2608917906557
6,28,DL,JFK,2422,14,59,4,0,Summer,Afternoon,0.0062446430757928,0.0113260683237418,1.2246467991473532e-16,-1.0,-0.4999999999999997,-0.8660254037844388,234.49,216.92499102820415
3,13,B6,JFK,1074,19,27,2,0,Spring,Evening,0.0040712623974531,0.0106526264234112,1.0,6.123233995736766e-17,-0.9659258262890684,0.2588190451025203,83.27,125.04721689085322
11,21,WN,LGA,738,12,48,3,0,Fall,Afternoon,0.0044692053385576,0.0082955797722541,-0.5000000000000004,0.8660254037844384,1.2246467991473532e-16,-1.0,45.69,72.61475968120179
4,23,DL,JFK,1069,8,2,1,0,Spring,Morning,0.0129790620790988,0.0362128076405044,0.8660254037844387,-0.4999999999999998,0.8660254037844387,-0.4999999999999998,121.93,137.33972086463672
6,19,VX,EWR,2565,17,31,2,0,Summer,Evening,0.0157034406758907,0.0411717889065752,1.2246467991473532e-16,-1.0,-0.9659258262890684,-0.2588190451025206,193.93,220.6194688904564
3,3,EV,EWR,529,12,33,6,1,Spring,Afternoon,0.0154891637076037,0.042335006734419,1.0,6.123233995736766e-17,1.2246467991473532e-16,-1.0,114.48,91.26390794980361
8,8,AA,LGA,1096,21,22,3,0,Summer,Night,0.0175401004040651,0.0373454144728786,-0.8660254037844384,-0.5000000000000004,-0.7071067811865477,0.7071067811865474,176.98,149.4972965425148
1,17,US,JFK,541,18,39,3,0,Winter,Evening,0.0089996326680543,0.042335006734419,0.4999999999999999,0.8660254037844387,-1.0,-1.8369701987210294e-16,81.68,106.54775865494234
9,29,DL,JFK,1990,6,55,6,1,Fall,Morning,0.0064895310395494,0.0074996938900453,-1.0,-1.8369701987210294e-16,1.0,6.123233995736766e-17,171.56,185.83503486371762
3,4,F9,LGA,1620,17,32,0,0,Spring,Evening,0.0119995102240724,0.0225296926656054,1.0,6.123233995736766e-17,-0.9659258262890684,-0.2588190451025206,125.39,127.2673439271345
12,17,EV,LGA,963,11,2,1,0,Winter,Morning,0.0026019346149136,0.0053569242071752,-2.4492935982947064e-16,1.0,0.258819045102521,-0.9659258262890682,151.87,120.38035800784849
12,6,B6,JFK,301,22,46,4,0,Winter,Night,0.0109281253826374,0.0149381657891514,-2.4492935982947064e-16,1.0,-0.5000000000000004,0.8660254037844384,100.72,120.07941912017169
3,20,9E,JFK,94,13,35,2,0,Spring,Afternoon,0.0024794906330353,0.0042855393657401,1.0,6.123233995736766e-17,-0.2588190451025208,-0.9659258262890684,68.09,67.03725017259677
5,22,B6,JFK,1428,14,44,2,0,Spring,Afternoon,0.0025713236194441,0.0067650299987755,0.4999999999999999,-0.8660254037844387,-0.4999999999999997,-0.8660254037844388,171.75,131.77762021106702
1,3,DL,JFK,1990,12,28,3,0,Winter,Afternoon,0.0064895310395494,0.0074996938900453,0.4999999999999999,0.8660254037844387,1.2246467991473532e-16,-1.0,138.68,161.37312655278225
8,5,WN,LGA,764,18,42,0,0,Summer,Evening,0.0090608546589935,0.0170503244765519,-0.8660254037844384,-0.5000000000000004,-1.0,-1.8369701987210294e-16,80.01,96.51677552066579
3,12,AA,LGA,1389,13,31,1,0,Spring,Afternoon,0.0143871678706991,0.0260499571446063,1.0,6.123233995736766e-17,-0.2588190451025208,-0.9659258262890684,122.7,131.62408369897565
7,23,AA,EWR,1085,18,48,1,0,Summer,Evening,0.0092751316272805,0.0373454144728786,-0.4999999999999997,-0.8660254037844388,-1.0,-1.8369701987210294e-16,154.73,160.07600365571136
3,24,B6,EWR,200,16,48,6,1,Spring,Afternoon,0.0155809966940124,0.0449981633402718,1.0,6.123233995736766e-17,-0.8660254037844384,-0.5000000000000004,116.2,97.57973959829269
11,1,WN,LGA,725,10,14,4,0,Fall,Morning,0.0067038080078364,0.0133770050202032,-0.5000000000000004,0.8660254037844384,0.4999999999999999,-0.8660254037844387,79.04,80.48076261475609
10,12,DL,JFK,2248,8,26,5,1,Fall,Morning,0.0119995102240724,0.0178768213542304,-0.8660254037844386,0.5000000000000001,0.8660254037844387,-0.4999999999999998,153.53,183.51320428211335
3,2,FL,LGA,762,13,4,5,1,Spring,Afternoon,0.0289580017142157,0.0505999755112036,1.0,6.123233995736766e-17,-0.2588190451025208,-0.9659258262890684,83.95,65.68800825480824
10,5,B6,JFK,2465,17,56,5,1,Fall,Evening,0.0009489408595567,0.0009489408595567,-0.8660254037844386,0.5000000000000001,-0.9659258262890684,-0.2588190451025206,165.95,185.15054911052846
11,22,AA,LGA,1389,14,1,4,0,Fall,Afternoon,0.0143871678706991,0.0260499571446063,-0.5000000000000004,0.8660254037844384,-0.4999999999999997,-0.8660254037844388,164.19,146.3184863024516
7,21,B6,JFK,301,8,12,6,1,Summer,Morning,0.0109281253826374,0.0149381657891514,-0.4999999999999997,-0.8660254037844388,0.8660254037844387,-0.4999999999999998,126.74,131.06987368072018
8,17,MQ,LGA,764,9,45,5,1,Summer,Morning,0.0090608546589935,0.0170503244765519,-0.8660254037844384,-0.5000000000000004,0.7071067811865476,-0.7071067811865475,113.38,121.9318893146856
5,21,US,LGA,184,13,54,1,0,Spring,Afternoon,0.0115097342965593,0.0449981633402718,0.4999999999999999,-0.8660254037844387,-0.2588190451025208,-0.9659258262890684,85.74,70.788217144957
4,17,DL,JFK,1598,16,58,2,0,Spring,Afternoon,0.0144177788661687,0.0179686543406391,0.8660254037844387,-0.4999999999999998,-0.8660254037844384,-0.5000000000000004,168.33,160.88013369359945
7,2,EV,LGA,378,14,38,1,0,Summer,Afternoon,0.001285661809722,0.001285661809722,-0.4999999999999997,-0.8660254037844388,-0.4999999999999997,-0.8660254037844388,99.14,85.34279986066939
9,5,EV,EWR,1167,12,46,3,0,Fall,Afternoon,0.0032141545243051,0.0104995714460634,-1.0,-1.8369701987210294e-16,1.2246467991473532e-16,-1.0,74.81,105.6560054067798
3,1,EV,EWR,1008,6,6,4,0,Spring,Morning,0.007377249908167,0.0217950287743357,1.0,6.123233995736766e-17,1.0,6.123233995736766e-17,140.04,126.48423883456027
8,1,EV,EWR,872,14,30,3,0,Summer,Afternoon,0.0072241949308191,0.0131627280519162,-0.8660254037844384,-0.5000000000000004,-0.4999999999999997,-0.8660254037844388,104.6,116.56968899515289
9,5,EV,EWR,1008,6,25,3,0,Fall,Morning,0.007377249908167,0.0217950287743357,-1.0,-1.8369701987210294e-16,1.0,6.123233995736766e-17,114.12,111.07779040493554
10,21,UA,EWR,1023,9,19,0,0,Fall,Morning,0.0067344190033059,0.018978817191135,-0.8660254037844386,0.5000000000000001,0.7071067811865476,-0.7071067811865475,96.76,125.27274772962623
12,10,WN,LGA,764,18,55,1,0,Winter,Evening,0.0090608546589935,0.0170503244765519,-2.4492935982947064e-16,1.0,-1.0,-1.8369701987210294e-16,108.91,106.34790123014452
5,23,AA,JFK,2475,8,4,3,0,Spring,Morning,0.0341312599485735,0.0484572058283335,0.4999999999999999,-0.8660254037844387,0.8660254037844387,-0.4999999999999998,182.37,197.55711606541172
11,12,DL,LGA,762,15,58,1,0,Fall,Afternoon,0.0289580017142157,0.0505999755112036,-0.5000000000000004,0.8660254037844384,-0.7071067811865471,-0.7071067811865479,84.19,104.34118499123288
6,3,EV,EWR,488,20,10,0,0,Summer,Evening,0.0088159666952369,0.0272131749724501,1.2246467991473532e-16,-1.0,-0.8660254037844386,0.5000000000000001,104.26,101.17327675388884
4,15,B6,JFK,2586,7,28,0,0,Spring,Morning,0.0254683482306844,0.0411717889065752,0.8660254037844387,-0.4999999999999998,0.9659258262890684,-0.2588190451025206,179.02,188.73104784429367
9,8,US,JFK,541,18,30,6,1,Fall,Evening,0.0089996326680543,0.042335006734419,-1.0,-1.8369701987210294e-16,-1.0,-1.8369701987210294e-16,115.11,116.85095121970954
3,10,B6,JFK,1521,13,0,6,1,Spring,Afternoon,0.0046222603159054,0.0074996938900453,1.0,6.123233995736766e-17,-0.2588190451025208,-0.9659258262890684,162.34,151.46675289465418
12,29,9E,JFK,187,21,50,6,1,Winter,Night,0.0179074323497,0.0449981633402718,-2.4492935982947064e-16,1.0,-0.7071067811865477,0.7071067811865474,97.25,117.90528164429907
1,4,UA,JFK,2586,7,8,4,0,Winter,Morning,0.0254683482306844,0.0411717889065752,0.4999999999999999,0.8660254037844387,0.9659258262890684,-0.2588190451025206,223.38,210.8877404677554
4,5,UA,EWR,200,12,8,4,0,Spring,Afternoon,0.0155809966940124,0.0449981633402718,0.8660254037844387,-0.4999999999999998,1.2246467991473532e-16,-1.0,97.4,95.93175920132418
2,20,UA,LGA,733,17,57,2,0,Winter,Evening,0.0245194073711277,0.0486102608056814,0.8660254037844386,0.5000000000000001,-0.9659258262890684,-0.2588190451025206,98.88,112.08235344838934
10,10,MQ,EWR,719,7,34,3,0,Fall,Morning,0.0183972082772131,0.0486102608056814,-0.8660254037844386,0.5000000000000001,0.9659258262890684,-0.2588190451025206,114.75,101.09258938066591
6,23,DL,LGA,502,7,26,6,1,Summer,Morning,0.0150299987755601,0.0272131749724501,1.2246467991473532e-16,-1.0,0.9659258262890684,-0.2588190451025206,126.48,138.91047513841937
10,19,AA,JFK,187,12,45,5,1,Fall,Afternoon,0.0179074323497,0.0449981633402718,-0.8660254037844386,0.5000000000000001,1.2246467991473532e-16,-1.0,75.48,90.77982764344361
8,28,B6,JFK,2521,19,58,2,0,Summer,Evening,0.0007040528958001,0.0007040528958001,-0.8660254037844384,-0.5000000000000004,-0.9659258262890684,0.2588190451025203,251.83,221.80799689979443
8,15,B6,JFK,301,7,42,3,0,Summer,Morning,0.0109281253826374,0.0149381657891514,-0.8660254037844384,-0.5000000000000004,0.9659258262890684,-0.2588190451025206,99.11,118.73902178473247
4,21,WN,LGA,725,18,10,6,1,Spring,Evening,0.0067038080078364,0.0133770050202032,0.8660254037844387,-0.4999999999999998,-1.0,-1.8369701987210294e-16,51.44,88.26172909527473
4,18,UA,EWR,200,19,3,3,0,Spring,Evening,0.0155809966940124,0.0449981633402718,0.8660254037844387,-0.4999999999999998,-0.9659258262890684,0.2588190451025203,117.79,94.32683899916503
2,26,MQ,JFK,427,12,48,1,0,Winter,Afternoon,0.0091832986408718,0.0245194073711277,0.8660254037844386,0.5000000000000001,1.2246467991473532e-16,-1.0,124.93,80.61440294735878
12,13,UA,EWR,719,6,48,4,0,Winter,Morning,0.0183972082772131,0.0486102608056814,-2.4492935982947064e-16,1.0,1.0,6.123233995736766e-17,142.43,152.90958536130438
4,19,MQ,LGA,764,8,17,4,0,Spring,Morning,0.0090608546589935,0.0170503244765519,0.8660254037844387,-0.4999999999999998,0.8660254037844387,-0.4999999999999998,78.25,112.95146287389474
12,24,MQ,LGA,762,15,0,1,0,Winter,Afternoon,0.0289580017142157,0.0505999755112036,-2.4492935982947064e-16,1.0,-0.7071067811865471,-0.7071067811865479,108.55,105.51222716014433
6,4,UA,EWR,2434,18,34,1,0,Summer,Evening,0.0018060487327047,0.0041630953838618,1.2246467991473532e-16,-1.0,-1.0,-1.8369701987210294e-16,205.89,204.4444541667545
6,6,MQ,LGA,431,13,25,3,0,Summer,Afternoon,0.0108975143871678,0.0245194073711277,1.2246467991473532e-16,-1.0,-0.2588190451025208,-0.9659258262890684,96.33,93.6857934156975
5,13,UA,JFK,2586,12,1,0,0,Spring,Afternoon,0.0254683482306844,0.0411717889065752,0.4999999999999999,-0.8660254037844387,1.2246467991473532e-16,-1.0,169.17,184.1540788031238
6,12,UA,EWR,2425,14,54,2,0,Summer,Afternoon,0.00358148646994,0.0081119137994367,1.2246467991473532e-16,-1.0,-0.4999999999999997,-0.8660254037844388,196.27,198.04978165269608
5,2,EV,EWR,445,13,0,3,0,Spring,Afternoon,0.0030917105424268,0.0046222603159054,0.4999999999999999,-0.8660254037844387,-0.2588190451025208,-0.9659258262890684,81.4,71.13621762976365
4,28,UA,EWR,1400,17,24,6,1,Spring,Evening,0.012458675156116,0.0223154156973184,0.8660254037844387,-0.4999999999999998,-0.9659258262890684,-0.2588190451025206,128.71,159.38639611066858
4,5,B6,EWR,937,9,4,4,0,Spring,Morning,0.0149075547936818,0.0421207297661319,0.8660254037844387,-0.4999999999999998,0.7071067811865476,-0.7071067811865475,147.28,133.70046306899212
11,28,WN,LGA,1620,11,5,3,0,Fall,Morning,0.0119995102240724,0.0225296926656054,-0.5000000000000004,0.8660254037844384,0.258819045102521,-0.9659258262890682,143.6,109.05549638592123
7,9,DL,EWR,746,18,8,1,0,Summer,Evening,0.0156728296804212,0.0505999755112036,-0.4999999999999997,-0.8660254037844388,-1.0,-1.8369701987210294e-16,147.13,142.78802309032307
2,22,DL,JFK,2475,8,55,4,0,Winter,Morning,0.0341312599485735,0.0484572058283335,0.8660254037844386,0.5000000000000001,0.8660254037844387,-0.4999999999999998,212.79,209.3092992839171
9,11,DL,JFK,1521,16,2,2,0,Fall,Afternoon,0.0046222603159054,0.0074996938900453,-1.0,-1.8369701987210294e-16,-0.8660254037844384,-0.5000000000000004,139.54,159.2982226186098
1,29,AA,LGA,1389,13,24,1,0,Winter,Afternoon,0.0143871678706991,0.0260499571446063,0.4999999999999999,0.8660254037844387,-0.2588190451025208,-0.9659258262890684,137.9,129.32637525770568
3,25,B6,LGA,1035,7,23,0,0,Spring,Morning,0.0074996938900453,0.018978817191135,1.0,6.123233995736766e-17,0.9659258262890684,-0.2588190451025206,81.18,113.18003162424915
6,10,UA,JFK,2586,11,9,0,0,Summer,Morning,0.0254683482306844,0.0411717889065752,1.2246467991473532e-16,-1.0,0.258819045102521,-0.9659258262890682,214.42,205.1873953855651
9,27,VX,EWR,2454,18,56,4,0,Fall,Evening,0.01432594587976,0.0484572058283335,-1.0,-1.8369701987210294e-16,-1.0,-1.8369701987210294e-16,205.29,200.48567395200095
5,17,9E,JFK,740,8,25,4,0,Spring,Morning,0.0056936451573405,0.0486102608056814,0.4999999999999999,-0.8660254037844387,0.8660254037844387,-0.4999999999999998,157.09,124.24228632647265
4,16,EV,EWR,872,17,3,1,0,Spring,Evening,0.0072241949308191,0.0131627280519162,0.8660254037844387,-0.4999999999999998,-0.9659258262890684,-0.2588190451025206,93.83,103.13587803517646
10,22,US,JFK,541,6,9,1,0,Fall,Morning,0.0089996326680543,0.042335006734419,-0.8660254037844386,0.5000000000000001,1.0,6.123233995736766e-17,139.77,107.08783564957224
3,23,DL,EWR,746,14,15,5,1,Spring,Afternoon,0.0156728296804212,0.0505999755112036,1.0,6.123233995736766e-17,-0.4999999999999997,-0.8660254037844388,86.79,103.39211928074928
5,14,B6,JFK,828,21,13,1,0,Spring,Night,0.003795763438227,0.0075303048855148,0.4999999999999999,-0.8660254037844387,-0.7071067811865477,0.7071067811865474,105.85,100.55414184192196
8,27,US,JFK,2153,6,41,1,0,Summer,Morning,0.0054181461981143,0.0139586139341251,-0.8660254037844384,-0.5000000000000004,1.0,6.123233995736766e-17,201.03,204.21805001196242
10,12,UA,EWR,719,7,47,5,1,Fall,Morning,0.0183972082772131,0.0486102608056814,-0.8660254037844386,0.5000000000000001,0.9659258262890684,-0.2588190451025206,101.13,113.11124742274343
8,11,EV,LGA,229,14,54,6,1,Summer,Afternoon,0.005081425247949,0.0163768825762213,-0.8660254037844384,-0.5000000000000004,-0.4999999999999997,-0.8660254037844388,109.69,94.71703363489092
6,27,B6,JFK,187,14,19,3,0,Summer,Afternoon,0.0179074323497,0.0449981633402718,1.2246467991473532e-16,-1.0,-0.4999999999999997,-0.8660254037844388,114.23,100.06655735980658
8,21,EV,LGA,641,9,0,2,0,Summer,Morning,0.0014693277825394,0.0091220766499326,-0.8660254037844384,-0.5000000000000004,0.7071067811865476,-0.7071067811865475,112.93,112.67640901967945
10,17,US,LGA,184,14,53,3,0,Fall,Afternoon,0.0115097342965593,0.0449981633402718,-0.8660254037844386,0.5000000000000001,-0.4999999999999997,-0.8660254037844388,39.0,68.6457932476965
7,19,EV,EWR,277,17,14,4,0,Summer,Evening,0.0051426472388882,0.0072854169217582,-0.4999999999999997,-0.8660254037844388,-0.9659258262890684,-0.2588190451025206,108.82,116.58815437833772
10,6,EV,EWR,488,17,34,6,1,Fall,Evening,0.0088159666952369,0.0272131749724501,-0.8660254037844386,0.5000000000000001,-0.9659258262890684,-0.2588190451025206,80.13,98.87638396231779
2,27,DL,LGA,502,15,19,2,0,Winter,Afternoon,0.0150299987755601,0.0272131749724501,0.8660254037844386,0.5000000000000001,-0.7071067811865471,-0.7071067811865479,87.59,89.35676030131737
8,20,UA,EWR,1400,20,43,1,0,Summer,Evening,0.012458675156116,0.0223154156973184,-0.8660254037844384,-0.5000000000000004,-0.8660254037844386,0.5000000000000001,156.1,158.31992471210114
2,5,EV,EWR,169,23,17,1,0,Winter,Night,0.0019591037100526,0.005938533121097,0.8660254037844386,0.5000000000000001,-0.2588190451025215,0.965925826289068,39.0,56.78677946297337
5,28,MQ,JFK,427,12,55,1,0,Spring,Afternoon,0.0091832986408718,0.0245194073711277,0.4999999999999999,-0.8660254037844387,1.2246467991473532e-16,-1.0,51.78,80.14361811551446
7,21,B6,LGA,1047,13,28,6,1,Summer,Afternoon,0.0026019346149136,0.0041630953838618,-0.4999999999999997,-0.8660254037844388,-0.2588190451025208,-0.9659258262890684,151.98,138.50448665279015
12,27,B6,JFK,1005,14,52,4,0,Winter,Afternoon,0.0096118525774458,0.0228358026203012,-2.4492935982947064e-16,1.0,-0.4999999999999997,-0.8660254037844388,142.6,149.40784599020668
11,7,9E,JFK,1182,20,44,3,0,Fall,Evening,0.004652871311375,0.0104995714460634,-0.5000000000000004,0.8660254037844384,-0.8660254037844386,0.5000000000000001,68.41,118.114570723173
1,7,MQ,EWR,719,16,34,0,0,Winter,Afternoon,0.0183972082772131,0.0486102608056814,0.4999999999999999,0.8660254037844387,-0.8660254037844384,-0.5000000000000004,107.24,100.0965188934424
12,19,B6,JFK,1069,16,4,3,0,Winter,Afternoon,0.0129790620790988,0.0362128076405044,-2.4492935982947064e-16,1.0,-0.8660254037844384,-0.5000000000000004,169.0,156.93294357787954
9,19,US,LGA,184,13,54,3,0,Fall,Afternoon,0.0115097342965593,0.0449981633402718,-1.0,-1.8369701987210294e-16,-0.2588190451025208,-0.9659258262890684,58.82,69.74845240193355
1,22,B6,JFK,1069,7,5,1,0,Winter,Morning,0.0129790620790988,0.0362128076405044,0.4999999999999999,0.8660254037844387,0.9659258262890684,-0.2588190451025206,110.34,126.59307502533255
12,15,DL,EWR,746,19,40,6,1,Winter,Evening,0.0156728296804212,0.0505999755112036,-2.4492935982947064e-16,1.0,-0.9659258262890684,0.2588190451025203,168.48,146.83228578015922
6,13,AA,LGA,733,6,54,3,0,Summer,Morning,0.0245194073711277,0.0486102608056814,1.2246467991473532e-16,-1.0,1.0,6.123233995736766e-17,141.82,137.24306387278273
2,5,UA,EWR,1400,5,25,1,0,Winter,Morning,0.012458675156116,0.0223154156973184,0.8660254037844386,0.5000000000000001,0.9659258262890684,0.2588190451025207,170.84,130.99142127064934
6,9,UA,EWR,404,17,56,6,1,Summer,Evening,0.0048365372841924,0.0127035631198726,1.2246467991473532e-16,-1.0,-0.9659258262890684,-0.2588190451025206,156.15,140.14444378474036
8,9,UA,EWR,1068,14,57,4,0,Summer,Afternoon,0.0045610383249663,0.0106526264234112,-0.8660254037844384,-0.5000000000000004,-0.4999999999999997,-0.8660254037844388,164.86,156.26795914330256
6,11,9E,JFK,636,8,11,1,0,Summer,Morning,0.0033672095016529,0.0091220766499326,1.2246467991473532e-16,-1.0,0.8660254037844387,-0.4999999999999998,122.81,125.81556996542595
4,11,EV,EWR,569,18,0,3,0,Spring,Evening,0.0076833598628627,0.0110199583690461,0.8660254037844387,-0.4999999999999998,-1.0,-1.8369701987210294e-16,106.85,95.20841361761964
8,3,9E,JFK,665,19,18,5,1,Summer,Evening,0.0020509366964613,0.0066119750214276,-0.8660254037844384,-0.5000000000000004,-0.9659258262890684,0.2588190451025203,136.56,132.83126813591784
6,19,9E,JFK,1029,18,20,2,0,Summer,Evening,0.0034590424880617,0.0217950287743357,1.2246467991473532e-16,-1.0,-1.0,-1.8369701987210294e-16,157.33,146.52533384922393
8,9,UA,EWR,1085,20,5,4,0,Summer,Evening,0.0092751316272805,0.0373454144728786,-0.8660254037844384,-0.5000000000000004,-0.8660254037844386,0.5000000000000001,150.17,157.67184306073693
12,26,EV,LGA,258,12,24,3,0,Winter,Afternoon,0.0010101628504958,0.0077139708583323,-2.4492935982947064e-16,1.0,1.2246467991473532e-16,-1.0,74.76,77.0483168205996
12,14,9E,JFK,1029,8,11,5,1,Winter,Morning,0.0034590424880617,0.0217950287743357,-2.4492935982947064e-16,1.0,0.8660254037844387,-0.4999999999999998,137.52,148.08781214423811
9,26,B6,JFK,2586,16,42,3,0,Fall,Afternoon,0.0254683482306844,0.0411717889065752,-1.0,-1.8369701987210294e-16,-0.8660254037844384,-0.5000000000000004,173.17,190.36469493136633
4,9,UA,LGA,733,9,19,1,0,Spring,Morning,0.0245194073711277,0.0486102608056814,0.8660254037844387,-0.4999999999999998,0.7071067811865476,-0.7071067811865475,132.33,115.23299675430815
11,29,UA,EWR,1400,10,34,4,0,Fall,Morning,0.012458675156116,0.0223154156973184,-0.5000000000000004,0.8660254037844384,0.4999999999999999,-0.8660254037844387,137.99,146.55627778043998
7,22,DL,LGA,1020,11,31,0,0,Summer,Morning,0.010958736378107,0.0217950287743357,-0.4999999999999997,-0.8660254037844388,0.258819045102521,-0.9659258262890682,121.27,137.56716969510157
3,6,B6,JFK,1069,13,4,2,0,Spring,Afternoon,0.0129790620790988,0.0362128076405044,1.0,6.123233995736766e-17,-0.2588190451025208,-0.9659258262890684,110.71,115.06606362636893
4,22,B6,JFK,264,0,28,0,0,Spring,Night,0.0047140933023141,0.0070099179625321,0.8660254037844387,-0.4999999999999998,0.0,1.0,53.55,58.52128015469155
2,28,EV,LGA,335,16,7,3,0,Winter,Afternoon,0.0033365985061834,0.0087241337088282,0.8660254037844386,0.5000000000000001,-0.8660254037844384,-0.5000000000000004,95.72,76.5094590298875
11,26,US,LGA,544,8,38,1,0,Fall,Morning,0.0178462103587608,0.042335006734419,-0.5000000000000004,0.8660254037844384,0.8660254037844387,-0.4999999999999998,54.05,97.16949933930431
8,2,US,LGA,184,20,50,4,0,Summer,Evening,0.0115097342965593,0.0449981633402718,-0.8660254037844384,-0.5000000000000004,-0.8660254037844386,0.5000000000000001,91.73,106.97124865958892
5,4,US,LGA,544,18,52,5,1,Spring,Evening,0.0178462103587608,0.042335006734419,0.4999999999999999,-0.8660254037844387,-1.0,-1.8369701987210294e-16,82.03,95.84034608497873
3,8,EV,EWR,1215,20,35,4,0,Spring,Evening,0.0007652748867393,0.0007652748867393,1.0,6.123233995736766e-17,-0.8660254037844386,0.5000000000000001,73.04,113.20692866980752
2,20,US,LGA,214,20,33,2,0,Winter,Evening,0.014540222848047,0.0294783886371984,0.8660254037844386,0.5000000000000001,-0.8660254037844386,0.5000000000000001,55.1,70.74521562033489
12,10,DL,LGA,762,13,34,1,0,Winter,Afternoon,0.0289580017142157,0.0505999755112036,-2.4492935982947064e-16,1.0,-0.2588190451025208,-0.9659258262890684,110.31,122.90880998544642
11,16,B6,JFK,266,9,8,5,1,Fall,Morning,0.0040406514019835,0.0077139708583323,-0.5000000000000004,0.8660254037844384,0.7071067811865476,-0.7071067811865475,85.61,90.462579889355
9,12,UA,EWR,2227,19,55,3,0,Fall,Evening,0.0058773111301579,0.0178768213542304,-1.0,-1.8369701987210294e-16,-0.9659258262890684,0.2588190451025203,199.83,175.26997291915978
8,6,9E,JFK,425,14,51,1,0,Summer,Afternoon,0.0018978817191135,0.0127035631198726,-0.8660254037844384,-0.5000000000000004,-0.4999999999999997,-0.8660254037844388,95.15,110.19659376961076
1,1,AA,LGA,1096,7,53,1,0,Winter,Morning,0.0175401004040651,0.0373454144728786,0.4999999999999999,0.8660254037844387,0.9659258262890684,-0.2588190451025206,117.67,132.50486629772496
1,30,UA,EWR,719,13,1,2,0,Winter,Afternoon,0.0183972082772131,0.0486102608056814,0.4999999999999999,0.8660254037844387,-0.2588190451025208,-0.9659258262890684,107.25,99.68714136812048
8,14,UA,EWR,1065,14,53,2,0,Summer,Afternoon,0.0110811803599853,0.0362128076405044,-0.8660254037844384,-0.5000000000000004,-0.4999999999999997,-0.8660254037844388,162.77,143.37102744418516
12,21,AA,LGA,1389,7,43,5,1,Winter,Morning,0.0143871678706991,0.0260499571446063,-2.4492935982947064e-16,1.0,0.9659258262890684,-0.2588190451025206,154.03,164.53360896287427
11,9,B6,JFK,209,11,56,5,1,Fall,Morning,0.0043467613566793,0.0056018121709317,-0.5000000000000004,0.8660254037844384,0.258819045102521,-0.9659258262890682,57.76,78.64540391880728
3,12,AA,JFK,1623,8,9,1,0,Spring,Morning,0.0011938288233133,0.0016836047508264,1.0,6.123233995736766e-17,0.8660254037844387,-0.4999999999999998,180.03,170.45864917957124
8,21,EV,EWR,820,16,37,2,0,Summer,Afternoon,0.0033059875107138,0.0075303048855148,-0.8660254037844384,-0.5000000000000004,-0.8660254037844384,-0.5000000000000004,117.3,124.91294048666128
7,1,9E,LGA,647,20,34,0,0,Summer,Evening,0.0011938288233133,0.0020815476919309,-0.4999999999999997,-0.8660254037844388,-0.8660254037844386,0.5000000000000001,119.19,106.85489485484854
4,9,B6,JFK,1041,14,47,1,0,Spring,Afternoon,0.0015611607689482,0.0041630953838618,0.8660254037844387,-0.4999999999999998,-0.4999999999999997,-0.8660254037844388,112.65,114.75003694753022
8,19,UA,EWR,200,19,19,0,0,Summer,Evening,0.0155809966940124,0.0449981633402718,-0.8660254037844384,-0.5000000000000004,-0.9659258262890684,0.2588190451025203,128.03,119.78816194801024
5,25,DL,JFK,340,14,40,5,1,Spring,Afternoon,0.004010040406514,0.0087241337088282,0.4999999999999999,-0.8660254037844387,-0.4999999999999997,-0.8660254037844388,78.96,89.79789246049296
3,22,DL,LGA,762,18,5,4,0,Spring,Evening,0.0289580017142157,0.0505999755112036,1.0,6.123233995736766e-17,-1.0,-1.8369701987210294e-16,143.76,130.55219913098335
1,3,DL,JFK,760,16,4,3,0,Winter,Afternoon,0.0059691441165666,0.0505999755112036,0.4999999999999999,0.8660254037844387,-0.8660254037844384,-0.5000000000000004,120.26,126.22440483876255
10,10,DL,LGA,1010,14,53,3,0,Fall,Afternoon,0.0060609771029753,0.0228358026203012,-0.8660254037844386,0.5000000000000001,-0.4999999999999997,-0.8660254037844388,93.71,116.70989174239367
3,7,DL,JFK,1089,19,0,3,0,Spring,Evening,0.0105301824415329,0.0373454144728786,1.0,6.123233995736766e-17,-0.9659258262890684,0.2588190451025203,106.18,139.4063550554576
10,24,B6,JFK,2248,6,32,3,0,Fall,Morning,0.0119995102240724,0.0178768213542304,-0.8660254037844386,0.5000000000000001,1.0,6.123233995736766e-17,194.85,175.6077217831605
11,25,UA,EWR,2565,16,27,0,0,Fall,Afternoon,0.0157034406758907,0.0411717889065752,-0.5000000000000004,0.8660254037844384,-0.8660254037844384,-0.5000000000000004,177.96,188.39310960043474
6,16,B6,EWR,937,5,52,6,1,Summer,Morning,0.0149075547936818,0.0421207297661319,1.2246467991473532e-16,-1.0,0.9659258262890684,0.2588190451025207,143.43,146.82234052341224
6,24,UA,LGA,733,11,56,0,0,Summer,Morning,0.0245194073711277,0.0486102608056814,1.2246467991473532e-16,-1.0,0.258819045102521,-0.9659258262890682,112.54,122.15740898542197
9,21,AA,JFK,2248,6,51,5,1,Fall,Morning,0.0119995102240724,0.0178768213542304,-1.0,-1.8369701987210294e-16,1.0,6.123233995736766e-17,229.5,188.03740917917318
9,25,UA,LGA,1416,9,3,2,0,Fall,Morning,0.0089690216725847,0.0223154156973184,-1.0,-1.8369701987210294e-16,0.7071067811865476,-0.7071067811865475,104.07,137.0741812402942
1,26,DL,LGA,1020,7,59,5,1,Winter,Morning,0.010958736378107,0.0217950287743357,0.4999999999999999,0.8660254037844387,0.9659258262890684,-0.2588190451025206,93.37,125.40979334458652
6,4,B6,EWR,200,8,29,1,0,Summer,Morning,0.0155809966940124,0.0449981633402718,1.2246467991473532e-16,-1.0,0.8660254037844387,-0.4999999999999998,99.36,105.93413344418508
11,15,UA,EWR,1068,6,56,4,0,Fall,Morning,0.0045610383249663,0.0106526264234112,-0.5000000000000004,0.8660254037844384,1.0,6.123233995736766e-17,163.23,141.86831056480648
2,21,WN,EWR,169,6,8,3,0,Winter,Morning,0.0019591037100526,0.005938533121097,0.8660254037844386,0.5000000000000001,1.0,6.123233995736766e-17,60.17,58.07900774221173
1,29,WN,EWR,2133,7,59,1,0,Winter,Morning,0.0085404677360107,0.0139586139341251,0.4999999999999999,0.8660254037844387,0.9659258262890684,-0.2588190451025206,143.39,144.6609108270401
7,23,B6,JFK,273,18,39,1,0,Summer,Evening,0.003795763438227,0.0069793069670625,-0.4999999999999997,-0.8660254037844388,-1.0,-1.8369701987210294e-16,94.1,119.94460567118634
6,21,DL,JFK,2422,19,35,4,0,Summer,Evening,0.0062446430757928,0.0113260683237418,1.2246467991473532e-16,-1.0,-0.9659258262890684,0.2588190451025203,210.88,230.48549619610526
12,17,US,LGA,214,20,54,1,0,Winter,Evening,0.014540222848047,0.0294783886371984,-2.4492935982947064e-16,1.0,-0.8660254037844386,0.5000000000000001,106.68,96.45946225167572
8,11,DL,JFK,1626,1,0,6,1,Summer,Night,0.0024794906330353,0.0225296926656054,-0.8660254037844384,-0.5000000000000004,0.2588190451025207,0.9659258262890684,190.39,179.19930980800353
9,6,DL,LGA,762,18,59,4,0,Fall,Evening,0.0289580017142157,0.0505999755112036,-1.0,-1.8369701987210294e-16,-1.0,-1.8369701987210294e-16,136.1,131.31611219237118
4,25,MQ,LGA,1020,11,44,3,0,Spring,Morning,0.010958736378107,0.0217950287743357,0.8660254037844387,-0.4999999999999998,0.258819045102521,-0.9659258262890682,79.75,98.11407453424282
6,3,B6,JFK,187,10,18,0,0,Summer,Morning,0.0179074323497,0.0449981633402718,1.2246467991473532e-16,-1.0,0.4999999999999999,-0.8660254037844387,107.36,96.49644898387652
7,28,EV,EWR,1008,17,3,6,1,Summer,Evening,0.007377249908167,0.0217950287743357,-0.4999999999999997,-0.8660254037844388,-0.9659258262890684,-0.2588190451025206,148.01,146.15260198364047
3,30,UA,EWR,2133,18,27,5,1,Spring,Evening,0.0085404677360107,0.0139586139341251,1.0,6.123233995736766e-17,-1.0,-1.8369701987210294e-16,203.48,163.47347674519955
12,13,AA,LGA,1389,5,59,4,0,Winter,Morning,0.0143871678706991,0.0260499571446063,-2.4492935982947064e-16,1.0,0.9659258262890684,0.2588190451025207,185.32,172.91198535202005
8,14,DL,LGA,1076,6,55,2,0,Summer,Morning,0.0121525652014203,0.0362128076405044,-0.8660254037844384,-0.5000000000000004,1.0,6.123233995736766e-17,119.35,151.25015667638013
9,22,UA,EWR,2227,12,32,6,1,Fall,Afternoon,0.0058773111301579,0.0178768213542304,-1.0,-1.8369701987210294e-16,1.2246467991473532e-16,-1.0,131.66,178.37249569585555
1,8,UA,EWR,1085,8,49,1,0,Winter,Morning,0.0092751316272805,0.0373454144728786,0.4999999999999999,0.8660254037844387,0.8660254037844387,-0.4999999999999998,153.25,134.14021596488254
10,16,VX,JFK,2586,16,48,2,0,Fall,Afternoon,0.0254683482306844,0.0411717889065752,-0.8660254037844386,0.5000000000000001,-0.8660254037844384,-0.5000000000000004,221.09,199.27375713890797
5,28,UA,EWR,2227,11,24,1,0,Spring,Morning,0.0058773111301579,0.0178768213542304,0.4999999999999999,-0.8660254037844387,0.258819045102521,-0.9659258262890682,156.46,164.31671157352753
12,27,EV,EWR,445,15,17,4,0,Winter,Afternoon,0.0030917105424268,0.0046222603159054,-2.4492935982947064e-16,1.0,-0.7071067811865471,-0.7071067811865479,78.24,108.72847323736758
8,19,EV,LGA,461,14,17,0,0,Summer,Afternoon,0.0015305497734786,0.0046222603159054,-0.8660254037844384,-0.5000000000000004,-0.4999999999999997,-0.8660254037844388,102.87,90.62432566930912
9,20,AA,EWR,1085,6,24,4,0,Fall,Morning,0.0092751316272805,0.0373454144728786,-1.0,-1.8369701987210294e-16,1.0,6.123233995736766e-17,154.87,148.33498526035737
3,21,B6,JFK,636,7,54,3,0,Spring,Morning,0.0033672095016529,0.0091220766499326,1.0,6.123233995736766e-17,0.9659258262890684,-0.2588190451025206,127.46,103.71434574441477
3,13,FL,LGA,762,17,38,2,0,Spring,Evening,0.0289580017142157,0.0505999755112036,1.0,6.123233995736766e-17,-0.9659258262890684,-0.2588190451025206,100.08,95.85115862295922
8,23,UA,EWR,1400,5,27,4,0,Summer,Morning,0.012458675156116,0.0223154156973184,-0.8660254037844384,-0.5000000000000004,0.9659258262890684,0.2588190451025207,161.04,168.39065673875075
7,2,UA,EWR,719,18,35,1,0,Summer,Evening,0.0183972082772131,0.0486102608056814,-0.4999999999999997,-0.8660254037844388,-1.0,-1.8369701987210294e-16,122.21,145.97349126924934
11,21,9E,LGA,198,21,53,3,0,Fall,Night,0.0007040528958001,0.0056018121709317,-0.5000000000000004,0.8660254037844384,-0.7071067811865477,0.7071067811865474,58.63,66.13888449669209
2,22,B6,JFK,301,6,0,4,0,Winter,Morning,0.0109281253826374,0.0149381657891514,0.8660254037844386,0.5000000000000001,1.0,6.123233995736766e-17,95.81,104.6823369999003
6,28,DL,LGA,762,1,44,4,0,Summer,Night,0.0289580017142157,0.0505999755112036,1.2246467991473532e-16,-1.0,0.2588190451025207,0.9659258262890684,107.85,126.39786660836431
4,1,EV,EWR,199,20,32,0,0,Spring,Evening,0.0052344802252969,0.0294783886371984,0.8660254037844387,-0.4999999999999998,-0.8660254037844386,0.5000000000000001,97.38,65.33789175148281
3,14,AA,JFK,1089,7,15,3,0,Spring,Morning,0.0105301824415329,0.0373454144728786,1.0,6.123233995736766e-17,0.9659258262890684,-0.2588190451025206,163.73,142.42255157176143
10,14,WN,LGA,725,17,18,0,0,Fall,Evening,0.0067038080078364,0.0133770050202032,-0.8660254037844386,0.5000000000000001,-0.9659258262890684,-0.2588190451025206,102.53,81.31133842554952
9,13,US,JFK,541,11,5,4,0,Fall,Morning,0.0089996326680543,0.042335006734419,-1.0,-1.8369701987210294e-16,0.258819045102521,-0.9659258262890682,98.88,106.82998240931394
3,25,DL,LGA,1080,19,25,0,0,Spring,Evening,0.0020203257009917,0.0106526264234112,1.0,6.123233995736766e-17,-0.9659258262890684,0.2588190451025203,142.99,127.44055182331023
7,25,B6,JFK,1005,19,28,3,0,Summer,Evening,0.0096118525774458,0.0228358026203012,-0.4999999999999997,-0.8660254037844388,-0.9659258262890684,0.2588190451025203,167.75,150.245835496526
7,29,US,LGA,184,15,50,0,0,Summer,Afternoon,0.0115097342965593,0.0449981633402718,-0.4999999999999997,-0.8660254037844388,-0.7071067811865471,-0.7071067811865479,95.74,90.77434867213114
11,2,US,LGA,214,10,52,5,1,Fall,Morning,0.014540222848047,0.0294783886371984,-0.5000000000000004,0.8660254037844384,0.4999999999999999,-0.8660254037844387,94.51,72.80310083332358
3,26,US,EWR,2133,16,33,1,0,Spring,Afternoon,0.0085404677360107,0.0139586139341251,1.0,6.123233995736766e-17,-0.8660254037844384,-0.5000000000000004,179.4,166.0023277324525
11,16,EV,EWR,416,10,40,5,1,Fall,Morning,0.004438594343088,0.0245194073711277,-0.5000000000000004,0.8660254037844384,0.4999999999999999,-0.8660254037844387,81.17,72.13627134666575
1,17,B6,JFK,427,17,53,3,0,Winter,Evening,0.0091832986408718,0.0245194073711277,0.4999999999999999,0.8660254037844387,-0.9659258262890684,-0.2588190451025206,120.38,95.78403818014846
5,24,EV,LGA,963,11,13,4,0,Spring,Morning,0.0026019346149136,0.0053569242071752,0.4999999999999999,-0.8660254037844387,0.258819045102521,-0.9659258262890682,113.89,107.42947132389622
3,15,DL,LGA,950,9,10,4,0,Spring,Morning,0.0110199583690461,0.0421207297661319,1.0,6.123233995736766e-17,0.7071067811865476,-0.7071067811865475,102.67,136.17965327182966
5,9,UA,EWR,2565,16,55,3,0,Spring,Afternoon,0.0157034406758907,0.0411717889065752,0.4999999999999999,-0.8660254037844387,-0.8660254037844384,-0.5000000000000004,190.69,190.14289206283115
4,8,UA,EWR,1085,17,9,0,0,Spring,Evening,0.0092751316272805,0.0373454144728786,0.8660254037844387,-0.4999999999999998,-0.9659258262890684,-0.2588190451025206,115.34,132.83716707655486
2,13,EV,EWR,277,12,35,2,0,Winter,Afternoon,0.0051426472388882,0.0072854169217582,0.8660254037844386,0.5000000000000001,1.2246467991473532e-16,-1.0,39.08,66.10644054530113
7,13,9E,JFK,94,18,22,5,1,Summer,Evening,0.0024794906330353,0.0042855393657401,-0.4999999999999997,-0.8660254037844388,-1.0,-1.8369701987210294e-16,130.27,113.20863771775316
4,16,WN,EWR,1411,12,51,1,0,Spring,Afternoon,0.0028468225786702,0.0067650299987755,0.8660254037844387,-0.4999999999999998,1.2246467991473532e-16,-1.0,127.65,103.87832401439033
5,17,DL,JFK,1521,19,54,4,0,Spring,Evening,0.0046222603159054,0.0074996938900453,0.4999999999999999,-0.8660254037844387,-0.9659258262890684,0.2588190451025203,188.04,170.21531195202846
6,15,DL,EWR,746,18,16,5,1,Summer,Evening,0.0156728296804212,0.0505999755112036,1.2246467991473532e-16,-1.0,-1.0,-1.8369701987210294e-16,156.94,142.49660324811265
3,17,AA,LGA,888,15,22,6,1,Spring,Afternoon,0.005938533121097,0.0131627280519162,1.0,6.123233995736766e-17,-0.7071067811865471,-0.7071067811865479,143.84,128.5877564367771
3,12,EV,EWR,416,6,24,1,0,Spring,Morning,0.004438594343088,0.0245194073711277,1.0,6.123233995736766e-17,1.0,6.123233995736766e-17,79.52,82.72379089929692
9,12,AA,LGA,1389,13,0,3,0,Fall,Afternoon,0.0143871678706991,0.0260499571446063,-1.0,-1.8369701987210294e-16,-0.2588190451025208,-0.9659258262890684,126.78,126.68952591410184
5,19,B6,EWR,1068,7,46,6,1,Spring,Morning,0.0045610383249663,0.0106526264234112,0.4999999999999999,-0.8660254037844387,0.9659258262890684,-0.2588190451025206,107.81,131.98855885407428
8,10,9E,JFK,589,17,32,5,1,Summer,Evening,0.0024794906330353,0.0110199583690461,-0.8660254037844384,-0.5000000000000004,-0.9659258262890684,-0.2588190451025206,141.18,131.1471373643421
12,30,DL,LGA,1076,6,48,0,0,Winter,Morning,0.0121525652014203,0.0362128076405044,-2.4492935982947064e-16,1.0,1.0,6.123233995736766e-17,156.29,151.18108540316982
3,10,DL,JFK,2248,16,0,6,1,Spring,Afternoon,0.0119995102240724,0.0178768213542304,1.0,6.123233995736766e-17,-0.8660254037844384,-0.5000000000000004,182.59,200.44420642911206
12,14,FL,LGA,762,9,9,5,1,Winter,Morning,0.0289580017142157,0.0505999755112036,-2.4492935982947064e-16,1.0,0.7071067811865476,-0.7071067811865475,116.53,111.78989981311267
7,26,DL,LGA,1076,20,15,4,0,Summer,Evening,0.0121525652014203,0.0362128076405044,-0.4999999999999997,-0.8660254037844388,-0.8660254037844386,0.5000000000000001,152.2,152.74673066426539
9,21,AA,JFK,1391,16,25,5,1,Fall,Afternoon,0.0022958246602179,0.0260499571446063,-1.0,-1.8369701987210294e-16,-0.8660254037844384,-0.5000000000000004,199.21,161.21817556495859
4,1,VX,JFK,2586,7,24,0,0,Spring,Morning,0.0254683482306844,0.0411717889065752,0.8660254037844387,-0.4999999999999998,0.9659258262890684,-0.2588190451025206,212.03,207.7352889771863
10,19,AA,EWR,2454,18,44,5,1,Fall,Evening,0.01432594587976,0.0484572058283335,-0.8660254037844386,0.5000000000000001,-1.0,-1.8369701987210294e-16,178.65,187.64254582492742
8,8,UA,EWR,1400,15,37,3,0,Summer,Afternoon,0.012458675156116,0.0223154156973184,-0.8660254037844384,-0.5000000000000004,-0.7071067811865471,-0.7071067811865479,164.05,156.74924557852847
6,14,UA,EWR,2227,19,18,4,0,Summer,Evening,0.0058773111301579,0.0178768213542304,1.2246467991473532e-16,-1.0,-0.9659258262890684,0.2588190451025203,218.5,214.89291575221168
6,4,MQ,JFK,213,14,58,1,0,Summer,Afternoon,0.0097036855638545,0.0294783886371984,1.2246467991473532e-16,-1.0,-0.4999999999999997,-0.8660254037844388,91.31,91.47037656582032
6,20,AA,EWR,1372,16,51,3,0,Summer,Afternoon,0.0093669646136892,0.0260499571446063,1.2246467991473532e-16,-1.0,-0.8660254037844384,-0.5000000000000004,159.66,170.6668605632072
6,11,DL,LGA,1096,6,55,1,0,Summer,Morning,0.0175401004040651,0.0373454144728786,1.2246467991473532e-16,-1.0,1.0,6.123233995736766e-17,152.14,157.03276846492943
8,17,AA,JFK,2248,7,28,5,1,Summer,Morning,0.0119995102240724,0.0178768213542304,-0.8660254037844384,-0.5000000000000004,0.9659258262890684,-0.2588190451025206,201.62,212.13391718092237
10,21,EV,LGA,335,11,11,0,0,Fall,Morning,0.0033365985061834,0.0087241337088282,-0.8660254037844386,0.5000000000000001,0.258819045102521,-0.9659258262890682,43.61,65.0864599480319
6,12,9E,JFK,589,21,9,2,0,Summer,Night,0.0024794906330353,0.0110199583690461,1.2246467991473532e-16,-1.0,-0.7071067811865477,0.7071067811865474,126.0,113.22276288736748
1,16,9E,JFK,184,21,50,2,0,Winter,Night,0.0039182074201053,0.005938533121097,0.4999999999999999,0.8660254037844387,-0.7071067811865477,0.7071067811865474,79.79,68.71538875327124
7,2,EV,LGA,641,9,10,1,0,Summer,Morning,0.0014693277825394,0.0091220766499326,-0.4999999999999997,-0.8660254037844388,0.7071067811865476,-0.7071067811865475,76.47,113.82754276324701
2,18,DL,LGA,269,21,49,0,0,Winter,Night,0.0007958858822088,0.0069793069670625,0.8660254037844386,0.5000000000000001,-0.7071067811865477,0.7071067811865474,92.4,83.04468709049696
3,15,EV,LGA,335,16,35,4,0,Spring,Afternoon,0.0033365985061834,0.0087241337088282,1.0,6.123233995736766e-17,-0.8660254037844384,-0.5000000000000004,99.65,88.87180105143914
4,4,B6,JFK,1069,13,15,3,0,Spring,Afternoon,0.0129790620790988,0.0362128076405044,0.8660254037844387,-0.4999999999999998,-0.2588190451025208,-0.9659258262890684,129.4,113.6278261408035
1,17,WN,LGA,888,10,58,3,0,Winter,Morning,0.005938533121097,0.0131627280519162,0.4999999999999999,0.8660254037844387,0.4999999999999999,-0.8660254037844387,89.1,80.36295297409498
11,28,B6,JFK,2465,18,34,3,0,Fall,Evening,0.0009489408595567,0.0009489408595567,-0.5000000000000004,0.8660254037844384,-1.0,-1.8369701987210294e-16,201.09,179.9752664555804
9,13,B6,JFK,2521,19,36,4,0,Fall,Evening,0.0007040528958001,0.0007040528958001,-1.0,-1.8369701987210294e-16,-0.9659258262890684,0.2588190451025203,177.63,192.95537368617124
3,18,AA,LGA,1389,10,19,0,0,Spring,Morning,0.0143871678706991,0.0260499571446063,1.0,6.123233995736766e-17,0.4999999999999999,-0.8660254037844387,114.08,129.93142225976823
5,30,EV,EWR,463,6,23,3,0,Spring,Morning,0.0025407126239745,0.0106526264234112,0.4999999999999999,-0.8660254037844387,1.0,6.123233995736766e-17,89.01,82.73303768939974
10,20,UA,EWR,2565,17,4,6,1,Fall,Evening,0.0157034406758907,0.0411717889065752,-0.8660254037844386,0.5000000000000001,-0.9659258262890684,-0.2588190451025206,199.86,201.18256443536745
11,16,B6,EWR,1608,7,26,5,1,Fall,Morning,0.0035508754744704,0.0179686543406391,-0.5000000000000004,0.8660254037844384,0.9659258262890684,-0.2588190451025206,169.81,144.34140517809607
10,7,US,LGA,214,15,32,0,0,Fall,Afternoon,0.014540222848047,0.0294783886371984,-0.8660254037844386,0.5000000000000001,-0.7071067811865471,-0.7071067811865479,85.96,70.60220757206703
11,5,DL,JFK,1990,15,8,1,0,Fall,Afternoon,0.0064895310395494,0.0074996938900453,-0.5000000000000004,0.8660254037844384,-0.7071067811865471,-0.7071067811865479,162.27,163.15449996800675
5,29,DL,LGA,1020,14,37,2,0,Spring,Afternoon,0.010958736378107,0.0217950287743357,0.4999999999999999,-0.8660254037844387,-0.4999999999999997,-0.8660254037844388,94.33,113.50575150684332
10,17,B6,LGA,950,6,25,3,0,Fall,Morning,0.0110199583690461,0.0421207297661319,-0.8660254037844386,0.5000000000000001,1.0,6.123233995736766e-17,115.18,109.56918588995791
12,12,EV,EWR,1131,8,20,3,0,Winter,Morning,0.0006734419003305,0.0026631566058528,-2.4492935982947064e-16,1.0,0.8660254037844387,-0.4999999999999998,134.37,141.66015555668548
11,25,EV,EWR,1092,11,53,0,0,Fall,Morning,0.0042855393657401,0.0061528100893841,-0.5000000000000004,0.8660254037844384,0.258819045102521,-0.9659258262890682,96.5,102.03628459075415
10,23,B6,EWR,200,11,18,2,0,Fall,Morning,0.0155809966940124,0.0449981633402718,-0.8660254037844386,0.5000000000000001,0.258819045102521,-0.9659258262890682,57.92,70.17806289009201
12,27,UA,EWR,1400,20,49,4,0,Winter,Evening,0.012458675156116,0.0223154156973184,-2.4492935982947064e-16,1.0,-0.8660254037844386,0.5000000000000001,176.12,172.8283657282484
2,3,UA,JFK,2586,6,13,6,1,Winter,Morning,0.0254683482306844,0.0411717889065752,0.8660254037844386,0.5000000000000001,1.0,6.123233995736766e-17,227.63,209.5978753203079
9,27,UA,EWR,2227,14,10,4,0,Fall,Afternoon,0.0058773111301579,0.0178768213542304,-1.0,-1.8369701987210294e-16,-0.4999999999999997,-0.8660254037844388,166.38,180.98617882108184
5,9,WN,LGA,725,15,5,3,0,Spring,Afternoon,0.0067038080078364,0.0133770050202032,0.4999999999999999,-0.8660254037844387,-0.7071067811865471,-0.7071067811865479,62.74,69.38243360632899
6,6,UA,EWR,1400,11,9,3,0,Summer,Morning,0.012458675156116,0.0223154156973184,1.2246467991473532e-16,-1.0,0.258819045102521,-0.9659258262890682,147.85,155.77878116725273
6,25,AA,LGA,888,18,42,1,0,Summer,Evening,0.005938533121097,0.0131627280519162,1.2246467991473532e-16,-1.0,-1.0,-1.8369701987210294e-16,150.75,148.92560640830263
12,5,UA,JFK,2475,14,44,3,0,Winter,Afternoon,0.0341312599485735,0.0484572058283335,-2.4492935982947064e-16,1.0,-0.4999999999999997,-0.8660254037844388,206.99,203.35480459669316
5,21,UA,EWR,2227,17,27,1,0,Spring,Evening,0.0058773111301579,0.0178768213542304,0.4999999999999999,-0.8660254037844387,-0.9659258262890684,-0.2588190451025206,150.04,176.43434493755603
6,17,DL,LGA,950,10,55,0,0,Summer,Morning,0.0110199583690461,0.0421207297661319,1.2246467991473532e-16,-1.0,0.4999999999999999,-0.8660254037844387,118.83,135.43028970470476
12,7,DL,JFK,2422,15,19,5,1,Winter,Afternoon,0.0062446430757928,0.0113260683237418,-2.4492935982947064e-16,1.0,-0.7071067811865471,-0.7071067811865479,255.35,203.4261446924546
1,16,MQ,JFK,290,16,53,2,0,Winter,Afternoon,0.001928492714583,0.0038263744336965,0.4999999999999999,0.8660254037844387,-0.8660254037844384,-0.5000000000000004,65.26,90.13775233068543
12,17,B6,EWR,200,6,24,1,0,Winter,Morning,0.0155809966940124,0.0449981633402718,-2.4492935982947064e-16,1.0,1.0,6.123233995736766e-17,66.9,110.21154336448723
10,8,AA,JFK,944,7,6,1,0,Fall,Morning,0.0161932166034039,0.0421207297661319,-0.8660254037844386,0.5000000000000001,0.9659258262890684,-0.2588190451025206,111.89,135.5629491015268
8,1,UA,JFK,2475,11,24,3,0,Summer,Morning,0.0341312599485735,0.0484572058283335,-0.8660254037844384,-0.5000000000000004,0.258819045102521,-0.9659258262890682,196.21,200.10885600055627
12,21,DL,LGA,950,19,53,5,1,Winter,Evening,0.0110199583690461,0.0421207297661319,-2.4492935982947064e-16,1.0,-0.9659258262890684,0.2588190451025203,152.93,147.83746522174158
9,10,9E,JFK,301,14,49,1,0,Fall,Afternoon,0.0109281253826374,0.0149381657891514,-1.0,-1.8369701987210294e-16,-0.4999999999999997,-0.8660254037844388,69.92,78.7635985394184
12,19,DL,LGA,1020,12,6,3,0,Winter,Afternoon,0.010958736378107,0.0217950287743357,-2.4492935982947064e-16,1.0,1.2246467991473532e-16,-1.0,166.75,141.40402555798534
12,13,EV,LGA,764,18,22,4,0,Winter,Evening,0.0090608546589935,0.0170503244765519,-2.4492935982947064e-16,1.0,-1.0,-1.8369701987210294e-16,81.86,129.62957751317046
7,25,DL,LGA,1076,6,58,3,0,Summer,Morning,0.0121525652014203,0.0362128076405044,-0.4999999999999997,-0.8660254037844388,1.0,6.123233995736766e-17,164.11,152.6737077488304
10,13,US,LGA,184,15,51,6,1,Fall,Afternoon,0.0115097342965593,0.0449981633402718,-0.8660254037844386,0.5000000000000001,-0.7071067811865471,-0.7071067811865479,121.76,81.07309769681112
5,10,B6,JFK,2475,9,28,4,0,Spring,Morning,0.0341312599485735,0.0484572058283335,0.4999999999999999,-0.8660254037844387,0.7071067811865476,-0.7071067811865475,177.12,198.47402674492673
12,16,EV,LGA,544,20,16,0,0,Winter,Evening,0.0178462103587608,0.042335006734419,-2.4492935982947064e-16,1.0,-0.8660254037844386,0.5000000000000001,81.26,102.24494029909093
7,6,AA,JFK,2475,17,9,5,1,Summer,Evening,0.0341312599485735,0.0484572058283335,-0.4999999999999997,-0.8660254037844388,-0.9659258262890684,-0.2588190451025206,207.41,218.41180577820066
1,10,UA,JFK,2586,5,57,3,0,Winter,Morning,0.0254683482306844,0.0411717889065752,0.4999999999999999,0.8660254037844387,0.9659258262890684,0.2588190451025207,171.72,179.96818365252494
5,29,9E,JFK,213,8,31,2,0,Spring,Morning,0.0097036855638545,0.0294783886371984,0.4999999999999999,-0.8660254037844387,0.8660254037844387,-0.4999999999999998,81.97,82.42817561221256
3,25,EV,EWR,1134,8,27,0,0,Spring,Morning,0.0022346026692788,0.0025407126239745,1.0,6.123233995736766e-17,0.8660254037844387,-0.4999999999999998,150.67,116.75604470294232
8,13,EV,EWR,1008,6,13,1,0,Summer,Morning,0.007377249908167,0.0217950287743357,-0.8660254037844384,-0.5000000000000004,1.0,6.123233995736766e-17,180.19,136.10460107573297
6,29,MQ,EWR,719,10,2,5,1,Summer,Morning,0.0183972082772131,0.0486102608056814,1.2246467991473532e-16,-1.0,0.4999999999999999,-0.8660254037844387,105.18,108.3013237776488
6,8,MQ,LGA,762,9,53,5,1,Summer,Morning,0.0289580017142157,0.0505999755112036,1.2246467991473532e-16,-1.0,0.7071067811865476,-0.7071067811865475,150.95,122.67701539824088
7,23,UA,EWR,2565,12,2,1,0,Summer,Afternoon,0.0157034406758907,0.0411717889065752,-0.4999999999999997,-0.8660254037844388,1.2246467991473532e-16,-1.0,191.31,201.52263007370973
12,10,UA,EWR,2454,18,6,1,0,Winter,Evening,0.01432594587976,0.0484572058283335,-2.4492935982947064e-16,1.0,-1.0,-1.8369701987210294e-16,234.85,213.62372369196007
1,10,9E,EWR,569,13,0,3,0,Winter,Afternoon,0.0076833598628627,0.0110199583690461,0.4999999999999999,0.8660254037844387,-0.2588190451025208,-0.9659258262890684,83.5,86.19517415789122
6,23,9E,JFK,184,19,54,6,1,Summer,Evening,0.0039182074201053,0.005938533121097,1.2246467991473532e-16,-1.0,-0.9659258262890684,0.2588190451025203,116.74,122.86561771396319
5,31,B6,JFK,1626,21,7,4,0,Spring,Night,0.0024794906330353,0.0225296926656054,0.4999999999999999,-0.8660254037844387,-0.7071067811865477,0.7071067811865474,150.9,158.23848128116813
6,5,US,EWR,2133,10,20,2,0,Summer,Morning,0.0085404677360107,0.0139586139341251,1.2246467991473532e-16,-1.0,0.4999999999999999,-0.8660254037844387,243.4,184.12654041884866
10,30,DL,JFK,187,14,16,2,0,Fall,Afternoon,0.0179074323497,0.0449981633402718,-0.8660254037844386,0.5000000000000001,-0.4999999999999997,-0.8660254037844388,98.03,87.37226470815283
5,6,FL,LGA,762,11,46,0,0,Spring,Morning,0.0289580017142157,0.0505999755112036,0.4999999999999999,-0.8660254037844387,0.258819045102521,-0.9659258262890682,63.22,69.54032219544546
3,24,AA,LGA,1389,16,36,6,1,Spring,Afternoon,0.0143871678706991,0.0260499571446063,1.0,6.123233995736766e-17,-0.8660254037844384,-0.5000000000000004,168.41,161.43768829151065
5,18,US,LGA,544,9,55,5,1,Spring,Morning,0.0178462103587608,0.042335006734419,0.4999999999999999,-0.8660254037844387,0.7071067811865476,-0.7071067811865475,91.89,101.74673571673779
5,10,VX,EWR,2565,17,30,4,0,Spring,Evening,0.0157034406758907,0.0411717889065752,0.4999999999999999,-0.8660254037844387,-0.9659258262890684,-0.2588190451025206,194.38,207.0757831749276
9,1,DL,LGA,762,20,13,6,1,Fall,Evening,0.0289580017142157,0.0505999755112036,-1.0,-1.8369701987210294e-16,-0.8660254037844386,0.5000000000000001,121.4,119.0741715970922
10,14,EV,LGA,292,8,44,0,0,Fall,Morning,0.0004897759275131,0.0149381657891514,-0.8660254037844386,0.5000000000000001,0.8660254037844387,-0.4999999999999998,77.34,75.03414536942438
8,25,UA,EWR,2565,16,44,6,1,Summer,Afternoon,0.0157034406758907,0.0411717889065752,-0.8660254037844384,-0.5000000000000004,-0.8660254037844384,-0.5000000000000004,225.87,226.33886461089494
9,22,B6,JFK,2586,20,20,6,1,Fall,Evening,0.0254683482306844,0.0411717889065752,-1.0,-1.8369701987210294e-16,-0.8660254037844386,0.5000000000000001,186.69,196.10371817151156
6,16,B6,JFK,2586,20,14,6,1,Summer,Evening,0.0254683482306844,0.0411717889065752,1.2246467991473532e-16,-1.0,-0.8660254037844386,0.5000000000000001,212.25,212.2664024533862
10,7,AA,JFK,2475,16,36,0,0,Fall,Afternoon,0.0341312599485735,0.0484572058283335,-0.8660254037844386,0.5000000000000001,-0.8660254037844384,-0.5000000000000004,208.78,197.64480906066126
5,26,US,LGA,214,11,49,6,1,Spring,Morning,0.014540222848047,0.0294783886371984,0.4999999999999999,-0.8660254037844387,0.258819045102521,-0.9659258262890682,50.32,82.58733641271355
4,10,AA,JFK,2475,9,38,2,0,Spring,Morning,0.0341312599485735,0.0484572058283335,0.8660254037844387,-0.4999999999999998,0.7071067811865476,-0.7071067811865475,213.22,198.74471796480975
5,13,MQ,LGA,762,16,11,0,0,Spring,Afternoon,0.0289580017142157,0.0505999755112036,0.4999999999999999,-0.8660254037844387,-0.8660254037844384,-0.5000000000000004,76.95,96.92340199534874
12,4,MQ,LGA,1147,15,13,2,0,Winter,Afternoon,0.0019897147055222,0.0026631566058528,-2.4492935982947064e-16,1.0,-0.7071067811865471,-0.7071067811865479,99.97,128.18093592103804
6,30,B6,JFK,199,8,4,6,1,Summer,Morning,0.0007346638912697,0.0007346638912697,1.2246467991473532e-16,-1.0,0.8660254037844387,-0.4999999999999998,128.16,125.89802923941366
3,7,UA,EWR,2227,18,32,3,0,Spring,Evening,0.0058773111301579,0.0178768213542304,1.0,6.123233995736766e-17,-1.0,-1.8369701987210294e-16,191.37,176.04112224979886
5,10,EV,EWR,748,20,2,4,0,Spring,Evening,0.0063364760622015,0.0170503244765519,0.4999999999999999,-0.8660254037844387,-0.8660254037844386,0.5000000000000001,90.07,101.8423989447053
4,16,B6,LGA,1047,13,13,1,0,Spring,Afternoon,0.0026019346149136,0.0041630953838618,0.8660254037844387,-0.4999999999999998,-0.2588190451025208,-0.9659258262890684,112.04,104.49432296582171
11,20,UA,LGA,1620,11,10,2,0,Fall,Morning,0.0119995102240724,0.0225296926656054,-0.5000000000000004,0.8660254037844384,0.258819045102521,-0.9659258262890682,113.76,138.86503939146047
2,6,MQ,LGA,419,18,27,2,0,Winter,Evening,0.0059691441165666,0.0127035631198726,0.8660254037844386,0.5000000000000001,-1.0,-1.8369701987210294e-16,73.4,83.90364043285784
7,21,VX,JFK,2586,19,9,6,1,Summer,Evening,0.0254683482306844,0.0411717889065752,-0.4999999999999997,-0.8660254037844388,-0.9659258262890684,0.2588190451025203,209.05,241.29477923010353
4,23,AA,JFK,2475,16,57,1,0,Spring,Afternoon,0.0341312599485735,0.0484572058283335,0.8660254037844387,-0.4999999999999998,-0.8660254037844384,-0.5000000000000004,176.79,195.41546864812642
4,26,UA,EWR,937,14,3,4,0,Spring,Afternoon,0.0149075547936818,0.0421207297661319,0.8660254037844387,-0.4999999999999998,-0.4999999999999997,-0.8660254037844388,131.92,129.88110438503276
2,12,9E,JFK,740,19,9,1,0,Winter,Evening,0.0056936451573405,0.0486102608056814,0.8660254037844386,0.5000000000000001,-0.9659258262890684,0.2588190451025203,90.78,110.86544108580054
5,23,B6,JFK,2569,18,29,3,0,Spring,Evening,0.0010101628504958,0.0010101628504958,0.4999999999999999,-0.8660254037844387,-1.0,-1.8369701987210294e-16,195.27,184.66831115596352
7,5,DL,LGA,502,17,18,4,0,Summer,Evening,0.0150299987755601,0.0272131749724501,-0.4999999999999997,-0.8660254037844388,-0.9659258262890684,-0.2588190451025206,150.7,141.86832649516322
8,11,DL,JFK,2475,8,58,6,1,Summer,Morning,0.0341312599485735,0.0484572058283335,-0.8660254037844384,-0.5000000000000004,0.8660254037844387,-0.4999999999999998,190.21,229.7228967790264
8,4,US,LGA,96,13,22,6,1,Summer,Afternoon,0.0018060487327047,0.0042855393657401,-0.8660254037844384,-0.5000000000000004,-0.2588190451025208,-0.9659258262890684,63.15,102.2999466469056
1,24,EV,EWR,488,8,49,3,0,Winter,Morning,0.0088159666952369,0.0272131749724501,0.4999999999999999,0.8660254037844387,0.8660254037844387,-0.4999999999999998,82.75,85.26960059467407
2,7,MQ,LGA,419,11,30,3,0,Winter,Morning,0.0059691441165666,0.0127035631198726,0.8660254037844386,0.5000000000000001,0.258819045102521,-0.9659258262890682,63.36,71.88643310723387
4,12,EV,LGA,963,6,53,4,0,Spring,Morning,0.0026019346149136,0.0053569242071752,0.8660254037844387,-0.4999999999999998,1.0,6.123233995736766e-17,116.25,122.05009070927957
9,20,AA,JFK,1089,5,42,4,0,Fall,Morning,0.0105301824415329,0.0373454144728786,-1.0,-1.8369701987210294e-16,0.9659258262890684,0.2588190451025207,137.54,148.54486290786548
3,7,DL,EWR,746,10,27,3,0,Spring,Morning,0.0156728296804212,0.0505999755112036,1.0,6.123233995736766e-17,0.4999999999999999,-0.8660254037844387,98.37,106.15957236261679
3,16,MQ,JFK,765,17,58,5,1,Spring,Evening,0.0016529937553569,0.0170503244765519,1.0,6.123233995736766e-17,-0.9659258262890684,-0.2588190451025206,108.06,111.72009518884963
12,5,US,LGA,544,19,48,3,0,Winter,Evening,0.0178462103587608,0.042335006734419,-2.4492935982947064e-16,1.0,-0.9659258262890684,0.2588190451025203,102.73,119.93596403058454
3,23,B6,JFK,1576,0,33,5,1,Spring,Night,0.0016836047508264,0.0026019346149136,1.0,6.123233995736766e-17,0.0,1.0,88.28,114.52765123963812
4,12,UA,LGA,733,8,56,4,0,Spring,Morning,0.0245194073711277,0.0486102608056814,0.8660254037844387,-0.4999999999999998,0.8660254037844387,-0.4999999999999998,96.14,128.73454865665977
3,28,UA,LGA,1416,10,9,3,0,Spring,Morning,0.0089690216725847,0.0223154156973184,1.0,6.123233995736766e-17,0.4999999999999999,-0.8660254037844387,137.58,128.0480901680264
5,23,DL,JFK,1587,18,6,3,0,Spring,Evening,0.001071384841435,0.0019897147055222,0.4999999999999999,-0.8660254037844387,-1.0,-1.8369701987210294e-16,195.53,160.51254412133824
5,10,UA,JFK,2586,10,1,4,0,Spring,Morning,0.0254683482306844,0.0411717889065752,0.4999999999999999,-0.8660254037844387,0.4999999999999999,-0.8660254037844387,190.13,200.40778748022728
4,29,AA,LGA,733,16,2,0,0,Spring,Afternoon,0.0245194073711277,0.0486102608056814,0.8660254037844387,-0.4999999999999998,-0.8660254037844384,-0.5000000000000004,71.45,115.69110876863485
3,22,US,LGA,184,7,53,4,0,Spring,Morning,0.0115097342965593,0.0449981633402718,1.0,6.123233995736766e-17,0.9659258262890684,-0.2588190451025206,65.04,91.95680262971021
2,13,AA,JFK,1089,15,6,2,0,Winter,Afternoon,0.0105301824415329,0.0373454144728786,0.8660254037844386,0.5000000000000001,-0.7071067811865471,-0.7071067811865479,100.61,128.78518215435145
12,19,9E,JFK,213,8,29,3,0,Winter,Morning,0.0097036855638545,0.0294783886371984,-2.4492935982947064e-16,1.0,0.8660254037844387,-0.4999999999999998,103.68,107.75367111285956
11,21,B6,JFK,264,9,14,3,0,Fall,Morning,0.0047140933023141,0.0070099179625321,-0.5000000000000004,0.8660254037844384,0.7071067811865476,-0.7071067811865475,87.64,88.43289900839451
4,12,9E,JFK,740,19,36,4,0,Spring,Evening,0.0056936451573405,0.0486102608056814,0.8660254037844387,-0.4999999999999998,-0.9659258262890684,0.2588190451025203,135.97,127.36856771298949
8,1,B6,EWR,1065,13,35,3,0,Summer,Afternoon,0.0110811803599853,0.0362128076405044,-0.8660254037844384,-0.5000000000000004,-0.2588190451025208,-0.9659258262890684,124.36,136.3554988936724
5,31,DL,LGA,1010,15,26,4,0,Spring,Afternoon,0.0060609771029753,0.0228358026203012,0.4999999999999999,-0.8660254037844387,-0.7071067811865471,-0.7071067811865479,138.97,126.55936265649271
10,28,EV,LGA,585,14,45,0,0,Fall,Afternoon,0.000857107873148,0.0110199583690461,-0.8660254037844386,0.5000000000000001,-0.4999999999999997,-0.8660254037844388,67.05,73.13502195784162
8,26,AA,LGA,888,18,20,0,0,Summer,Evening,0.005938533121097,0.0131627280519162,-0.8660254037844384,-0.5000000000000004,-1.0,-1.8369701987210294e-16,135.02,144.68314864956199
5,9,EV,EWR,642,6,37,3,0,Spring,Morning,0.0024182686420962,0.0029692665605485,0.4999999999999999,-0.8660254037844387,1.0,6.123233995736766e-17,106.6,96.8571373124671
6,23,MQ,EWR,719,19,16,6,1,Summer,Evening,0.0183972082772131,0.0486102608056814,1.2246467991473532e-16,-1.0,-0.9659258262890684,0.2588190451025203,107.68,133.74047819690998
11,16,MQ,JFK,483,20,13,5,1,Fall,Evening,0.0022039916738092,0.0106526264234112,-0.5000000000000004,0.8660254037844384,-0.8660254037844386,0.5000000000000001,90.54,79.77279014097569
10,4,MQ,LGA,431,17,47,4,0,Fall,Evening,0.0108975143871678,0.0245194073711277,-0.8660254037844386,0.5000000000000001,-0.9659258262890684,-0.2588190451025206,93.54,96.65249892204395
7,23,9E,JFK,184,22,37,1,0,Summer,Night,0.0039182074201053,0.005938533121097,-0.4999999999999997,-0.8660254037844388,-0.5000000000000004,0.8660254037844384,93.15,93.54892285477008
7,7,EV,LGA,764,16,27,6,1,Summer,Afternoon,0.0090608546589935,0.0170503244765519,-0.4999999999999997,-0.8660254037844388,-0.8660254037844384,-0.5000000000000004,160.63,136.60070988905488
10,24,UA,EWR,1605,7,56,3,0,Fall,Morning,0.0080506918084976,0.0225296926656054,-0.8660254037844386,0.5000000000000001,0.9659258262890684,-0.2588190451025206,157.09,151.45793329959838
3,12,UA,EWR,997,19,31,1,0,Spring,Evening,0.00716297293988,0.0228358026203012,1.0,6.123233995736766e-17,-0.9659258262890684,0.2588190451025203,168.47,125.05401149420277
3,21,US,LGA,214,7,52,3,0,Spring,Morning,0.014540222848047,0.0294783886371984,1.0,6.123233995736766e-17,0.9659258262890684,-0.2588190451025206,68.99,82.24037858680992
10,29,UA,LGA,1416,10,29,1,0,Fall,Morning,0.0089690216725847,0.0223154156973184,-0.8660254037844386,0.5000000000000001,0.4999999999999999,-0.8660254037844387,105.22,127.89747397363769
9,27,UA,EWR,1068,6,57,4,0,Fall,Morning,0.0045610383249663,0.0106526264234112,-1.0,-1.8369701987210294e-16,1.0,6.123233995736766e-17,148.83,142.13842252113812
7,10,UA,EWR,1400,19,13,2,0,Summer,Evening,0.012458675156116,0.0223154156973184,-0.4999999999999997,-0.8660254037844388,-0.9659258262890684,0.2588190451025203,145.66,169.65432198792416
6,22,EV,EWR,1134,14,17,5,1,Summer,Afternoon,0.0022346026692788,0.0025407126239745,1.2246467991473532e-16,-1.0,-0.4999999999999997,-0.8660254037844388,107.81,116.74579505392327
4,18,UA,EWR,2565,11,24,3,0,Spring,Morning,0.0157034406758907,0.0411717889065752,0.8660254037844387,-0.4999999999999998,0.258819045102521,-0.9659258262890682,190.23,175.50477245060407
9,1,DL,JFK,2475,20,57,6,1,Fall,Evening,0.0341312599485735,0.0484572058283335,-1.0,-1.8369701987210294e-16,-0.8660254037844386,0.5000000000000001,196.67,195.12182706064954
11,12,US,JFK,2153,13,40,1,0,Fall,Afternoon,0.0054181461981143,0.0139586139341251,-0.5000000000000004,0.8660254037844384,-0.2588190451025208,-0.9659258262890684,154.41,164.35594689829426
12,10,DL,LGA,1076,6,57,1,0,Winter,Morning,0.0121525652014203,0.0362128076405044,-2.4492935982947064e-16,1.0,1.0,6.123233995736766e-17,162.05,153.72151159354394
11,25,9E,JFK,94,19,38,0,0,Fall,Evening,0.0024794906330353,0.0042855393657401,-0.5000000000000004,0.8660254037844384,-0.9659258262890684,0.2588190451025203,96.19,81.76033238478215
1,29,UA,EWR,1023,18,10,1,0,Winter,Evening,0.0067344190033059,0.018978817191135,0.4999999999999999,0.8660254037844387,-1.0,-1.8369701987210294e-16,161.2,126.91959918675836
12,11,US,LGA,184,12,52,2,0,Winter,Afternoon,0.0115097342965593,0.0449981633402718,-2.4492935982947064e-16,1.0,1.2246467991473532e-16,-1.0,104.86,92.97253164600428
7,26,DL,JFK,1587,19,25,4,0,Summer,Evening,0.001071384841435,0.0019897147055222,-0.4999999999999997,-0.8660254037844388,-0.9659258262890684,0.2588190451025203,223.99,194.46008913928
7,29,DL,LGA,762,5,56,0,0,Summer,Morning,0.0289580017142157,0.0505999755112036,-0.4999999999999997,-0.8660254037844388,0.9659258262890684,0.2588190451025207,93.81,118.88598121841349
9,19,UA,EWR,1605,12,5,3,0,Fall,Afternoon,0.0080506918084976,0.0225296926656054,-1.0,-1.8369701987210294e-16,1.2246467991473532e-16,-1.0,134.7,140.41759207407057
10,5,UA,JFK,2475,15,27,5,1,Fall,Afternoon,0.0341312599485735,0.0484572058283335,-0.8660254037844386,0.5000000000000001,-0.7071067811865471,-0.7071067811865479,157.5,177.0483662508555
7,24,AA,LGA,733,7,55,2,0,Summer,Morning,0.0245194073711277,0.0486102608056814,-0.4999999999999997,-0.8660254037844388,0.9659258262890684,-0.2588190451025206,131.86,136.01389848111933
4,21,DL,LGA,1076,19,49,6,1,Spring,Evening,0.0121525652014203,0.0362128076405044,0.8660254037844387,-0.4999999999999998,-0.9659258262890684,0.2588190451025203,136.71,141.14928978505247
6,17,EV,EWR,199,13,31,0,0,Summer,Afternoon,0.0052344802252969,0.0294783886371984,1.2246467991473532e-16,-1.0,-0.2588190451025208,-0.9659258262890684,88.93,82.92573557709048
11,12,EV,LGA,764,19,52,1,0,Fall,Evening,0.0090608546589935,0.0170503244765519,-0.5000000000000004,0.8660254037844384,-0.9659258262890684,0.2588190451025203,132.66,96.95419511132279
11,22,AA,JFK,1089,5,34,4,0,Fall,Morning,0.0105301824415329,0.0373454144728786,-0.5000000000000004,0.8660254037844384,0.9659258262890684,0.2588190451025207,142.49,148.34202971241382
6,10,UA,EWR,719,6,40,0,0,Summer,Morning,0.0183972082772131,0.0486102608056814,1.2246467991473532e-16,-1.0,1.0,6.123233995736766e-17,138.46,144.57627041865217
11,7,EV,EWR,246,22,22,3,0,Fall,Night,0.0016529937553569,0.0070099179625321,-0.5000000000000004,0.8660254037844384,-0.5000000000000004,0.8660254037844384,61.37,68.07541566105871
2,23,EV,EWR,628,14,29,5,1,Winter,Afternoon,0.0042855393657401,0.0091220766499326,0.8660254037844386,0.5000000000000001,-0.4999999999999997,-0.8660254037844388,84.23,82.58487469475756
10,2,AA,EWR,1085,6,29,2,0,Fall,Morning,0.0092751316272805,0.0373454144728786,-0.8660254037844386,0.5000000000000001,1.0,6.123233995736766e-17,139.82,133.10616313417182
12,24,9E,JFK,1182,19,2,1,0,Winter,Evening,0.004652871311375,0.0104995714460634,-2.4492935982947064e-16,1.0,-0.9659258262890684,0.2588190451025203,169.01,155.3845199582678
8,4,DL,LGA,1035,18,17,6,1,Summer,Evening,0.0074996938900453,0.018978817191135,-0.8660254037844384,-0.5000000000000004,-1.0,-1.8369701987210294e-16,202.33,171.885980446338
1,17,DL,LGA,502,18,35,3,0,Winter,Evening,0.0150299987755601,0.0272131749724501,0.4999999999999999,0.8660254037844387,-1.0,-1.8369701987210294e-16,125.43,101.39078353680259
3,31,DL,LGA,1183,14,25,6,1,Spring,Afternoon,0.0026325456103832,0.0104995714460634,1.0,6.123233995736766e-17,-0.4999999999999997,-0.8660254037844388,132.14,133.63972847152473
7,5,MQ,LGA,1020,14,15,4,0,Summer,Afternoon,0.010958736378107,0.0217950287743357,-0.4999999999999997,-0.8660254037844388,-0.4999999999999997,-0.8660254037844388,147.56,137.25154511179312
3,24,B6,JFK,301,19,54,6,1,Spring,Evening,0.0109281253826374,0.0149381657891514,1.0,6.123233995736766e-17,-0.9659258262890684,0.2588190451025203,82.01,106.22297420383623
8,5,WN,EWR,748,7,24,0,0,Summer,Morning,0.0063364760622015,0.0170503244765519,-0.8660254037844384,-0.5000000000000004,0.9659258262890684,-0.2588190451025206,100.77,105.68388024385132
9,23,EV,EWR,645,9,9,0,0,Fall,Morning,0.0041937063793314,0.0066119750214276,-1.0,-1.8369701987210294e-16,0.7071067811865476,-0.7071067811865475,117.31,93.71557032897863
6,7,US,JFK,541,18,32,4,0,Summer,Evening,0.0089996326680543,0.042335006734419,1.2246467991473532e-16,-1.0,-1.0,-1.8369701987210294e-16,154.35,144.26974313817215
7,23,MQ,LGA,544,14,6,1,0,Summer,Afternoon,0.0178462103587608,0.042335006734419,-0.4999999999999997,-0.8660254037844388,-0.4999999999999997,-0.8660254037844388,103.85,98.72062070213272
9,26,EV,LGA,461,15,6,3,0,Fall,Afternoon,0.0015305497734786,0.0046222603159054,-1.0,-1.8369701987210294e-16,-0.7071067811865471,-0.7071067811865479,78.29,69.91725331417356
3,3,UA,EWR,2434,18,21,6,1,Spring,Evening,0.0022958246602179,0.0022958246602179,1.0,6.123233995736766e-17,-1.0,-1.8369701987210294e-16,208.53,199.57501509244878
1,9,EV,EWR,820,15,10,2,0,Winter,Afternoon,0.0033059875107138,0.0075303048855148,0.4999999999999999,0.8660254037844387,-0.7071067811865471,-0.7071067811865479,117.49,90.9715393824138
12,11,MQ,LGA,502,13,53,2,0,Winter,Afternoon,0.0150299987755601,0.0272131749724501,-2.4492935982947064e-16,1.0,-0.2588190451025208,-0.9659258262890684,109.66,98.67883670120806
5,20,EV,EWR,642,22,37,0,0,Spring,Night,0.0024182686420962,0.0029692665605485,0.4999999999999999,-0.8660254037844387,-0.5000000000000004,0.8660254037844384,79.03,82.69550873989562
3,3,DL,LGA,1107,16,13,6,1,Spring,Afternoon,0.0012244398187829,0.0061528100893841,1.0,6.123233995736766e-17,-0.8660254037844384,-0.5000000000000004,149.97,144.8055213159571
1,26,UA,LGA,1416,5,29,5,1,Winter,Morning,0.0089690216725847,0.0223154156973184,0.4999999999999999,0.8660254037844387,0.9659258262890684,0.2588190451025207,79.66,128.76404963810117
2,22,B6,JFK,264,23,6,4,0,Winter,Night,0.0047140933023141,0.0070099179625321,0.8660254037844386,0.5000000000000001,-0.2588190451025215,0.965925826289068,101.91,92.36140814632151
4,22,EV,EWR,282,11,39,0,0,Spring,Morning,0.0035202644790008,0.0149381657891514,0.8660254037844387,-0.4999999999999998,0.258819045102521,-0.9659258262890682,39.0,64.27002904061112
4,5,UA,EWR,1400,17,31,4,0,Spring,Evening,0.012458675156116,0.0223154156973184,0.8660254037844387,-0.4999999999999998,-0.9659258262890684,-0.2588190451025206,129.98,159.74434394317962
12,5,WN,LGA,725,6,25,3,0,Winter,Morning,0.0067038080078364,0.0133770050202032,-2.4492935982947064e-16,1.0,1.0,6.123233995736766e-17,116.24,102.42314253394832
7,14,DL,JFK,2475,12,0,6,1,Summer,Afternoon,0.0341312599485735,0.0484572058283335,-0.4999999999999997,-0.8660254037844388,1.2246467991473532e-16,-1.0,214.91,219.4320532500089
7,23,DL,JFK,1990,12,51,1,0,Summer,Afternoon,0.0064895310395494,0.0074996938900453,-0.4999999999999997,-0.8660254037844388,1.2246467991473532e-16,-1.0,158.2,189.83429016058454
3,3,EV,EWR,143,20,12,6,1,Spring,Evening,0.0011326068323741,0.0011326068323741,1.0,6.123233995736766e-17,-0.8660254037844386,0.5000000000000001,59.42,70.31532969908656
11,11,DL,JFK,2586,12,56,0,0,Fall,Afternoon,0.0254683482306844,0.0411717889065752,-0.5000000000000004,0.8660254037844384,1.2246467991473532e-16,-1.0,197.6,189.47560857050456
4,21,WN,EWR,711,12,7,6,1,Spring,Afternoon,0.0066731970123668,0.0133770050202032,0.8660254037844387,-0.4999999999999998,1.2246467991473532e-16,-1.0,71.17,80.01270055312887
7,9,EV,EWR,594,7,15,1,0,Summer,Morning,0.0021733806783396,0.0025407126239745,-0.4999999999999997,-0.8660254037844388,0.9659258262890684,-0.2588190451025206,153.44,118.01143535560888
10,20,AA,LGA,1389,15,54,6,1,Fall,Afternoon,0.0143871678706991,0.0260499571446063,-0.8660254037844386,0.5000000000000001,-0.7071067811865471,-0.7071067811865479,153.33,147.92575514527795
7,21,B6,JFK,2422,19,38,6,1,Summer,Evening,0.0062446430757928,0.0113260683237418,-0.4999999999999997,-0.8660254037844388,-0.9659258262890684,0.2588190451025203,237.97,224.00401502725668
5,20,EV,EWR,583,8,33,0,0,Spring,Morning,0.0007652748867393,0.0007958858822088,0.4999999999999999,-0.8660254037844387,0.8660254037844387,-0.4999999999999998,121.9,96.48130853004002
6,7,DL,LGA,950,18,3,4,0,Summer,Evening,0.0110199583690461,0.0421207297661319,1.2246467991473532e-16,-1.0,-1.0,-1.8369701987210294e-16,166.75,159.58644726790214
6,11,EV,EWR,116,12,55,1,0,Summer,Afternoon,0.001499938778009,0.001499938778009,1.2246467991473532e-16,-1.0,1.2246467991473532e-16,-1.0,69.76,79.16359081801116
1,5,9E,JFK,290,18,5,5,1,Winter,Evening,0.001928492714583,0.0038263744336965,0.4999999999999999,0.8660254037844387,-1.0,-1.8369701987210294e-16,83.86,93.4179021619668
9,25,AA,LGA,1389,13,58,2,0,Fall,Afternoon,0.0143871678706991,0.0260499571446063,-1.0,-1.8369701987210294e-16,-0.2588190451025208,-0.9659258262890684,132.05,128.7154657944721
2,14,DL,LGA,1076,17,50,3,0,Winter,Evening,0.0121525652014203,0.0362128076405044,0.8660254037844386,0.5000000000000001,-0.9659258262890684,-0.2588190451025206,100.6,125.04025739705776
11,22,US,LGA,544,19,13,4,0,Fall,Evening,0.0178462103587608,0.042335006734419,-0.5000000000000004,0.8660254037844384,-0.9659258262890684,0.2588190451025203,100.58,112.026434358501
12,29,AA,EWR,1372,15,0,6,1,Winter,Afternoon,0.0093669646136892,0.0260499571446063,-2.4492935982947064e-16,1.0,-0.7071067811865471,-0.7071067811865479,170.61,171.57687225326075
8,19,EV,EWR,1325,20,12,0,0,Summer,Evening,0.0008877188686176,0.0008877188686176,-0.8660254037844384,-0.5000000000000004,-0.8660254037844386,0.5000000000000001,149.83,133.3306100002153
1,23,DL,JFK,1089,15,57,2,0,Winter,Afternoon,0.0105301824415329,0.0373454144728786,0.4999999999999999,0.8660254037844387,-0.7071067811865471,-0.7071067811865479,131.81,129.78483269390318
3,13,UA,LGA,733,15,53,2,0,Spring,Afternoon,0.0245194073711277,0.0486102608056814,1.0,6.123233995736766e-17,-0.7071067811865471,-0.7071067811865479,93.28,100.44721442003657
12,12,UA,LGA,733,8,54,3,0,Winter,Morning,0.0245194073711277,0.0486102608056814,-2.4492935982947064e-16,1.0,0.8660254037844387,-0.4999999999999998,143.01,137.27689433299832
6,8,B6,JFK,1598,14,56,5,1,Summer,Afternoon,0.0144177788661687,0.0179686543406391,1.2246467991473532e-16,-1.0,-0.4999999999999997,-0.8660254037844388,156.35,162.41192390600082
5,2,UA,EWR,1605,15,48,3,0,Spring,Afternoon,0.0080506918084976,0.0225296926656054,0.4999999999999999,-0.8660254037844387,-0.7071067811865471,-0.7071067811865479,159.7,143.11773748621198
9,29,AA,JFK,2248,7,5,6,1,Fall,Morning,0.0119995102240724,0.0178768213542304,-1.0,-1.8369701987210294e-16,0.9659258262890684,-0.2588190451025206,192.17,202.06632864330828
9,19,UA,EWR,937,7,15,3,0,Fall,Morning,0.0149075547936818,0.0421207297661319,-1.0,-1.8369701987210294e-16,0.9659258262890684,-0.2588190451025206,96.12,123.01030037388168
4,29,US,EWR,2133,17,38,0,0,Spring,Evening,0.0085404677360107,0.0139586139341251,0.8660254037844387,-0.4999999999999998,-0.9659258262890684,-0.2588190451025206,181.59,166.66251914857085
4,24,EV,EWR,445,16,57,2,0,Spring,Afternoon,0.0030917105424268,0.0046222603159054,0.8660254037844387,-0.4999999999999998,-0.8660254037844384,-0.5000000000000004,81.06,81.49437323048637
12,3,FL,LGA,762,14,30,1,0,Winter,Afternoon,0.0289580017142157,0.0505999755112036,-2.4492935982947064e-16,1.0,-0.4999999999999997,-0.8660254037844388,80.38,93.72208973054025
4,4,9E,JFK,427,16,4,3,0,Spring,Afternoon,0.0091832986408718,0.0245194073711277,0.8660254037844387,-0.4999999999999998,-0.8660254037844384,-0.5000000000000004,106.37,96.3324958163627
4,4,9E,JFK,427,19,59,3,0,Spring,Evening,0.0091832986408718,0.0245194073711277,0.8660254037844387,-0.4999999999999998,-0.9659258262890684,0.2588190451025203,101.0,93.19049985911587
1,2,MQ,LGA,762,6,24,2,0,Winter,Morning,0.0289580017142157,0.0505999755112036,0.4999999999999999,0.8660254037844387,1.0,6.123233995736766e-17,65.9,96.53445832386959
9,28,B6,JFK,1069,10,54,5,1,Fall,Morning,0.0129790620790988,0.0362128076405044,-1.0,-1.8369701987210294e-16,0.4999999999999999,-0.8660254037844387,121.4,114.05545157049797
6,23,US,LGA,214,21,8,6,1,Summer,Night,0.014540222848047,0.0294783886371984,1.2246467991473532e-16,-1.0,-0.7071067811865477,0.7071067811865474,119.99,114.35974416769567
10,13,UA,EWR,997,19,47,6,1,Fall,Evening,0.00716297293988,0.0228358026203012,-0.8660254037844386,0.5000000000000001,-0.9659258262890684,0.2588190451025203,145.78,139.8985553659942
2,1,UA,EWR,1400,15,16,4,0,Winter,Afternoon,0.012458675156116,0.0223154156973184,0.8660254037844386,0.5000000000000001,-0.7071067811865471,-0.7071067811865479,156.17,148.531531845889
9,16,MQ,JFK,213,11,14,0,0,Fall,Morning,0.0097036855638545,0.0294783886371984,-1.0,-1.8369701987210294e-16,0.258819045102521,-0.9659258262890682,45.98,67.5155819021098
6,3,DL,JFK,760,15,43,0,0,Summer,Afternoon,0.0059691441165666,0.0505999755112036,1.2246467991473532e-16,-1.0,-0.7071067811865471,-0.7071067811865479,156.65,135.38546476748024
4,19,AA,LGA,1096,6,3,4,0,Spring,Morning,0.0175401004040651,0.0373454144728786,0.8660254037844387,-0.4999999999999998,1.0,6.123233995736766e-17,147.82,147.4858331765498
12,8,EV,EWR,628,14,56,6,1,Winter,Afternoon,0.0042855393657401,0.0091220766499326,-2.4492935982947064e-16,1.0,-0.4999999999999997,-0.8660254037844388,112.25,121.03112364066322
7,17,B6,JFK,1041,7,55,2,0,Summer,Morning,0.0015611607689482,0.0041630953838618,-0.4999999999999997,-0.8660254037844388,0.9659258262890684,-0.2588190451025206,157.98,152.15422317392765
10,18,AA,JFK,2248,17,1,4,0,Fall,Evening,0.0119995102240724,0.0178768213542304,-0.8660254037844386,0.5000000000000001,-0.9659258262890684,-0.2588190451025206,236.2,208.11141824065007
3,26,AA,LGA,1389,10,52,1,0,Spring,Morning,0.0143871678706991,0.0260499571446063,1.0,6.123233995736766e-17,0.4999999999999999,-0.8660254037844387,177.02,130.99966133748177
9,12,AA,LGA,733,6,23,3,0,Fall,Morning,0.0245194073711277,0.0486102608056814,-1.0,-1.8369701987210294e-16,1.0,6.123233995736766e-17,146.18,117.0381669029433
2,21,B6,JFK,1069,17,21,3,0,Winter,Evening,0.0129790620790988,0.0362128076405044,0.8660254037844386,0.5000000000000001,-0.9659258262890684,-0.2588190451025206,125.23,125.10255539623118
12,11,EV,EWR,748,7,24,2,0,Winter,Morning,0.0063364760622015,0.0170503244765519,-2.4492935982947064e-16,1.0,0.9659258262890684,-0.2588190451025206,126.37,123.3537839648319
1,26,DL,LGA,1020,17,57,5,1,Winter,Evening,0.010958736378107,0.0217950287743357,0.4999999999999999,0.8660254037844387,-0.9659258262890684,-0.2588190451025206,142.07,126.34631106122524
2,27,DL,LGA,502,5,54,2,0,Winter,Morning,0.0150299987755601,0.0272131749724501,0.8660254037844386,0.5000000000000001,0.9659258262890684,0.2588190451025207,98.75,93.23990964040806
3,31,UA,EWR,1068,6,52,6,1,Spring,Morning,0.0045610383249663,0.0106526264234112,1.0,6.123233995736766e-17,1.0,6.123233995736766e-17,148.94,137.71524889362644
7,18,AA,JFK,187,8,37,3,0,Summer,Morning,0.0179074323497,0.0449981633402718,-0.4999999999999997,-0.8660254037844388,0.8660254037844387,-0.4999999999999998,139.08,127.40065286356912
10,26,UA,EWR,1167,6,51,5,1,Fall,Morning,0.0032141545243051,0.0104995714460634,-0.8660254037844386,0.5000000000000001,1.0,6.123233995736766e-17,128.37,133.17672889609452
8,27,DL,LGA,1076,14,31,1,0,Summer,Afternoon,0.0121525652014203,0.0362128076405044,-0.8660254037844384,-0.5000000000000004,-0.4999999999999997,-0.8660254037844388,144.67,141.03218948029334
11,20,AA,JFK,187,12,39,2,0,Fall,Afternoon,0.0179074323497,0.0449981633402718,-0.5000000000000004,0.8660254037844384,1.2246467991473532e-16,-1.0,76.93,91.08657261677858
12,19,B6,EWR,1068,7,56,3,0,Winter,Morning,0.0045610383249663,0.0106526264234112,-2.4492935982947064e-16,1.0,0.9659258262890684,-0.2588190451025206,148.6,145.94156361542792
12,3,UA,EWR,2133,18,4,1,0,Winter,Evening,0.0085404677360107,0.0139586139341251,-2.4492935982947064e-16,1.0,-1.0,-1.8369701987210294e-16,199.19,198.0895199017313
1,24,DL,LGA,762,6,52,3,0,Winter,Morning,0.0289580017142157,0.0505999755112036,0.4999999999999999,0.8660254037844387,1.0,6.123233995736766e-17,119.7,118.61701766223469
8,21,B6,JFK,187,13,57,2,0,Summer,Afternoon,0.0179074323497,0.0449981633402718,-0.8660254037844384,-0.5000000000000004,-0.2588190451025208,-0.9659258262890684,116.72,101.11188529708119
10,6,B6,JFK,199,11,49,6,1,Fall,Morning,0.0007346638912697,0.0007346638912697,-0.8660254037844386,0.5000000000000001,0.258819045102521,-0.9659258262890682,87.23,89.73670333058722
12,24,MQ,LGA,431,17,53,1,0,Winter,Evening,0.0108975143871678,0.0245194073711277,-2.4492935982947064e-16,1.0,-0.9659258262890684,-0.2588190451025206,113.19,104.6018536482681
8,26,B6,JFK,1074,6,21,0,0,Summer,Morning,0.0040712623974531,0.0106526264234112,-0.8660254037844384,-0.5000000000000004,1.0,6.123233995736766e-17,151.98,152.09064472602904
10,12,B6,JFK,266,22,36,5,1,Fall,Night,0.0040406514019835,0.0077139708583323,-0.8660254037844386,0.5000000000000001,-0.5000000000000004,0.8660254037844384,53.31,75.17173520381006
6,14,AA,EWR,1372,9,14,4,0,Summer,Morning,0.0093669646136892,0.0260499571446063,1.2246467991473532e-16,-1.0,0.7071067811865476,-0.7071067811865475,220.72,184.83347075711526
6,27,UA,EWR,200,20,42,3,0,Summer,Evening,0.0155809966940124,0.0449981633402718,1.2246467991473532e-16,-1.0,-0.8660254037844386,0.5000000000000001,96.66,106.96757192376481
11,1,UA,EWR,200,20,56,4,0,Fall,Evening,0.0155809966940124,0.0449981633402718,-0.5000000000000004,0.8660254037844384,-0.8660254037844386,0.5000000000000001,62.67,93.52169702972299
4,15,EV,EWR,645,11,59,0,0,Spring,Morning,0.0041937063793314,0.0066119750214276,0.8660254037844387,-0.4999999999999998,0.258819045102521,-0.9659258262890682,63.51,80.01451824936605
9,2,EV,EWR,746,21,22,0,0,Fall,Night,0.0156728296804212,0.0505999755112036,-1.0,-1.8369701987210294e-16,-0.7071067811865477,0.7071067811865474,63.91,89.63996217056345
7,20,EV,EWR,199,14,5,5,1,Summer,Afternoon,0.0052344802252969,0.0294783886371984,-0.4999999999999997,-0.8660254037844388,-0.4999999999999997,-0.8660254037844388,83.32,84.68376558636531
6,25,B6,EWR,200,6,7,1,0,Summer,Morning,0.0155809966940124,0.0449981633402718,1.2246467991473532e-16,-1.0,1.0,6.123233995736766e-17,94.17,108.6719982149312
6,24,DL,LGA,950,6,57,0,0,Summer,Morning,0.0110199583690461,0.0421207297661319,1.2246467991473532e-16,-1.0,1.0,6.123233995736766e-17,142.87,149.5718599494449
3,9,UA,EWR,997,17,12,5,1,Spring,Evening,0.00716297293988,0.0228358026203012,1.0,6.123233995736766e-17,-0.9659258262890684,-0.2588190451025206,139.02,125.55221693958362
7,3,MQ,LGA,762,8,33,2,0,Summer,Morning,0.0289580017142157,0.0505999755112036,-0.4999999999999997,-0.8660254037844388,0.8660254037844387,-0.4999999999999998,121.62,119.11091897639074
1,22,WN,EWR,169,18,11,1,0,Winter,Evening,0.0019591037100526,0.005938533121097,0.4999999999999999,0.8660254037844387,-1.0,-1.8369701987210294e-16,63.03,62.163133661135774
12,11,MQ,JFK,184,16,26,2,0,Winter,Afternoon,0.0039182074201053,0.005938533121097,-2.4492935982947064e-16,1.0,-0.8660254037844384,-0.5000000000000004,118.13,104.92070146308801
12,23,B6,JFK,541,8,22,0,0,Winter,Morning,0.0089996326680543,0.042335006734419,-2.4492935982947064e-16,1.0,0.8660254037844387,-0.4999999999999998,131.89,127.12812229915994
8,23,EV,EWR,533,16,19,4,0,Summer,Afternoon,0.0026631566058528,0.0036733194563487,-0.8660254037844384,-0.5000000000000004,-0.8660254037844384,-0.5000000000000004,89.18,128.0079967205262
2,7,DL,JFK,1074,15,59,3,0,Winter,Afternoon,0.0040712623974531,0.0106526264234112,0.8660254037844386,0.5000000000000001,-0.7071067811865471,-0.7071067811865479,122.64,125.1365772668255
6,23,AA,LGA,1096,13,41,6,1,Summer,Afternoon,0.0175401004040651,0.0373454144728786,1.2246467991473532e-16,-1.0,-0.2588190451025208,-0.9659258262890684,119.77,165.9196387663851
3,25,DL,JFK,760,18,25,0,0,Spring,Evening,0.0059691441165666,0.0505999755112036,1.0,6.123233995736766e-17,-1.0,-1.8369701987210294e-16,116.76,127.26416437467535
5,17,UA,EWR,1068,6,33,4,0,Spring,Morning,0.0045610383249663,0.0106526264234112,0.4999999999999999,-0.8660254037844387,1.0,6.123233995736766e-17,141.6,143.84415938922857
10,22,AA,LGA,733,17,59,1,0,Fall,Evening,0.0245194073711277,0.0486102608056814,-0.8660254037844386,0.5000000000000001,-0.9659258262890684,-0.2588190451025206,131.17,115.60963293402969
5,16,UA,EWR,2434,12,11,3,0,Spring,Afternoon,0.0022958246602179,0.0022958246602179,0.4999999999999999,-0.8660254037844387,1.2246467991473532e-16,-1.0,191.77,171.55106218173216
1,11,B6,JFK,228,18,23,4,0,Winter,Evening,0.0076527488673931,0.0163768825762213,0.4999999999999999,0.8660254037844387,-1.0,-1.8369701987210294e-16,106.04,102.42014150258868
9,9,FL,LGA,762,18,53,0,0,Fall,Evening,0.0289580017142157,0.0505999755112036,-1.0,-1.8369701987210294e-16,-1.0,-1.8369701987210294e-16,83.89,90.17511008663753
7,27,B6,JFK,273,17,34,5,1,Summer,Evening,0.003795763438227,0.0069793069670625,-0.4999999999999997,-0.8660254037844388,-0.9659258262890684,-0.2588190451025206,122.76,120.56282860183718
3,24,DL,LGA,502,7,17,6,1,Spring,Morning,0.0150299987755601,0.0272131749724501,1.0,6.123233995736766e-17,0.9659258262890684,-0.2588190451025206,99.34,114.51012047715201
11,28,B6,JFK,1598,5,59,3,0,Fall,Morning,0.0144177788661687,0.0179686543406391,-0.5000000000000004,0.8660254037844384,0.9659258262890684,0.2588190451025207,136.13,138.03860835346384
9,15,DL,LGA,762,15,57,6,1,Fall,Afternoon,0.0289580017142157,0.0505999755112036,-1.0,-1.8369701987210294e-16,-0.7071067811865471,-0.7071067811865479,147.4,113.627197508494
7,5,DL,JFK,187,21,40,4,0,Summer,Night,0.0179074323497,0.0449981633402718,-0.4999999999999997,-0.8660254037844388,-0.7071067811865477,0.7071067811865474,114.97,118.50286425149687
1,30,MQ,LGA,1147,17,40,2,0,Winter,Evening,0.0019897147055222,0.0026631566058528,0.4999999999999999,0.8660254037844387,-0.9659258262890684,-0.2588190451025206,124.88,115.44454058567041
10,22,AA,JFK,2586,7,44,1,0,Fall,Morning,0.0254683482306844,0.0411717889065752,-0.8660254037844386,0.5000000000000001,0.9659258262890684,-0.2588190451025206,208.75,201.6892377909047
9,27,AA,JFK,2475,19,4,4,0,Fall,Evening,0.0341312599485735,0.0484572058283335,-1.0,-1.8369701987210294e-16,-0.9659258262890684,0.2588190451025203,199.06,212.60895047824786
6,29,B6,LGA,1080,13,39,5,1,Summer,Afternoon,0.0020203257009917,0.0106526264234112,1.2246467991473532e-16,-1.0,-0.2588190451025208,-0.9659258262890684,144.64,129.49024370861957
3,25,B6,JFK,1074,19,20,0,0,Spring,Evening,0.0040712623974531,0.0106526264234112,1.0,6.123233995736766e-17,-0.9659258262890684,0.2588190451025203,128.19,125.49388894352526
1,14,9E,LGA,618,10,8,0,0,Winter,Morning,6.122199093914534e-05,0.0022346026692788,0.4999999999999999,0.8660254037844387,0.4999999999999999,-0.8660254037844387,80.48,82.37126065769854
4,4,AA,JFK,2586,11,28,3,0,Spring,Morning,0.0254683482306844,0.0411717889065752,0.8660254037844387,-0.4999999999999998,0.258819045102521,-0.9659258262890682,173.51,185.9158431187778
7,31,B6,JFK,1005,6,47,2,0,Summer,Morning,0.0096118525774458,0.0228358026203012,-0.4999999999999997,-0.8660254037844388,1.0,6.123233995736766e-17,136.32,149.9160679089262
3,1,UA,EWR,1085,14,53,4,0,Spring,Afternoon,0.0092751316272805,0.0373454144728786,1.0,6.123233995736766e-17,-0.4999999999999997,-0.8660254037844388,120.3,136.67529179607246
2,12,WN,LGA,738,12,26,1,0,Winter,Afternoon,0.0044692053385576,0.0082955797722541,0.8660254037844386,0.5000000000000001,1.2246467991473532e-16,-1.0,75.39,70.78117654228845
8,1,B6,JFK,828,7,55,3,0,Summer,Morning,0.003795763438227,0.0075303048855148,-0.8660254037844384,-0.5000000000000004,0.9659258262890684,-0.2588190451025206,123.74,141.4995228307527
9,18,UA,EWR,2402,6,44,2,0,Fall,Morning,0.005081425247949,0.0113260683237418,-1.0,-1.8369701987210294e-16,1.0,6.123233995736766e-17,183.29,182.9154428380385
9,13,UA,EWR,2133,12,0,4,0,Fall,Afternoon,0.0085404677360107,0.0139586139341251,-1.0,-1.8369701987210294e-16,1.2246467991473532e-16,-1.0,152.47,169.15921200053913
7,2,EV,EWR,416,17,16,1,0,Summer,Evening,0.004438594343088,0.0245194073711277,-0.4999999999999997,-0.8660254037844388,-0.9659258262890684,-0.2588190451025206,106.96,109.03268093593607
12,3,WN,EWR,1504,9,32,1,0,Winter,Morning,0.0028774335741398,0.0074996938900453,-2.4492935982947064e-16,1.0,0.7071067811865476,-0.7071067811865475,133.33,134.29342769036393
11,1,DL,JFK,1990,10,53,4,0,Fall,Morning,0.0064895310395494,0.0074996938900453,-0.5000000000000004,0.8660254037844384,0.4999999999999999,-0.8660254037844387,225.39,177.45714098700057
6,16,EV,EWR,404,6,26,6,1,Summer,Morning,0.0048365372841924,0.0127035631198726,1.2246467991473532e-16,-1.0,1.0,6.123233995736766e-17,92.5,115.60069452742277
5,21,EV,JFK,228,5,54,1,0,Spring,Morning,0.0076527488673931,0.0163768825762213,0.4999999999999999,-0.8660254037844387,0.9659258262890684,0.2588190451025207,89.51,76.3186243783592
4,4,B6,JFK,636,7,57,3,0,Spring,Morning,0.0033672095016529,0.0091220766499326,0.8660254037844387,-0.4999999999999998,0.9659258262890684,-0.2588190451025206,106.3,102.5133683309512
12,2,DL,JFK,2248,8,15,0,0,Winter,Morning,0.0119995102240724,0.0178768213542304,-2.4492935982947064e-16,1.0,0.8660254037844387,-0.4999999999999998,232.18,210.70070799710777
8,24,B6,EWR,937,11,6,5,1,Summer,Morning,0.0149075547936818,0.0421207297661319,-0.8660254037844384,-0.5000000000000004,0.258819045102521,-0.9659258262890682,118.37,128.6253898261198
12,18,MQ,LGA,431,16,22,2,0,Winter,Afternoon,0.0108975143871678,0.0245194073711277,-2.4492935982947064e-16,1.0,-0.8660254037844384,-0.5000000000000004,112.23,101.76231566795015
8,6,UA,EWR,997,20,50,1,0,Summer,Evening,0.00716297293988,0.0228358026203012,-0.8660254037844384,-0.5000000000000004,-0.8660254037844386,0.5000000000000001,136.94,142.2721055363761
8,2,AA,LGA,733,19,42,4,0,Summer,Evening,0.0245194073711277,0.0486102608056814,-0.8660254037844384,-0.5000000000000004,-0.9659258262890684,0.2588190451025203,192.31,157.55804339922747
2,28,AA,LGA,733,7,56,3,0,Winter,Morning,0.0245194073711277,0.0486102608056814,0.8660254037844386,0.5000000000000001,0.9659258262890684,-0.2588190451025206,117.77,117.54355365171325
8,2,DL,LGA,1183,7,59,4,0,Summer,Morning,0.0026325456103832,0.0104995714460634,-0.8660254037844384,-0.5000000000000004,0.9659258262890684,-0.2588190451025206,188.98,171.56124584531267
5,27,VX,JFK,2475,7,16,0,0,Spring,Morning,0.0341312599485735,0.0484572058283335,0.4999999999999999,-0.8660254037844387,0.9659258262890684,-0.2588190451025206,192.04,197.17095873213788
2,20,B6,LGA,950,7,48,2,0,Winter,Morning,0.0110199583690461,0.0421207297661319,0.8660254037844386,0.5000000000000001,0.9659258262890684,-0.2588190451025206,109.29,108.57341353987363
11,3,AA,JFK,2475,21,59,6,1,Fall,Night,0.0341312599485735,0.0484572058283335,-0.5000000000000004,0.8660254037844384,-0.7071067811865477,0.7071067811865474,178.39,192.0955507155487
5,29,EV,EWR,645,13,24,2,0,Spring,Afternoon,0.0041937063793314,0.0066119750214276,0.4999999999999999,-0.8660254037844387,-0.2588190451025208,-0.9659258262890684,91.06,81.064004510765
5,19,EV,EWR,160,16,36,6,1,Spring,Afternoon,0.0013162728051916,0.0013162728051916,0.4999999999999999,-0.8660254037844387,-0.8660254037844384,-0.5000000000000004,102.74,81.50316246270343
5,1,AA,LGA,1389,12,43,2,0,Spring,Afternoon,0.0143871678706991,0.0260499571446063,0.4999999999999999,-0.8660254037844387,1.2246467991473532e-16,-1.0,129.41,134.16425271329416
1,22,UA,EWR,2402,10,45,1,0,Winter,Morning,0.005081425247949,0.0113260683237418,0.4999999999999999,0.8660254037844387,0.4999999999999999,-0.8660254037844387,171.05,171.62551212321833
4,24,MQ,LGA,764,15,49,2,0,Spring,Afternoon,0.0090608546589935,0.0170503244765519,0.8660254037844387,-0.4999999999999998,-0.7071067811865471,-0.7071067811865479,62.04,86.99753127514782
5,8,9E,JFK,745,18,26,2,0,Spring,Evening,0.0004591649320435,0.0082955797722541,0.4999999999999999,-0.8660254037844387,-1.0,-1.8369701987210294e-16,107.33,110.01961462039165
12,26,MQ,LGA,764,8,24,3,0,Winter,Morning,0.0090608546589935,0.0170503244765519,-2.4492935982947064e-16,1.0,0.8660254037844387,-0.4999999999999998,85.16,117.50947846001237
5,24,DL,JFK,2586,9,57,4,0,Spring,Morning,0.0254683482306844,0.0411717889065752,0.4999999999999999,-0.8660254037844387,0.7071067811865476,-0.7071067811865475,197.28,216.54389420428498
5,17,B6,JFK,2422,17,28,4,0,Spring,Evening,0.0062446430757928,0.0113260683237418,0.4999999999999999,-0.8660254037844387,-0.9659258262890684,-0.2588190451025206,212.0,194.68939618483614
12,11,AA,JFK,2446,17,4,2,0,Winter,Evening,0.0045304273294967,0.0081119137994367,-2.4492935982947064e-16,1.0,-0.9659258262890684,-0.2588190451025206,240.58,230.93405690458383
5,19,B6,JFK,427,23,10,6,1,Spring,Night,0.0091832986408718,0.0245194073711277,0.4999999999999999,-0.8660254037844387,-0.2588190451025215,0.965925826289068,143.87,100.28378996396322
1,2,DL,LGA,1620,19,7,2,0,Winter,Evening,0.0119995102240724,0.0225296926656054,0.4999999999999999,0.8660254037844387,-0.9659258262890684,0.2588190451025203,129.89,151.51904688492482
5,25,US,EWR,529,4,56,5,1,Spring,Night,0.0154891637076037,0.042335006734419,0.4999999999999999,-0.8660254037844387,0.8660254037844386,0.5000000000000001,96.09,77.61424052692809
9,8,AA,LGA,1389,9,7,6,1,Fall,Morning,0.0143871678706991,0.0260499571446063,-1.0,-1.8369701987210294e-16,0.7071067811865476,-0.7071067811865475,170.04,154.76026956472242
6,2,B6,JFK,541,8,23,6,1,Summer,Morning,0.0089996326680543,0.042335006734419,1.2246467991473532e-16,-1.0,0.8660254037844387,-0.4999999999999998,139.85,140.05038816924173
11,6,B6,JFK,1069,13,25,2,0,Fall,Afternoon,0.0129790620790988,0.0362128076405044,-0.5000000000000004,0.8660254037844384,-0.2588190451025208,-0.9659258262890684,118.89,113.8914249362594
10,13,9E,JFK,184,14,41,6,1,Fall,Afternoon,0.0039182074201053,0.005938533121097,-0.8660254037844386,0.5000000000000001,-0.4999999999999997,-0.8660254037844388,78.55,80.78797282334637
8,27,UA,EWR,2454,6,0,1,0,Summer,Morning,0.01432594587976,0.0484572058283335,-0.8660254037844384,-0.5000000000000004,1.0,6.123233995736766e-17,213.1,211.1731915275551
9,4,UA,EWR,2565,9,27,2,0,Fall,Morning,0.0157034406758907,0.0411717889065752,-1.0,-1.8369701987210294e-16,0.7071067811865476,-0.7071067811865475,175.39,187.68744640028325
10,26,UA,LGA,1620,7,56,5,1,Fall,Morning,0.0119995102240724,0.0225296926656054,-0.8660254037844386,0.5000000000000001,0.9659258262890684,-0.2588190451025206,119.35,145.86927441960302
11,2,US,EWR,2133,13,51,5,1,Fall,Afternoon,0.0085404677360107,0.0139586139341251,-0.5000000000000004,0.8660254037844384,-0.2588190451025208,-0.9659258262890684,136.98,150.2931285022091
9,23,MQ,LGA,1020,14,44,0,0,Fall,Afternoon,0.010958736378107,0.0217950287743357,-1.0,-1.8369701987210294e-16,-0.4999999999999997,-0.8660254037844388,97.92,97.97011016986093
1,10,B6,JFK,264,9,8,3,0,Winter,Morning,0.0047140933023141,0.0070099179625321,0.4999999999999999,0.8660254037844387,0.7071067811865476,-0.7071067811865475,77.81,91.68679064422419
2,2,AA,LGA,1096,20,24,5,1,Winter,Evening,0.0175401004040651,0.0373454144728786,0.8660254037844386,0.5000000000000001,-0.8660254037844386,0.5000000000000001,109.57,120.55150061870435
6,10,B6,JFK,2248,9,42,0,0,Summer,Morning,0.0119995102240724,0.0178768213542304,1.2246467991473532e-16,-1.0,0.7071067811865476,-0.7071067811865475,194.28,205.71615357244124
11,1,EV,EWR,463,12,34,4,0,Fall,Afternoon,0.0025407126239745,0.0106526264234112,-0.5000000000000004,0.8660254037844384,1.2246467991473532e-16,-1.0,100.03,83.87475872345098
5,6,UA,EWR,200,21,20,0,0,Spring,Night,0.0155809966940124,0.0449981633402718,0.4999999999999999,-0.8660254037844387,-0.7071067811865477,0.7071067811865474,83.01,78.13006998832034
12,5,B6,LGA,1035,7,29,3,0,Winter,Morning,0.0074996938900453,0.018978817191135,-2.4492935982947064e-16,1.0,0.9659258262890684,-0.2588190451025206,129.32,138.5346255596413
7,24,EV,EWR,594,7,18,2,0,Summer,Morning,0.0021733806783396,0.0025407126239745,-0.4999999999999997,-0.8660254037844388,0.9659258262890684,-0.2588190451025206,131.7,117.91425542180725
8,9,MQ,LGA,479,9,14,4,0,Summer,Morning,0.0059079221256275,0.0106526264234112,-0.8660254037844384,-0.5000000000000004,0.7071067811865476,-0.7071067811865475,148.04,124.02161156974157
5,31,B6,JFK,636,7,52,4,0,Spring,Morning,0.0033672095016529,0.0091220766499326,0.4999999999999999,-0.8660254037844387,0.9659258262890684,-0.2588190451025206,131.47,118.51503302355559
4,27,DL,JFK,1626,16,2,5,1,Spring,Afternoon,0.0024794906330353,0.0225296926656054,0.8660254037844387,-0.4999999999999998,-0.8660254037844384,-0.5000000000000004,179.67,163.60144600238647
12,3,EV,EWR,725,20,45,1,0,Winter,Evening,0.0033672095016529,0.0082955797722541,-2.4492935982947064e-16,1.0,-0.8660254037844386,0.5000000000000001,135.74,109.77024557541989
8,28,9E,JFK,184,11,56,2,0,Summer,Morning,0.0039182074201053,0.005938533121097,-0.8660254037844384,-0.5000000000000004,0.258819045102521,-0.9659258262890682,112.78,99.44770956357584
3,27,EV,EWR,195,8,20,2,0,Spring,Morning,0.0005509979184523,0.0056018121709317,1.0,6.123233995736766e-17,0.8660254037844387,-0.4999999999999998,84.89,69.3182842986685
2,3,DL,JFK,944,11,25,6,1,Winter,Morning,0.0161932166034039,0.0421207297661319,0.8660254037844386,0.5000000000000001,0.258819045102521,-0.9659258262890682,153.37,135.47346523994216
8,16,EV,EWR,1131,8,27,4,0,Summer,Morning,0.0006734419003305,0.0026631566058528,-0.8660254037844384,-0.5000000000000004,0.8660254037844387,-0.4999999999999998,164.25,144.51197576211808
5,24,EV,EWR,209,8,24,4,0,Spring,Morning,0.0020203257009917,0.0023264356556875,0.4999999999999999,-0.8660254037844387,0.8660254037844387,-0.4999999999999998,68.01,87.99804274699683
10,16,9E,LGA,1031,18,48,2,0,Fall,Evening,0.0002754989592261,0.0011326068323741,-0.8660254037844386,0.5000000000000001,-1.0,-1.8369701987210294e-16,122.48,118.77880050744699
12,13,WN,EWR,1411,6,14,4,0,Winter,Morning,0.0028468225786702,0.0067650299987755,-2.4492935982947064e-16,1.0,1.0,6.123233995736766e-17,122.7,151.2970904040127
12,29,DL,LGA,762,18,1,6,1,Winter,Evening,0.0289580017142157,0.0505999755112036,-2.4492935982947064e-16,1.0,-1.0,-1.8369701987210294e-16,133.91,148.08137566778402
6,22,US,LGA,184,9,50,5,1,Summer,Morning,0.0115097342965593,0.0449981633402718,1.2246467991473532e-16,-1.0,0.7071067811865476,-0.7071067811865475,126.38,108.25526212433047
3,8,B6,JFK,2569,19,28,4,0,Spring,Evening,0.0010101628504958,0.0010101628504958,1.0,6.123233995736766e-17,-0.9659258262890684,0.2588190451025203,220.13,197.9222975340892
9,9,US,EWR,529,8,19,0,0,Fall,Morning,0.0154891637076037,0.042335006734419,-1.0,-1.8369701987210294e-16,0.8660254037844387,-0.4999999999999998,121.54,100.13482861728556
12,11,MQ,JFK,213,15,30,2,0,Winter,Afternoon,0.0097036855638545,0.0294783886371984,-2.4492935982947064e-16,1.0,-0.7071067811865471,-0.7071067811865479,89.09,92.35320684309764
8,6,US,LGA,544,11,27,1,0,Summer,Morning,0.0178462103587608,0.042335006734419,-0.8660254037844384,-0.5000000000000004,0.258819045102521,-0.9659258262890682,88.51,108.39567006425446
1,18,9E,LGA,292,15,23,4,0,Winter,Afternoon,0.0014693277825394,0.0072854169217582,0.4999999999999999,0.8660254037844387,-0.7071067811865471,-0.7071067811865479,83.76,85.40223072972694
2,11,US,LGA,96,18,50,0,0,Winter,Evening,0.0018060487327047,0.0042855393657401,0.8660254037844386,0.5000000000000001,-1.0,-1.8369701987210294e-16,79.72,79.64413486486282
3,9,US,EWR,529,8,8,5,1,Spring,Morning,0.0154891637076037,0.042335006734419,1.0,6.123233995736766e-17,0.8660254037844387,-0.4999999999999998,105.44,103.5618849952019
7,12,UA,EWR,2227,6,49,4,0,Summer,Morning,0.0058773111301579,0.0178768213542304,-0.4999999999999997,-0.8660254037844388,1.0,6.123233995736766e-17,247.43,219.8418559498284
1,12,EV,EWR,200,12,58,5,1,Winter,Afternoon,0.0155809966940124,0.0449981633402718,0.4999999999999999,0.8660254037844387,1.2246467991473532e-16,-1.0,52.67,63.072323806372594
8,30,DL,JFK,1598,6,52,4,0,Summer,Morning,0.0144177788661687,0.0179686543406391,-0.8660254037844384,-0.5000000000000004,1.0,6.123233995736766e-17,220.04,195.69540297330542
5,20,UA,EWR,2434,18,31,0,0,Spring,Evening,0.0018060487327047,0.0041630953838618,0.4999999999999999,-0.8660254037844387,-1.0,-1.8369701987210294e-16,167.57,182.56257439184486
9,26,EV,LGA,585,13,5,3,0,Fall,Afternoon,0.000857107873148,0.0110199583690461,-1.0,-1.8369701987210294e-16,-0.2588190451025208,-0.9659258262890684,82.88,73.35499936643178
9,17,UA,EWR,2454,9,11,1,0,Fall,Morning,0.01432594587976,0.0484572058283335,-1.0,-1.8369701987210294e-16,0.7071067811865476,-0.7071067811865475,173.63,184.44642848697225
12,28,EV,EWR,266,7,45,5,1,Winter,Morning,0.0026631566058528,0.0077139708583323,-2.4492935982947064e-16,1.0,0.9659258262890684,-0.2588190451025206,85.72,108.51398581943675
12,12,MQ,JFK,213,21,30,3,0,Winter,Night,0.0097036855638545,0.0294783886371984,-2.4492935982947064e-16,1.0,-0.7071067811865477,0.7071067811865474,82.12,97.72598683380579
7,7,MQ,LGA,431,15,32,6,1,Summer,Afternoon,0.0108975143871678,0.0245194073711277,-0.4999999999999997,-0.8660254037844388,-0.7071067811865471,-0.7071067811865479,105.26,105.43108296719599
11,28,EV,LGA,378,10,51,3,0,Fall,Morning,0.001285661809722,0.001285661809722,-0.5000000000000004,0.8660254037844384,0.4999999999999999,-0.8660254037844387,58.79,63.14028345343971
1,17,UA,EWR,1023,7,22,3,0,Winter,Morning,0.0067344190033059,0.018978817191135,0.4999999999999999,0.8660254037844387,0.9659258262890684,-0.2588190451025206,156.69,128.53783879822436
6,10,B6,JFK,1069,6,6,0,0,Summer,Morning,0.0129790620790988,0.0362128076405044,1.2246467991473532e-16,-1.0,1.0,6.123233995736766e-17,138.81,152.75910628379697
2,22,B6,JFK,1598,8,31,4,0,Winter,Morning,0.0144177788661687,0.0179686543406391,0.8660254037844386,0.5000000000000001,0.8660254037844387,-0.4999999999999998,163.71,161.05669197748674
2,24,WN,LGA,738,12,32,6,1,Winter,Afternoon,0.0044692053385576,0.0082955797722541,0.8660254037844386,0.5000000000000001,1.2246467991473532e-16,-1.0,45.3,76.07156032720437
12,29,EV,EWR,200,6,42,6,1,Winter,Morning,0.0155809966940124,0.0449981633402718,-2.4492935982947064e-16,1.0,1.0,6.123233995736766e-17,104.71,114.94543206453234
3,18,B6,JFK,273,13,55,0,0,Spring,Afternoon,0.003795763438227,0.0069793069670625,1.0,6.123233995736766e-17,-0.2588190451025208,-0.9659258262890684,79.7,78.78108470742683
5,29,DL,JFK,1990,6,57,2,0,Spring,Morning,0.0064895310395494,0.0074996938900453,0.4999999999999999,-0.8660254037844387,1.0,6.123233995736766e-17,163.9,172.96638439610598
12,4,WN,LGA,725,17,55,2,0,Winter,Evening,0.0067038080078364,0.0133770050202032,-2.4492935982947064e-16,1.0,-0.9659258262890684,-0.2588190451025206,134.6,101.1034084283484
6,18,VX,JFK,2475,18,38,1,0,Summer,Evening,0.0341312599485735,0.0484572058283335,1.2246467991473532e-16,-1.0,-1.0,-1.8369701987210294e-16,223.51,222.0319248818547
12,22,B6,JFK,636,13,53,6,1,Winter,Afternoon,0.0033672095016529,0.0091220766499326,-2.4492935982947064e-16,1.0,-0.2588190451025208,-0.9659258262890684,155.05,131.7330018495023
6,24,UA,EWR,719,6,9,0,0,Summer,Morning,0.0183972082772131,0.0486102608056814,1.2246467991473532e-16,-1.0,1.0,6.123233995736766e-17,139.07,142.35077824711212
5,18,US,JFK,541,10,6,5,1,Spring,Morning,0.0089996326680543,0.042335006734419,0.4999999999999999,-0.8660254037844387,0.4999999999999999,-0.8660254037844387,98.69,95.5184452851089
12,22,B6,JFK,2569,18,29,6,1,Winter,Evening,0.0010101628504958,0.0010101628504958,-2.4492935982947064e-16,1.0,-1.0,-1.8369701987210294e-16,269.24,228.5930124401824
10,6,WN,EWR,1167,18,44,6,1,Fall,Evening,0.0032141545243051,0.0104995714460634,-0.8660254037844386,0.5000000000000001,-1.0,-1.8369701987210294e-16,122.85,125.78430602434676
8,10,B6,EWR,1068,8,1,5,1,Summer,Morning,0.0045610383249663,0.0106526264234112,-0.8660254037844384,-0.5000000000000004,0.8660254037844387,-0.4999999999999998,177.98,149.21281939026227
1,28,MQ,LGA,762,8,59,0,0,Winter,Morning,0.0289580017142157,0.0505999755112036,0.4999999999999999,0.8660254037844387,0.8660254037844387,-0.4999999999999998,56.38,96.36816690229821
9,15,UA,EWR,404,15,25,6,1,Fall,Afternoon,0.0048365372841924,0.0127035631198726,-1.0,-1.8369701987210294e-16,-0.7071067811865471,-0.7071067811865479,69.2,98.13234891857269
6,28,DL,JFK,509,16,5,4,0,Summer,Afternoon,0.0033672095016529,0.0272131749724501,1.2246467991473532e-16,-1.0,-0.8660254037844384,-0.5000000000000004,143.08,147.76762908552467
8,1,B6,JFK,1990,19,41,3,0,Summer,Evening,0.0064895310395494,0.0074996938900453,-0.8660254037844384,-0.5000000000000004,-0.9659258262890684,0.2588190451025203,195.36,193.73727834929306
3,11,B6,JFK,1028,5,54,0,0,Spring,Morning,0.0047447042977837,0.018978817191135,1.0,6.123233995736766e-17,0.9659258262890684,0.2588190451025207,123.65,116.64375081494269
6,4,EV,LGA,461,19,3,1,0,Summer,Evening,0.0015305497734786,0.0046222603159054,1.2246467991473532e-16,-1.0,-0.9659258262890684,0.2588190451025203,109.0,105.44218930938914
5,15,UA,EWR,2565,13,53,2,0,Spring,Afternoon,0.0157034406758907,0.0411717889065752,0.4999999999999999,-0.8660254037844387,-0.2588190451025208,-0.9659258262890684,174.18,177.53720929628184
11,16,EV,EWR,594,15,21,5,1,Fall,Afternoon,0.0021733806783396,0.0025407126239745,-0.5000000000000004,0.8660254037844384,-0.7071067811865471,-0.7071067811865479,100.71,84.35218816868618
5,13,VX,JFK,2475,17,56,0,0,Spring,Evening,0.0341312599485735,0.0484572058283335,0.4999999999999999,-0.8660254037844387,-0.9659258262890684,-0.2588190451025206,215.56,199.42911902898896
1,18,UA,JFK,2586,7,13,4,0,Winter,Morning,0.0254683482306844,0.0411717889065752,0.4999999999999999,0.8660254037844387,0.9659258262890684,-0.2588190451025206,217.42,208.67529756492792
12,28,EV,EWR,209,7,24,5,1,Winter,Morning,0.0020203257009917,0.0023264356556875,-2.4492935982947064e-16,1.0,0.9659258262890684,-0.2588190451025206,120.98,102.72754214148326
1,4,EV,EWR,199,17,33,4,0,Winter,Evening,0.0052344802252969,0.0294783886371984,0.4999999999999999,0.8660254037844387,-0.9659258262890684,-0.2588190451025206,92.27,85.94684377013326
11,19,WN,EWR,1504,9,16,1,0,Fall,Morning,0.0028774335741398,0.0074996938900453,-0.5000000000000004,0.8660254037844384,0.7071067811865476,-0.7071067811865475,102.32,116.61429022497396
9,20,UA,LGA,1416,15,32,4,0,Fall,Afternoon,0.0089690216725847,0.0223154156973184,-1.0,-1.8369701987210294e-16,-0.7071067811865471,-0.7071067811865479,150.25,145.63365618303973
10,16,DL,JFK,1990,7,4,2,0,Fall,Morning,0.0064895310395494,0.0074996938900453,-0.8660254037844386,0.5000000000000001,0.9659258262890684,-0.2588190451025206,174.73,176.0499214014318
5,7,B6,LGA,1076,9,46,1,0,Spring,Morning,0.0121525652014203,0.0362128076405044,0.4999999999999999,-0.8660254037844387,0.7071067811865476,-0.7071067811865475,125.16,118.45899509868073
1,15,DL,JFK,2586,16,53,1,0,Winter,Afternoon,0.0254683482306844,0.0411717889065752,0.4999999999999999,0.8660254037844387,-0.8660254037844384,-0.5000000000000004,222.08,203.43272802329932
9,9,AA,EWR,1085,11,43,0,0,Fall,Morning,0.0092751316272805,0.0373454144728786,-1.0,-1.8369701987210294e-16,0.258819045102521,-0.9659258262890682,79.89,118.24196359007007
12,15,EV,LGA,1148,19,40,6,1,Winter,Evening,0.0003061099546957,0.0025407126239745,-2.4492935982947064e-16,1.0,-0.9659258262890684,0.2588190451025203,123.66,143.70236831308827
3,16,UA,EWR,1400,20,5,5,1,Spring,Evening,0.012458675156116,0.0223154156973184,1.0,6.123233995736766e-17,-0.8660254037844386,0.5000000000000001,107.94,128.49985054941752
10,2,US,JFK,541,13,42,2,0,Fall,Afternoon,0.0089996326680543,0.042335006734419,-0.8660254037844386,0.5000000000000001,-0.2588190451025208,-0.9659258262890684,84.54,90.4402763745982
11,30,EV,EWR,445,7,28,5,1,Fall,Morning,0.0030917105424268,0.0046222603159054,-0.5000000000000004,0.8660254037844384,0.9659258262890684,-0.2588190451025206,80.37,83.63615830361913
6,29,B6,JFK,2569,19,21,5,1,Summer,Evening,0.0010101628504958,0.0010101628504958,1.2246467991473532e-16,-1.0,-0.9659258262890684,0.2588190451025203,178.29,202.02825083840855
11,18,UA,LGA,1620,15,0,0,0,Fall,Afternoon,0.0119995102240724,0.0225296926656054,-0.5000000000000004,0.8660254037844384,-0.7071067811865471,-0.7071067811865479,126.24,137.17305450924476
6,19,9E,JFK,290,19,36,2,0,Summer,Evening,0.001928492714583,0.0038263744336965,1.2246467991473532e-16,-1.0,-0.9659258262890684,0.2588190451025203,97.13,119.22882476669702
11,16,B6,JFK,1069,14,25,5,1,Fall,Afternoon,0.0129790620790988,0.0362128076405044,-0.5000000000000004,0.8660254037844384,-0.4999999999999997,-0.8660254037844388,157.8,113.14080560214562
10,3,UA,EWR,719,16,18,3,0,Fall,Afternoon,0.0183972082772131,0.0486102608056814,-0.8660254037844386,0.5000000000000001,-0.8660254037844384,-0.5000000000000004,146.02,112.4544402521332
2,24,UA,EWR,2133,17,44,6,1,Winter,Evening,0.0085404677360107,0.0139586139341251,0.8660254037844386,0.5000000000000001,-0.9659258262890684,-0.2588190451025206,183.45,182.00725776909235
12,25,MQ,LGA,764,12,26,2,0,Winter,Afternoon,0.0090608546589935,0.0170503244765519,-2.4492935982947064e-16,1.0,1.2246467991473532e-16,-1.0,111.05,104.70454473763584
2,22,DL,LGA,502,14,51,4,0,Winter,Afternoon,0.0150299987755601,0.0272131749724501,0.8660254037844386,0.5000000000000001,-0.4999999999999997,-0.8660254037844388,81.05,104.8841292051694
5,28,UA,EWR,2227,22,16,1,0,Spring,Night,0.0058773111301579,0.0178768213542304,0.4999999999999999,-0.8660254037844387,-0.5000000000000004,0.8660254037844384,131.59,165.93610451912116
7,26,DL,JFK,2586,15,56,4,0,Summer,Afternoon,0.0254683482306844,0.0411717889065752,-0.4999999999999997,-0.8660254037844388,-0.7071067811865471,-0.7071067811865479,206.14,223.37880920098553
12,10,UA,EWR,2565,12,56,1,0,Winter,Afternoon,0.0157034406758907,0.0411717889065752,-2.4492935982947064e-16,1.0,1.2246467991473532e-16,-1.0,195.29,197.7844478732099
2,10,B6,LGA,1076,21,29,6,1,Winter,Night,0.0121525652014203,0.0362128076405044,0.8660254037844386,0.5000000000000001,-0.7071067811865477,0.7071067811865474,117.05,117.36841711993335
4,2,VX,JFK,2475,13,22,1,0,Spring,Afternoon,0.0341312599485735,0.0484572058283335,0.8660254037844387,-0.4999999999999998,-0.2588190451025208,-0.9659258262890684,146.0,188.19041998279545
2,18,EV,EWR,143,16,16,0,0,Winter,Afternoon,0.0011326068323741,0.0011326068323741,0.8660254037844386,0.5000000000000001,-0.8660254037844384,-0.5000000000000004,52.39,70.14325706153286
3,27,UA,EWR,1372,5,54,2,0,Spring,Morning,0.0093669646136892,0.0260499571446063,1.0,6.123233995736766e-17,0.9659258262890684,0.2588190451025207,138.52,132.69293199982772
4,23,WN,EWR,711,7,36,1,0,Spring,Morning,0.0066731970123668,0.0133770050202032,0.8660254037844387,-0.4999999999999998,0.9659258262890684,-0.2588190451025206,80.82,87.09584312831629
11,4,AS,EWR,2402,18,24,0,0,Fall,Evening,0.005081425247949,0.0113260683237418,-0.5000000000000004,0.8660254037844384,-1.0,-1.8369701987210294e-16,189.95,178.82105302941864
11,10,MQ,LGA,764,22,52,6,1,Fall,Night,0.0090608546589935,0.0170503244765519,-0.5000000000000004,0.8660254037844384,-0.5000000000000004,0.8660254037844384,74.49,101.85944027005084
9,4,DL,JFK,1598,6,55,2,0,Fall,Morning,0.0144177788661687,0.0179686543406391,-1.0,-1.8369701987210294e-16,1.0,6.123233995736766e-17,173.21,159.69460109936497
1,12,AA,JFK,1089,17,28,5,1,Winter,Evening,0.0105301824415329,0.0373454144728786,0.4999999999999999,0.8660254037844387,-0.9659258262890684,-0.2588190451025206,122.1,142.47039441093497
9,24,DL,LGA,950,12,11,1,0,Fall,Afternoon,0.0110199583690461,0.0421207297661319,-1.0,-1.8369701987210294e-16,1.2246467991473532e-16,-1.0,116.46,113.54162688204303
6,12,DL,JFK,340,15,2,2,0,Summer,Afternoon,0.004010040406514,0.0087241337088282,1.2246467991473532e-16,-1.0,-0.7071067811865471,-0.7071067811865479,115.51,113.91052299742137
9,11,UA,EWR,2402,19,34,2,0,Fall,Evening,0.005081425247949,0.0113260683237418,-1.0,-1.8369701987210294e-16,-0.9659258262890684,0.2588190451025203,162.57,182.9980020602
8,17,AA,LGA,1096,9,39,5,1,Summer,Morning,0.0175401004040651,0.0373454144728786,-0.8660254037844384,-0.5000000000000004,0.7071067811865476,-0.7071067811865475,148.16,159.83706029352047
4,20,AA,LGA,733,14,5,5,1,Spring,Afternoon,0.0245194073711277,0.0486102608056814,0.8660254037844387,-0.4999999999999998,-0.4999999999999997,-0.8660254037844388,112.43,102.13877211457418
8,14,UA,EWR,2425,17,3,2,0,Summer,Evening,0.00358148646994,0.0081119137994367,-0.8660254037844384,-0.5000000000000004,-0.9659258262890684,-0.2588190451025206,217.07,212.40110563026633
11,10,AA,JFK,2475,16,26,6,1,Fall,Afternoon,0.0341312599485735,0.0484572058283335,-0.5000000000000004,0.8660254037844384,-0.8660254037844384,-0.5000000000000004,214.42,209.6781159553459
6,5,AA,LGA,1389,12,37,2,0,Summer,Afternoon,0.0143871678706991,0.0260499571446063,1.2246467991473532e-16,-1.0,1.2246467991473532e-16,-1.0,187.5,162.2656721840151
11,1,AS,EWR,2402,7,14,4,0,Fall,Morning,0.005081425247949,0.0113260683237418,-0.5000000000000004,0.8660254037844384,0.9659258262890684,-0.2588190451025206,207.2,198.24541358505894
12,2,MQ,LGA,479,17,44,0,0,Winter,Evening,0.0059079221256275,0.0106526264234112,-2.4492935982947064e-16,1.0,-0.9659258262890684,-0.2588190451025206,99.52,107.65052148827516
6,27,UA,EWR,2434,7,0,3,0,Summer,Morning,0.0018060487327047,0.0041630953838618,1.2246467991473532e-16,-1.0,0.9659258262890684,-0.2588190451025206,233.18,205.62863772534774
12,29,DL,JFK,2586,9,59,6,1,Winter,Morning,0.0254683482306844,0.0411717889065752,-2.4492935982947064e-16,1.0,0.7071067811865476,-0.7071067811865475,261.51,235.61670014283203
8,15,B6,JFK,266,11,13,3,0,Summer,Morning,0.0040406514019835,0.0077139708583323,-0.8660254037844384,-0.5000000000000004,0.258819045102521,-0.9659258262890682,141.72,109.35083060775
12,13,AA,EWR,1372,17,20,4,0,Winter,Evening,0.0093669646136892,0.0260499571446063,-2.4492935982947064e-16,1.0,-0.9659258262890684,-0.2588190451025206,164.58,181.66493875339387
11,6,AA,LGA,733,13,50,2,0,Fall,Afternoon,0.0245194073711277,0.0486102608056814,-0.5000000000000004,0.8660254037844384,-0.2588190451025208,-0.9659258262890684,84.84,106.64630876407708
3,21,B6,JFK,1182,6,50,3,0,Spring,Morning,0.004652871311375,0.0104995714460634,1.0,6.123233995736766e-17,1.0,6.123233995736766e-17,160.74,130.45948306114502
11,11,MQ,EWR,719,21,11,0,0,Fall,Night,0.0183972082772131,0.0486102608056814,-0.5000000000000004,0.8660254037844384,-0.7071067811865477,0.7071067811865474,72.51,86.04831183598408
12,23,B6,LGA,1035,14,19,0,0,Winter,Afternoon,0.0074996938900453,0.018978817191135,-2.4492935982947064e-16,1.0,-0.4999999999999997,-0.8660254037844388,106.93,122.89738094629057
10,17,UA,EWR,2565,20,0,3,0,Fall,Evening,0.0157034406758907,0.0411717889065752,-0.8660254037844386,0.5000000000000001,-0.8660254037844386,0.5000000000000001,169.34,176.65516220968163
9,27,EV,EWR,946,13,58,4,0,Fall,Afternoon,0.0027549895922615,0.0053569242071752,-1.0,-1.8369701987210294e-16,-0.2588190451025208,-0.9659258262890684,126.8,107.48314625696369
12,21,DL,JFK,2475,18,21,5,1,Winter,Evening,0.0341312599485735,0.0484572058283335,-2.4492935982947064e-16,1.0,-1.0,-1.8369701987210294e-16,198.61,215.44513222938693
4,12,WN,LGA,725,12,43,4,0,Spring,Afternoon,0.0067038080078364,0.0133770050202032,0.8660254037844387,-0.4999999999999998,1.2246467991473532e-16,-1.0,65.61,83.08604237438672
10,23,EV,EWR,628,14,58,2,0,Fall,Afternoon,0.0042855393657401,0.0091220766499326,-0.8660254037844386,0.5000000000000001,-0.4999999999999997,-0.8660254037844388,67.15,78.03351374650101
3,28,AA,LGA,1389,12,5,3,0,Spring,Afternoon,0.0143871678706991,0.0260499571446063,1.0,6.123233995736766e-17,1.2246467991473532e-16,-1.0,126.69,129.49650084982824
6,29,MQ,LGA,479,12,47,5,1,Summer,Afternoon,0.0059079221256275,0.0106526264234112,1.2246467991473532e-16,-1.0,1.2246467991473532e-16,-1.0,85.13,95.77990496299034
3,20,DL,JFK,2586,10,0,2,0,Spring,Morning,0.0254683482306844,0.0411717889065752,1.0,6.123233995736766e-17,0.4999999999999999,-0.8660254037844387,207.39,189.63521997646427
4,29,B6,EWR,937,12,14,0,0,Spring,Afternoon,0.0149075547936818,0.0421207297661319,0.8660254037844387,-0.4999999999999998,1.2246467991473532e-16,-1.0,105.35,102.21335758433567
6,4,B6,JFK,301,12,29,1,0,Summer,Afternoon,0.0109281253826374,0.0149381657891514,1.2246467991473532e-16,-1.0,1.2246467991473532e-16,-1.0,112.67,105.12643905959645
8,6,DL,JFK,760,6,20,1,0,Summer,Morning,0.0059691441165666,0.0505999755112036,-0.8660254037844384,-0.5000000000000004,1.0,6.123233995736766e-17,140.63,151.83006895852878
10,26,DL,JFK,1005,18,50,5,1,Fall,Evening,0.0096118525774458,0.0228358026203012,-0.8660254037844386,0.5000000000000001,-1.0,-1.8369701987210294e-16,137.83,135.11461729233014
8,2,EV,LGA,229,14,25,4,0,Summer,Afternoon,0.005081425247949,0.0163768825762213,-0.8660254037844384,-0.5000000000000004,-0.4999999999999997,-0.8660254037844388,89.44,95.63817075867473
5,14,EV,EWR,282,11,18,1,0,Spring,Morning,0.0035202644790008,0.0149381657891514,0.4999999999999999,-0.8660254037844387,0.258819045102521,-0.9659258262890682,39.0,64.80954216870424
7,8,EV,EWR,282,9,43,0,0,Summer,Morning,0.0035202644790008,0.0149381657891514,-0.4999999999999997,-0.8660254037844388,0.7071067811865476,-0.7071067811865475,75.32,103.40240183776771
2,6,B6,JFK,828,8,38,2,0,Winter,Morning,0.003795763438227,0.0075303048855148,0.8660254037844386,0.5000000000000001,0.8660254037844387,-0.4999999999999998,82.68,112.75259368757341
4,15,AA,JFK,1089,8,56,0,0,Spring,Morning,0.0105301824415329,0.0373454144728786,0.8660254037844387,-0.4999999999999998,0.8660254037844387,-0.4999999999999998,103.69,141.30878531742408
6,8,UA,EWR,2565,8,41,5,1,Summer,Morning,0.0157034406758907,0.0411717889065752,1.2246467991473532e-16,-1.0,0.8660254037844387,-0.4999999999999998,215.07,210.29970537086587
5,7,US,LGA,214,17,56,1,0,Spring,Evening,0.014540222848047,0.0294783886371984,0.4999999999999999,-0.8660254037844387,-0.9659258262890684,-0.2588190451025206,98.98,83.40309894082878
8,2,VX,EWR,2565,17,26,4,0,Summer,Evening,0.0157034406758907,0.0411717889065752,-0.8660254037844384,-0.5000000000000004,-0.9659258262890684,-0.2588190451025206,253.88,239.83528331904432
1,26,WN,EWR,2133,13,46,5,1,Winter,Afternoon,0.0085404677360107,0.0139586139341251,0.4999999999999999,0.8660254037844387,-0.2588190451025208,-0.9659258262890684,152.59,134.4720255716968
8,12,MQ,LGA,544,13,54,0,0,Summer,Afternoon,0.0178462103587608,0.042335006734419,-0.8660254037844384,-0.5000000000000004,-0.2588190451025208,-0.9659258262890684,111.91,99.1681398465352
12,2,EV,LGA,544,12,51,0,0,Winter,Afternoon,0.0178462103587608,0.042335006734419,-2.4492935982947064e-16,1.0,1.2246467991473532e-16,-1.0,113.23,99.65639690569859
5,13,AA,JFK,187,19,53,0,0,Spring,Evening,0.0179074323497,0.0449981633402718,0.4999999999999999,-0.8660254037844387,-0.9659258262890684,0.2588190451025203,89.65,98.51520969071575
10,25,US,LGA,184,9,50,4,0,Fall,Morning,0.0115097342965593,0.0449981633402718,-0.8660254037844386,0.5000000000000001,0.7071067811865476,-0.7071067811865475,105.97,93.66495855541987
8,23,AA,LGA,733,8,49,4,0,Summer,Morning,0.0245194073711277,0.0486102608056814,-0.8660254037844384,-0.5000000000000004,0.8660254037844387,-0.4999999999999998,163.18,154.77548868072347
10,17,EV,LGA,641,9,11,3,0,Fall,Morning,0.0014693277825394,0.0091220766499326,-0.8660254037844386,0.5000000000000001,0.7071067811865476,-0.7071067811865475,80.87,89.93826909073836
7,30,9E,JFK,1029,8,9,1,0,Summer,Morning,0.0034590424880617,0.0217950287743357,-0.4999999999999997,-0.8660254037844388,0.8660254037844387,-0.4999999999999998,165.12,147.18802271877422
12,22,EV,EWR,284,17,30,6,1,Winter,Evening,0.0012244398187829,0.0038263744336965,-2.4492935982947064e-16,1.0,-0.9659258262890684,-0.2588190451025206,127.05,118.0823349488857
5,22,DL,JFK,1598,12,54,2,0,Spring,Afternoon,0.0144177788661687,0.0179686543406391,0.4999999999999999,-0.8660254037844387,1.2246467991473532e-16,-1.0,123.37,148.05488205329112
5,10,9E,JFK,340,20,58,4,0,Spring,Evening,0.004010040406514,0.0087241337088282,0.4999999999999999,-0.8660254037844387,-0.8660254037844386,0.5000000000000001,72.95,91.01146101706803
2,14,MQ,LGA,762,11,56,3,0,Winter,Morning,0.0289580017142157,0.0505999755112036,0.8660254037844386,0.5000000000000001,0.258819045102521,-0.9659258262890682,63.8,84.29581813931028
2,23,UA,EWR,2454,11,10,5,1,Winter,Morning,0.01432594587976,0.0484572058283335,0.8660254037844386,0.5000000000000001,0.258819045102521,-0.9659258262890682,173.96,170.25768220784582
12,3,DL,EWR,746,13,8,1,0,Winter,Afternoon,0.0156728296804212,0.0505999755112036,-2.4492935982947064e-16,1.0,-0.2588190451025208,-0.9659258262890684,133.59,128.17777184598955
8,15,B6,JFK,2475,21,11,3,0,Summer,Night,0.0341312599485735,0.0484572058283335,-0.8660254037844384,-0.5000000000000004,-0.7071067811865477,0.7071067811865474,192.26,192.17478538932164
3,19,MQ,LGA,502,16,55,1,0,Spring,Afternoon,0.0150299987755601,0.0272131749724501,1.0,6.123233995736766e-17,-0.8660254037844384,-0.5000000000000004,75.5,84.70081042396231
5,23,UA,EWR,872,15,48,3,0,Spring,Afternoon,0.0072241949308191,0.0131627280519162,0.4999999999999999,-0.8660254037844387,-0.7071067811865471,-0.7071067811865479,120.4,106.82737874855891
11,24,B6,JFK,1028,20,14,6,1,Fall,Evening,0.0047447042977837,0.018978817191135,-0.5000000000000004,0.8660254037844384,-0.8660254037844386,0.5000000000000001,139.07,126.98633709297717
11,22,EV,LGA,292,10,4,4,0,Fall,Morning,0.0014693277825394,0.0072854169217582,-0.5000000000000004,0.8660254037844384,0.4999999999999999,-0.8660254037844387,115.1,80.81755522756704
10,10,AA,JFK,2475,9,23,3,0,Fall,Morning,0.0341312599485735,0.0484572058283335,-0.8660254037844386,0.5000000000000001,0.7071067811865476,-0.7071067811865475,218.42,195.57850317622666
10,8,DL,LGA,1096,10,55,1,0,Fall,Morning,0.0175401004040651,0.0373454144728786,-0.8660254037844386,0.5000000000000001,0.4999999999999999,-0.8660254037844387,101.23,121.40344556967113
6,30,EV,EWR,642,22,5,6,1,Summer,Night,0.0024182686420962,0.0029692665605485,1.2246467991473532e-16,-1.0,-0.5000000000000004,0.8660254037844384,152.76,121.90947292306248
5,9,WN,LGA,1620,7,32,3,0,Spring,Morning,0.0119995102240724,0.0225296926656054,0.4999999999999999,-0.8660254037844387,0.9659258262890684,-0.2588190451025206,106.35,122.8951130658598
3,3,DL,JFK,2248,8,6,6,1,Spring,Morning,0.0119995102240724,0.0178768213542304,1.0,6.123233995736766e-17,0.8660254037844387,-0.4999999999999998,238.03,201.3323871790554
3,15,EV,EWR,416,16,42,4,0,Spring,Afternoon,0.004438594343088,0.0245194073711277,1.0,6.123233995736766e-17,-0.8660254037844384,-0.5000000000000004,93.89,93.32373231551476
5,14,UA,EWR,200,7,12,1,0,Spring,Morning,0.0155809966940124,0.0449981633402718,0.4999999999999999,-0.8660254037844387,0.9659258262890684,-0.2588190451025206,80.45,94.62480600577159
8,30,UA,EWR,1085,13,14,4,0,Summer,Afternoon,0.0092751316272805,0.0373454144728786,-0.8660254037844384,-0.5000000000000004,-0.2588190451025208,-0.9659258262890684,130.81,158.5539997572053
6,24,B6,JFK,2586,9,13,0,0,Summer,Morning,0.0254683482306844,0.0411717889065752,1.2246467991473532e-16,-1.0,0.7071067811865476,-0.7071067811865475,210.37,213.37035270068463
4,9,UA,EWR,997,11,44,1,0,Spring,Morning,0.00716297293988,0.0228358026203012,0.8660254037844387,-0.4999999999999998,0.258819045102521,-0.9659258262890682,85.59,116.39342979067206
10,17,B6,EWR,937,11,19,3,0,Fall,Morning,0.0149075547936818,0.0421207297661319,-0.8660254037844386,0.5000000000000001,0.258819045102521,-0.9659258262890682,119.33,102.43407895882223
1,22,DL,LGA,762,9,57,1,0,Winter,Morning,0.0289580017142157,0.0505999755112036,0.4999999999999999,0.8660254037844387,0.7071067811865476,-0.7071067811865475,148.6,118.3952952234304
8,9,AA,LGA,1389,5,59,4,0,Summer,Morning,0.0143871678706991,0.0260499571446063,-0.8660254037844384,-0.5000000000000004,0.9659258262890684,0.2588190451025207,160.57,160.07472280391505
11,11,UA,EWR,719,16,4,0,0,Fall,Afternoon,0.0183972082772131,0.0486102608056814,-0.5000000000000004,0.8660254037844384,-0.8660254037844384,-0.5000000000000004,116.06,113.26274040599571
11,14,EV,LGA,254,11,27,3,0,Fall,Morning,0.000642830904861,0.0070099179625321,-0.5000000000000004,0.8660254037844384,0.258819045102521,-0.9659258262890682,46.87,55.8831208359475
10,22,B6,LGA,950,6,20,1,0,Fall,Morning,0.0110199583690461,0.0421207297661319,-0.8660254037844386,0.5000000000000001,1.0,6.123233995736766e-17,99.34,109.2404818718318
9,2,B6,JFK,1005,19,30,0,0,Fall,Evening,0.0096118525774458,0.0228358026203012,-1.0,-1.8369701987210294e-16,-0.9659258262890684,0.2588190451025203,140.4,121.62021820001607
7,30,DL,JFK,2248,10,31,1,0,Summer,Morning,0.0119995102240724,0.0178768213542304,-0.4999999999999997,-0.8660254037844388,0.4999999999999999,-0.8660254037844387,194.08,195.20272977812962
2,15,DL,JFK,2586,9,55,4,0,Winter,Morning,0.0254683482306844,0.0411717889065752,0.8660254037844386,0.5000000000000001,0.7071067811865476,-0.7071067811865475,229.36,216.32874148494454
7,2,B6,JFK,1182,22,47,1,0,Summer,Night,0.004652871311375,0.0104995714460634,-0.4999999999999997,-0.8660254037844388,-0.5000000000000004,0.8660254037844384,139.48,147.1251185809775
5,25,B6,EWR,1608,7,45,5,1,Spring,Morning,0.0035508754744704,0.0179686543406391,0.4999999999999999,-0.8660254037844387,0.9659258262890684,-0.2588190451025206,164.31,144.1939494769276
10,13,US,LGA,214,12,7,6,1,Fall,Afternoon,0.014540222848047,0.0294783886371984,-0.8660254037844386,0.5000000000000001,1.2246467991473532e-16,-1.0,92.21,86.56517934948647
6,20,AA,LGA,1389,6,7,3,0,Summer,Morning,0.0143871678706991,0.0260499571446063,1.2246467991473532e-16,-1.0,1.0,6.123233995736766e-17,170.43,166.73573894356178
8,28,B6,JFK,1598,15,10,2,0,Summer,Afternoon,0.0144177788661687,0.0179686543406391,-0.8660254037844384,-0.5000000000000004,-0.7071067811865471,-0.7071067811865479,151.95,164.46867567310517
4,20,WN,EWR,748,7,26,5,1,Spring,Morning,0.0063364760622015,0.0170503244765519,0.8660254037844387,-0.4999999999999998,0.9659258262890684,-0.2588190451025206,81.35,87.51216177674738
2,21,B6,JFK,1598,23,55,3,0,Winter,Night,0.0144177788661687,0.0179686543406391,0.8660254037844386,0.5000000000000001,-0.2588190451025215,0.965925826289068,130.81,135.88812921524058
3,31,UA,EWR,1608,13,53,6,1,Spring,Afternoon,0.0035508754744704,0.0179686543406391,1.0,6.123233995736766e-17,-0.2588190451025208,-0.9659258262890684,129.11,151.54761783062872
2,11,UA,EWR,1065,13,46,0,0,Winter,Afternoon,0.0110811803599853,0.0362128076405044,0.8660254037844386,0.5000000000000001,-0.2588190451025208,-0.9659258262890684,122.76,115.30090836803373
5,21,B6,JFK,2586,9,3,1,0,Spring,Morning,0.0254683482306844,0.0411717889065752,0.4999999999999999,-0.8660254037844387,0.7071067811865476,-0.7071067811865475,200.17,191.92506060813017
5,25,UA,EWR,2565,8,23,5,1,Spring,Morning,0.0157034406758907,0.0411717889065752,0.4999999999999999,-0.8660254037844387,0.8660254037844387,-0.4999999999999998,194.69,183.88310922753647
1,22,US,LGA,184,13,49,1,0,Winter,Afternoon,0.0115097342965593,0.0449981633402718,0.4999999999999999,0.8660254037844387,-0.2588190451025208,-0.9659258262890684,91.54,68.86695701812086
5,7,B6,JFK,1182,20,41,1,0,Spring,Evening,0.004652871311375,0.0104995714460634,0.4999999999999999,-0.8660254037844387,-0.8660254037844386,0.5000000000000001,155.07,120.20404787871503
11,29,B6,JFK,2454,20,31,4,0,Fall,Evening,0.002357046651157,0.0041630953838618,-0.5000000000000004,0.8660254037844384,-0.8660254037844386,0.5000000000000001,198.06,184.026357835338
8,28,B6,EWR,200,5,56,2,0,Summer,Morning,0.0155809966940124,0.0449981633402718,-0.8660254037844384,-0.5000000000000004,0.9659258262890684,0.2588190451025207,100.08,100.6494339464845
5,20,AA,JFK,2586,7,58,0,0,Spring,Morning,0.0254683482306844,0.0411717889065752,0.4999999999999999,-0.8660254037844387,0.9659258262890684,-0.2588190451025206,174.4,198.80275456534255
7,1,DL,LGA,950,15,29,0,0,Summer,Afternoon,0.0110199583690461,0.0421207297661319,-0.4999999999999997,-0.8660254037844388,-0.7071067811865471,-0.7071067811865479,139.02,134.31613386517202
1,6,EV,EWR,1325,19,46,6,1,Winter,Evening,0.0008877188686176,0.0008877188686176,0.4999999999999999,0.8660254037844387,-0.9659258262890684,0.2588190451025203,113.5,132.83811514183583
6,22,AA,EWR,1372,15,11,5,1,Summer,Afternoon,0.0093669646136892,0.0260499571446063,1.2246467991473532e-16,-1.0,-0.7071067811865471,-0.7071067811865479,175.86,158.94515775077915
2,12,UA,EWR,997,7,46,1,0,Winter,Morning,0.00716297293988,0.0228358026203012,0.8660254037844386,0.5000000000000001,0.9659258262890684,-0.2588190451025206,136.2,126.07793648825931
4,16,9E,JFK,427,19,33,1,0,Spring,Evening,0.0091832986408718,0.0245194073711277,0.8660254037844387,-0.4999999999999998,-0.9659258262890684,0.2588190451025203,84.5,96.13002970038028
5,9,MQ,LGA,479,13,28,3,0,Spring,Afternoon,0.0059079221256275,0.0106526264234112,0.4999999999999999,-0.8660254037844387,-0.2588190451025208,-0.9659258262890684,92.22,72.86001880517969
11,22,UA,EWR,2402,17,40,4,0,Fall,Evening,0.005081425247949,0.0113260683237418,-0.5000000000000004,0.8660254037844384,-0.9659258262890684,-0.2588190451025206,146.98,198.0076381600886
11,5,AA,EWR,1085,6,23,1,0,Fall,Morning,0.0092751316272805,0.0373454144728786,-0.5000000000000004,0.8660254037844384,1.0,6.123233995736766e-17,98.61,132.06317365603906
11,13,9E,JFK,187,16,21,2,0,Fall,Afternoon,0.0179074323497,0.0449981633402718,-0.5000000000000004,0.8660254037844384,-0.8660254037844384,-0.5000000000000004,102.77,84.14973159210693
8,2,MQ,JFK,425,16,14,4,0,Summer,Afternoon,0.0018978817191135,0.0127035631198726,-0.8660254037844384,-0.5000000000000004,-0.8660254037844384,-0.5000000000000004,128.64,134.16252172477277
12,14,B6,JFK,264,16,18,5,1,Winter,Afternoon,0.0047140933023141,0.0070099179625321,-2.4492935982947064e-16,1.0,-0.8660254037844384,-0.5000000000000004,119.27,115.4931687985832
9,6,MQ,LGA,1020,19,25,4,0,Fall,Evening,0.010958736378107,0.0217950287743357,-1.0,-1.8369701987210294e-16,-0.9659258262890684,0.2588190451025203,94.95,124.81945366558392
12,18,WN,EWR,1411,17,28,2,0,Winter,Evening,0.0028468225786702,0.0067650299987755,-2.4492935982947064e-16,1.0,-0.9659258262890684,-0.2588190451025206,130.54,137.7883435788714
2,20,MQ,JFK,589,15,54,2,0,Winter,Afternoon,0.0024794906330353,0.0110199583690461,0.8660254037844386,0.5000000000000001,-0.7071067811865471,-0.7071067811865479,118.08,89.32373499736983
4,5,MQ,LGA,431,21,20,4,0,Spring,Night,0.0108975143871678,0.0245194073711277,0.8660254037844387,-0.4999999999999998,-0.7071067811865477,0.7071067811865474,103.65,85.43994077407197
9,3,EV,EWR,645,8,53,1,0,Fall,Morning,0.0041937063793314,0.0066119750214276,-1.0,-1.8369701987210294e-16,0.8660254037844387,-0.4999999999999998,89.86,95.89210255495205
2,18,MQ,LGA,1147,15,30,0,0,Winter,Afternoon,0.0019897147055222,0.0026631566058528,0.8660254037844386,0.5000000000000001,-0.7071067811865471,-0.7071067811865479,91.73,106.63093265284638
2,10,US,LGA,214,8,54,6,1,Winter,Morning,0.014540222848047,0.0294783886371984,0.8660254037844386,0.5000000000000001,0.8660254037844387,-0.4999999999999998,91.09,98.19436619746878
9,13,DL,LGA,950,9,31,4,0,Fall,Morning,0.0110199583690461,0.0421207297661319,-1.0,-1.8369701987210294e-16,0.7071067811865476,-0.7071067811865475,104.1,132.83774616214995
4,13,DL,LGA,950,14,56,5,1,Spring,Afternoon,0.0110199583690461,0.0421207297661319,0.8660254037844387,-0.4999999999999998,-0.4999999999999997,-0.8660254037844388,118.08,113.11110998095094
7,8,DL,JFK,2454,16,28,0,0,Summer,Afternoon,0.002357046651157,0.0041630953838618,-0.4999999999999997,-0.8660254037844388,-0.8660254037844384,-0.5000000000000004,232.17,216.65070232659707
5,9,MQ,JFK,213,12,7,3,0,Spring,Afternoon,0.0097036855638545,0.0294783886371984,0.4999999999999999,-0.8660254037844387,1.2246467991473532e-16,-1.0,39.79,69.97132215836461
11,20,EV,LGA,229,14,57,2,0,Fall,Afternoon,0.005081425247949,0.0163768825762213,-0.5000000000000004,0.8660254037844384,-0.4999999999999997,-0.8660254037844388,48.36,58.57273158116508
6,21,AA,LGA,733,19,59,4,0,Summer,Evening,0.0245194073711277,0.0486102608056814,1.2246467991473532e-16,-1.0,-0.9659258262890684,0.2588190451025203,128.86,154.34650930452023
7,7,MQ,LGA,544,9,5,6,1,Summer,Morning,0.0178462103587608,0.042335006734419,-0.4999999999999997,-0.8660254037844388,0.7071067811865476,-0.7071067811865475,105.05,125.84017481135864
10,18,UA,EWR,1023,6,54,4,0,Fall,Morning,0.0067344190033059,0.018978817191135,-0.8660254037844386,0.5000000000000001,1.0,6.123233995736766e-17,153.68,143.99239663545472
6,18,MQ,LGA,502,12,55,1,0,Summer,Afternoon,0.0150299987755601,0.0272131749724501,1.2246467991473532e-16,-1.0,1.2246467991473532e-16,-1.0,61.76,94.59794258408306
10,9,AA,JFK,1521,17,19,2,0,Fall,Evening,0.0046222603159054,0.0074996938900453,-0.8660254037844386,0.5000000000000001,-0.9659258262890684,-0.2588190451025206,172.86,161.1546625694931
1,7,WN,EWR,2133,8,11,0,0,Winter,Morning,0.0085404677360107,0.0139586139341251,0.4999999999999999,0.8660254037844387,0.8660254037844387,-0.4999999999999998,157.67,144.3097788291529
10,28,EV,EWR,1008,6,33,0,0,Fall,Morning,0.007377249908167,0.0217950287743357,-0.8660254037844386,0.5000000000000001,1.0,6.123233995736766e-17,104.34,110.34340305569154
7,30,B6,JFK,828,14,40,1,0,Summer,Afternoon,0.003795763438227,0.0075303048855148,-0.4999999999999997,-0.8660254037844388,-0.4999999999999997,-0.8660254037844388,77.98,127.19154686575612
4,19,VX,JFK,2586,7,26,4,0,Spring,Morning,0.0254683482306844,0.0411717889065752,0.8660254037844387,-0.4999999999999998,0.9659258262890684,-0.2588190451025206,202.37,213.24533638192827
1,4,UA,EWR,1085,8,56,4,0,Winter,Morning,0.0092751316272805,0.0373454144728786,0.4999999999999999,0.8660254037844387,0.8660254037844387,-0.4999999999999998,167.63,148.8282721424772
3,23,EV,EWR,533,16,17,5,1,Spring,Afternoon,0.0026631566058528,0.0036733194563487,1.0,6.123233995736766e-17,-0.8660254037844384,-0.5000000000000004,39.0,90.8849387344205
7,11,B6,JFK,1182,14,40,3,0,Summer,Afternoon,0.004652871311375,0.0104995714460634,-0.4999999999999997,-0.8660254037844388,-0.4999999999999997,-0.8660254037844388,129.89,147.66370024327486
10,21,EV,EWR,529,19,9,0,0,Fall,Evening,0.0154891637076037,0.042335006734419,-0.8660254037844386,0.5000000000000001,-0.9659258262890684,0.2588190451025203,67.02,90.63035522539339
4,19,B6,JFK,1074,15,21,4,0,Spring,Afternoon,0.0040712623974531,0.0106526264234112,0.8660254037844387,-0.4999999999999998,-0.7071067811865471,-0.7071067811865479,133.86,130.81377710031796
2,24,B6,JFK,1069,20,17,6,1,Winter,Evening,0.0129790620790988,0.0362128076405044,0.8660254037844386,0.5000000000000001,-0.8660254037844386,0.5000000000000001,115.93,127.40278415376406
5,1,UA,EWR,2425,15,48,2,0,Spring,Afternoon,0.00358148646994,0.0081119137994367,0.4999999999999999,-0.8660254037844387,-0.7071067811865471,-0.7071067811865479,176.61,175.91057279645742
11,5,B6,JFK,2422,18,44,1,0,Fall,Evening,0.0062446430757928,0.0113260683237418,-0.5000000000000004,0.8660254037844384,-1.0,-1.8369701987210294e-16,188.63,180.56682340585263
8,6,EV,EWR,1008,5,54,1,0,Summer,Morning,0.007377249908167,0.0217950287743357,-0.8660254037844384,-0.5000000000000004,0.9659258262890684,0.2588190451025207,158.54,121.26072671713547
10,13,MQ,JFK,213,17,6,6,1,Fall,Evening,0.0097036855638545,0.0294783886371984,-0.8660254037844386,0.5000000000000001,-0.9659258262890684,-0.2588190451025206,95.54,94.83898262839031
3,17,MQ,LGA,544,15,1,6,1,Spring,Afternoon,0.0178462103587608,0.042335006734419,1.0,6.123233995736766e-17,-0.7071067811865471,-0.7071067811865479,93.42,86.6579819029103
2,16,EV,EWR,143,8,17,5,1,Winter,Morning,0.0011326068323741,0.0011326068323741,0.8660254037844386,0.5000000000000001,0.8660254037844387,-0.4999999999999998,44.81,69.11833752653011
9,20,AA,JFK,2422,19,27,4,0,Fall,Evening,0.0062446430757928,0.0113260683237418,-1.0,-1.8369701987210294e-16,-0.9659258262890684,0.2588190451025203,227.49,217.45936377295442
1,29,EV,EWR,160,21,18,1,0,Winter,Night,0.0013162728051916,0.0013162728051916,0.4999999999999999,0.8660254037844387,-0.7071067811865477,0.7071067811865474,48.82,56.81493455906964
3,21,UA,EWR,2454,8,32,3,0,Spring,Morning,0.01432594587976,0.0484572058283335,1.0,6.123233995736766e-17,0.8660254037844387,-0.4999999999999998,169.59,185.17579689883507
10,16,EV,LGA,335,11,15,2,0,Fall,Morning,0.0033365985061834,0.0087241337088282,-0.8660254037844386,0.5000000000000001,0.258819045102521,-0.9659258262890682,57.87,65.00538139521254
10,14,WN,LGA,1620,17,51,0,0,Fall,Evening,0.0119995102240724,0.0225296926656054,-0.8660254037844386,0.5000000000000001,-0.9659258262890684,-0.2588190451025206,90.92,112.41867930962461
2,1,EV,EWR,488,10,19,4,0,Winter,Morning,0.0088159666952369,0.0272131749724501,0.8660254037844386,0.5000000000000001,0.4999999999999999,-0.8660254037844387,95.65,86.49052399137112
12,29,AA,JFK,187,20,5,6,1,Winter,Evening,0.0179074323497,0.0449981633402718,-2.4492935982947064e-16,1.0,-0.8660254037844386,0.5000000000000001,154.13,143.06398403469154
4,12,AA,LGA,733,11,55,4,0,Spring,Morning,0.0245194073711277,0.0486102608056814,0.8660254037844387,-0.4999999999999998,0.258819045102521,-0.9659258262890682,125.72,115.93254252312661
11,20,EV,EWR,725,15,26,2,0,Fall,Afternoon,0.0033672095016529,0.0082955797722541,-0.5000000000000004,0.8660254037844384,-0.7071067811865471,-0.7071067811865479,63.2,82.46588970253575
6,11,F9,LGA,1620,13,23,1,0,Summer,Afternoon,0.0119995102240724,0.0225296926656054,1.2246467991473532e-16,-1.0,-0.2588190451025208,-0.9659258262890684,129.94,146.82948715279636
5,21,B6,JFK,266,16,22,1,0,Spring,Afternoon,0.0040406514019835,0.0077139708583323,0.4999999999999999,-0.8660254037844387,-0.8660254037844384,-0.5000000000000004,108.73,90.57134128200104
10,15,MQ,LGA,502,10,48,1,0,Fall,Morning,0.0150299987755601,0.0272131749724501,-0.8660254037844386,0.5000000000000001,0.4999999999999999,-0.8660254037844387,39.0,72.99263447042101
9,29,B6,JFK,1521,20,59,6,1,Fall,Evening,0.0046222603159054,0.0074996938900453,-1.0,-1.8369701987210294e-16,-0.8660254037844386,0.5000000000000001,131.25,149.51677084903582
9,15,B6,EWR,1608,7,26,6,1,Fall,Morning,0.0035508754744704,0.0179686543406391,-1.0,-1.8369701987210294e-16,0.9659258262890684,-0.2588190451025206,178.57,156.42207070097942
5,18,WN,EWR,711,6,1,5,1,Spring,Morning,0.0066731970123668,0.0133770050202032,0.4999999999999999,-0.8660254037844387,1.0,6.123233995736766e-17,90.03,86.04661211503259
1,21,UA,EWR,1569,16,42,0,0,Winter,Afternoon,0.0009183298640871,0.0019897147055222,0.4999999999999999,0.8660254037844387,-0.8660254037844384,-0.5000000000000004,163.91,151.24189253634157
6,15,WN,EWR,872,7,0,5,1,Summer,Morning,0.0072241949308191,0.0131627280519162,1.2246467991473532e-16,-1.0,0.9659258262890684,-0.2588190451025206,123.24,110.06562919833256
3,24,B6,JFK,1028,5,54,6,1,Spring,Morning,0.0047447042977837,0.018978817191135,1.0,6.123233995736766e-17,0.9659258262890684,0.2588190451025207,135.17,126.37082252723772
10,26,UA,JFK,2475,20,11,5,1,Fall,Evening,0.0341312599485735,0.0484572058283335,-0.8660254037844386,0.5000000000000001,-0.8660254037844386,0.5000000000000001,185.93,172.55905208926134
8,16,B6,JFK,266,11,16,4,0,Summer,Morning,0.0040406514019835,0.0077139708583323,-0.8660254037844384,-0.5000000000000004,0.258819045102521,-0.9659258262890682,163.61,119.576613337525
10,20,B6,JFK,2454,21,5,6,1,Fall,Night,0.002357046651157,0.0041630953838618,-0.8660254037844386,0.5000000000000001,-0.7071067811865477,0.7071067811865474,177.4,188.14894877932971
9,30,9E,EWR,569,6,55,0,0,Fall,Morning,0.0076833598628627,0.0110199583690461,-1.0,-1.8369701987210294e-16,1.0,6.123233995736766e-17,84.82,95.59079132416439
5,19,EV,EWR,746,13,44,6,1,Spring,Afternoon,0.0156728296804212,0.0505999755112036,0.4999999999999999,-0.8660254037844387,-0.2588190451025208,-0.9659258262890684,109.9,103.13689878555235
6,25,B6,JFK,228,12,0,1,0,Summer,Afternoon,0.0076527488673931,0.0163768825762213,1.2246467991473532e-16,-1.0,1.2246467991473532e-16,-1.0,106.21,105.10141592994978
4,4,9E,JFK,340,7,53,3,0,Spring,Morning,0.004010040406514,0.0087241337088282,0.8660254037844387,-0.4999999999999998,0.9659258262890684,-0.2588190451025206,75.15,86.16605938954939
6,26,MQ,LGA,431,8,12,2,0,Summer,Morning,0.0108975143871678,0.0245194073711277,1.2246467991473532e-16,-1.0,0.8660254037844387,-0.4999999999999998,95.08,104.525114988307
9,16,EV,EWR,277,20,59,0,0,Fall,Evening,0.0051426472388882,0.0072854169217582,-1.0,-1.8369701987210294e-16,-0.8660254037844386,0.5000000000000001,102.66,66.16791841282816
1,31,B6,JFK,301,6,40,3,0,Winter,Morning,0.0109281253826374,0.0149381657891514,0.4999999999999999,0.8660254037844387,1.0,6.123233995736766e-17,96.94,90.94391094826317
10,22,EV,EWR,266,11,59,1,0,Fall,Morning,0.0026631566058528,0.0077139708583323,-0.8660254037844386,0.5000000000000001,0.258819045102521,-0.9659258262890682,56.22,63.09191615722408
6,20,UA,EWR,200,16,24,3,0,Summer,Afternoon,0.0155809966940124,0.0449981633402718,1.2246467991473532e-16,-1.0,-0.8660254037844384,-0.5000000000000004,128.04,119.0739686524102
6,28,UA,EWR,997,20,32,4,0,Summer,Evening,0.00716297293988,0.0228358026203012,1.2246467991473532e-16,-1.0,-0.8660254037844386,0.5000000000000001,150.82,153.1022730013371
9,16,WN,EWR,711,15,30,0,0,Fall,Afternoon,0.0066731970123668,0.0133770050202032,-1.0,-1.8369701987210294e-16,-0.7071067811865471,-0.7071067811865479,65.77,71.03803941380549
1,18,EV,JFK,228,10,3,4,0,Winter,Morning,0.0076527488673931,0.0163768825762213,0.4999999999999999,0.8660254037844387,0.4999999999999999,-0.8660254037844387,85.71,81.27486243863845
6,25,AA,LGA,1389,17,22,1,0,Summer,Evening,0.0143871678706991,0.0260499571446063,1.2246467991473532e-16,-1.0,-0.9659258262890684,-0.2588190451025206,132.39,167.45380253282224
12,30,MQ,LGA,888,11,53,0,0,Winter,Morning,0.005938533121097,0.0131627280519162,-2.4492935982947064e-16,1.0,0.258819045102521,-0.9659258262890682,118.67,110.98124364732574
9,23,EV,EWR,1092,8,24,0,0,Fall,Morning,0.0042855393657401,0.0061528100893841,-1.0,-1.8369701987210294e-16,0.8660254037844387,-0.4999999999999998,144.02,116.81368179232699
6,12,EV,EWR,820,20,20,2,0,Summer,Evening,0.0033059875107138,0.0075303048855148,1.2246467991473532e-16,-1.0,-0.8660254037844386,0.5000000000000001,123.54,115.09633798884254
3,14,DL,LGA,1080,11,31,3,0,Spring,Morning,0.0020203257009917,0.0106526264234112,1.0,6.123233995736766e-17,0.258819045102521,-0.9659258262890682,104.25,113.62219023766735
8,16,WN,EWR,711,11,57,4,0,Summer,Morning,0.0066731970123668,0.0133770050202032,-0.8660254037844384,-0.5000000000000004,0.258819045102521,-0.9659258262890682,102.62,107.97022070211429
10,28,9E,JFK,427,19,33,0,0,Fall,Evening,0.0091832986408718,0.0245194073711277,-0.8660254037844386,0.5000000000000001,-0.9659258262890684,0.2588190451025203,77.91,93.50453129807843
8,15,9E,JFK,740,19,6,3,0,Summer,Evening,0.0056936451573405,0.0486102608056814,-0.8660254037844384,-0.5000000000000004,-0.9659258262890684,0.2588190451025203,128.81,131.69075855907911
6,16,WN,LGA,1620,17,37,6,1,Summer,Evening,0.0119995102240724,0.0225296926656054,1.2246467991473532e-16,-1.0,-0.9659258262890684,-0.2588190451025206,151.29,151.39169227108243
9,4,US,LGA,184,10,52,2,0,Fall,Morning,0.0115097342965593,0.0449981633402718,-1.0,-1.8369701987210294e-16,0.4999999999999999,-0.8660254037844387,85.7,68.10404338698655
4,30,B6,LGA,950,18,14,1,0,Spring,Evening,0.0110199583690461,0.0421207297661319,0.8660254037844387,-0.4999999999999998,-1.0,-1.8369701987210294e-16,79.05,108.15499504805459
12,1,UA,EWR,1605,8,53,6,1,Winter,Morning,0.0080506918084976,0.0225296926656054,-2.4492935982947064e-16,1.0,0.8660254037844387,-0.4999999999999998,200.48,190.61821546939854
2,14,UA,EWR,719,12,47,3,0,Winter,Afternoon,0.0183972082772131,0.0486102608056814,0.8660254037844386,0.5000000000000001,1.2246467991473532e-16,-1.0,95.16,99.59375348716921
5,23,AA,LGA,733,12,26,3,0,Spring,Afternoon,0.0245194073711277,0.0486102608056814,0.4999999999999999,-0.8660254037844387,1.2246467991473532e-16,-1.0,117.12,106.37727763761293
9,19,UA,EWR,2133,8,27,3,0,Fall,Morning,0.0085404677360107,0.0139586139341251,-1.0,-1.8369701987210294e-16,0.8660254037844387,-0.4999999999999998,147.67,167.96012102241383
12,5,UA,EWR,2565,6,44,3,0,Winter,Morning,0.0157034406758907,0.0411717889065752,-2.4492935982947064e-16,1.0,1.0,6.123233995736766e-17,249.55,215.49188131783447
1,15,US,LGA,214,8,55,1,0,Winter,Morning,0.014540222848047,0.0294783886371984,0.4999999999999999,0.8660254037844387,0.8660254037844387,-0.4999999999999998,109.69,82.65135079078189
6,20,EV,LGA,195,22,34,3,0,Summer,Night,0.0003061099546957,0.0023264356556875,1.2246467991473532e-16,-1.0,-0.5000000000000004,0.8660254037844384,90.1,78.96616336541562
2,7,DL,LGA,502,9,0,3,0,Winter,Morning,0.0150299987755601,0.0272131749724501,0.8660254037844386,0.5000000000000001,0.7071067811865476,-0.7071067811865475,75.43,99.73489218070287
4,22,UA,EWR,404,16,40,0,0,Spring,Afternoon,0.0048365372841924,0.0127035631198726,0.8660254037844387,-0.4999999999999998,-0.8660254037844384,-0.5000000000000004,109.9,97.95186514984107
4,22,9E,JFK,94,9,46,0,0,Spring,Morning,0.0024794906330353,0.0042855393657401,0.8660254037844387,-0.4999999999999998,0.7071067811865476,-0.7071067811865475,78.88,77.85078581407186
6,7,DL,EWR,746,8,58,4,0,Summer,Morning,0.0156728296804212,0.0505999755112036,1.2246467991473532e-16,-1.0,0.8660254037844387,-0.4999999999999998,134.32,157.47222373969478
5,15,DL,JFK,1990,15,49,2,0,Spring,Afternoon,0.0064895310395494,0.0074996938900453,0.4999999999999999,-0.8660254037844387,-0.7071067811865471,-0.7071067811865479,166.39,160.90405079455235
7,5,B6,JFK,273,22,41,4,0,Summer,Night,0.003795763438227,0.0069793069670625,-0.4999999999999997,-0.8660254037844388,-0.5000000000000004,0.8660254037844384,126.53,117.38982234647916
11,19,EV,EWR,872,11,8,1,0,Fall,Morning,0.0072241949308191,0.0131627280519162,-0.5000000000000004,0.8660254037844384,0.258819045102521,-0.9659258262890682,96.06,92.26229296684802
4,1,UA,EWR,1400,17,40,0,0,Spring,Evening,0.012458675156116,0.0223154156973184,0.8660254037844387,-0.4999999999999998,-0.9659258262890684,-0.2588190451025206,148.3,143.95644254356955
8,4,DL,LGA,762,17,11,6,1,Summer,Evening,0.0289580017142157,0.0505999755112036,-0.8660254037844384,-0.5000000000000004,-0.9659258262890684,-0.2588190451025206,149.56,152.48478702958212
8,3,DL,LGA,1020,18,34,5,1,Summer,Evening,0.010958736378107,0.0217950287743357,-0.8660254037844384,-0.5000000000000004,-1.0,-1.8369701987210294e-16,178.07,153.66571424446013
6,6,MQ,JFK,213,20,40,3,0,Summer,Evening,0.0097036855638545,0.0294783886371984,1.2246467991473532e-16,-1.0,-0.8660254037844386,0.5000000000000001,112.53,95.63547668221497
3,4,9E,JFK,213,8,31,0,0,Spring,Morning,0.0097036855638545,0.0294783886371984,1.0,6.123233995736766e-17,0.8660254037844387,-0.4999999999999998,39.0,79.97914459284014
7,30,B6,JFK,1576,5,40,1,0,Summer,Morning,0.0016836047508264,0.0026019346149136,-0.4999999999999997,-0.8660254037844388,0.9659258262890684,0.2588190451025207,151.15,158.05126338925416
2,10,B6,JFK,1069,18,10,6,1,Winter,Evening,0.0129790620790988,0.0362128076405044,0.8660254037844386,0.5000000000000001,-1.0,-1.8369701987210294e-16,139.55,141.503451779915
6,18,UA,EWR,2565,12,6,1,0,Summer,Afternoon,0.0157034406758907,0.0411717889065752,1.2246467991473532e-16,-1.0,1.2246467991473532e-16,-1.0,172.45,198.50805252527084
12,26,MQ,LGA,1020,14,25,3,0,Winter,Afternoon,0.010958736378107,0.0217950287743357,-2.4492935982947064e-16,1.0,-0.4999999999999997,-0.8660254037844388,122.09,120.22188575923462
9,16,EV,EWR,746,18,35,0,0,Fall,Evening,0.0156728296804212,0.0505999755112036,-1.0,-1.8369701987210294e-16,-1.0,-1.8369701987210294e-16,121.22,103.77985920591976
8,2,UA,LGA,733,18,37,4,0,Summer,Evening,0.0245194073711277,0.0486102608056814,-0.8660254037844384,-0.5000000000000004,-1.0,-1.8369701987210294e-16,133.98,151.76542703504788
3,19,B6,JFK,1626,21,49,1,0,Spring,Night,0.0024794906330353,0.0225296926656054,1.0,6.123233995736766e-17,-0.7071067811865477,0.7071067811865474,136.31,136.7288707734739
3,31,US,LGA,214,18,50,6,1,Spring,Evening,0.014540222848047,0.0294783886371984,1.0,6.123233995736766e-17,-1.0,-1.8369701987210294e-16,81.49,96.71202962142807
3,19,EV,LGA,764,8,12,1,0,Spring,Morning,0.0090608546589935,0.0170503244765519,1.0,6.123233995736766e-17,0.8660254037844387,-0.4999999999999998,86.37,98.0042516131692
12,11,US,JFK,541,18,41,2,0,Winter,Evening,0.0089996326680543,0.042335006734419,-2.4492935982947064e-16,1.0,-1.0,-1.8369701987210294e-16,161.71,131.20715920129823
4,25,B6,JFK,1626,21,36,3,0,Spring,Night,0.0024794906330353,0.0225296926656054,0.8660254037844387,-0.4999999999999998,-0.7071067811865477,0.7071067811865474,124.64,139.43890464431144
3,17,B6,JFK,1521,12,56,6,1,Spring,Afternoon,0.0046222603159054,0.0074996938900453,1.0,6.123233995736766e-17,1.2246467991473532e-16,-1.0,157.13,151.2578730664179
3,31,DL,LGA,1183,6,39,6,1,Spring,Morning,0.0026325456103832,0.0104995714460634,1.0,6.123233995736766e-17,1.0,6.123233995736766e-17,111.91,141.72065335619476
2,25,EV,EWR,284,15,55,0,0,Winter,Afternoon,0.0012244398187829,0.0038263744336965,0.8660254037844386,0.5000000000000001,-0.7071067811865471,-0.7071067811865479,97.8,64.56269614912651
1,27,DL,LGA,1183,14,13,6,1,Winter,Afternoon,0.0026325456103832,0.0104995714460634,0.4999999999999999,0.8660254037844387,-0.4999999999999997,-0.8660254037844388,137.82,135.52978181149535
10,20,UA,LGA,733,14,56,6,1,Fall,Afternoon,0.0245194073711277,0.0486102608056814,-0.8660254037844386,0.5000000000000001,-0.4999999999999997,-0.8660254037844388,118.92,112.88711562043329
9,11,US,JFK,541,8,23,2,0,Fall,Morning,0.0089996326680543,0.042335006734419,-1.0,-1.8369701987210294e-16,0.8660254037844387,-0.4999999999999998,128.68,105.64892599273861
7,1,B6,JFK,1598,16,12,0,0,Summer,Afternoon,0.0144177788661687,0.0179686543406391,-0.4999999999999997,-0.8660254037844388,-0.8660254037844384,-0.5000000000000004,141.98,173.0762688721922
12,13,AA,JFK,1391,15,40,4,0,Winter,Afternoon,0.0022958246602179,0.0260499571446063,-2.4492935982947064e-16,1.0,-0.7071067811865471,-0.7071067811865479,210.44,181.36819199776926
5,14,UA,EWR,1400,8,56,1,0,Spring,Morning,0.012458675156116,0.0223154156973184,0.4999999999999999,-0.8660254037844387,0.8660254037844387,-0.4999999999999998,147.77,143.3472556750808
1,16,DL,LGA,502,7,15,2,0,Winter,Morning,0.0150299987755601,0.0272131749724501,0.4999999999999999,0.8660254037844387,0.9659258262890684,-0.2588190451025206,94.74,101.19813302638377
6,4,DL,LGA,762,8,58,1,0,Summer,Morning,0.0289580017142157,0.0505999755112036,1.2246467991473532e-16,-1.0,0.8660254037844387,-0.4999999999999998,116.82,136.311637671499
9,18,DL,JFK,944,11,0,2,0,Fall,Morning,0.0161932166034039,0.0421207297661319,-1.0,-1.8369701987210294e-16,0.258819045102521,-0.9659258262890682,118.55,123.51781784331337
1,15,WN,EWR,2133,7,56,1,0,Winter,Morning,0.0085404677360107,0.0139586139341251,0.4999999999999999,0.8660254037844387,0.9659258262890684,-0.2588190451025206,151.95,145.57755853827538
10,23,EV,LGA,419,5,53,2,0,Fall,Morning,0.0059691441165666,0.0127035631198726,-0.8660254037844386,0.5000000000000001,0.9659258262890684,0.2588190451025207,70.07,66.99798796840959
12,9,AA,LGA,733,6,3,0,0,Winter,Morning,0.0245194073711277,0.0486102608056814,-2.4492935982947064e-16,1.0,1.0,6.123233995736766e-17,152.62,138.4347806335468
5,29,MQ,LGA,502,6,5,2,0,Spring,Morning,0.0150299987755601,0.0272131749724501,0.4999999999999999,-0.8660254037844387,1.0,6.123233995736766e-17,83.46,86.32169288804512
6,21,EV,EWR,1008,9,23,4,0,Summer,Morning,0.007377249908167,0.0217950287743357,1.2246467991473532e-16,-1.0,0.7071067811865476,-0.7071067811865475,182.06,144.02770745448737
7,26,YV,LGA,544,11,30,4,0,Summer,Morning,0.0178462103587608,0.042335006734419,-0.4999999999999997,-0.8660254037844388,0.258819045102521,-0.9659258262890682,102.76,111.52135596834609
5,17,WN,EWR,1504,9,25,4,0,Spring,Morning,0.0028774335741398,0.0074996938900453,0.4999999999999999,-0.8660254037844387,0.7071067811865476,-0.7071067811865475,172.68,136.26824539279806
7,23,9E,JFK,184,13,50,1,0,Summer,Afternoon,0.0039182074201053,0.005938533121097,-0.4999999999999997,-0.8660254037844388,-0.2588190451025208,-0.9659258262890684,71.97,94.70510655558957
4,14,B6,EWR,1608,7,27,6,1,Spring,Morning,0.0035508754744704,0.0179686543406391,0.8660254037844387,-0.4999999999999998,0.9659258262890684,-0.2588190451025206,191.19,157.6459904030117
9,19,WN,EWR,711,15,35,3,0,Fall,Afternoon,0.0066731970123668,0.0133770050202032,-1.0,-1.8369701987210294e-16,-0.7071067811865471,-0.7071067811865479,99.35,73.35672841538624
4,16,DL,JFK,187,19,57,1,0,Spring,Evening,0.0179074323497,0.0449981633402718,0.8660254037844387,-0.4999999999999998,-0.9659258262890684,0.2588190451025203,80.88,99.55251388291566
6,11,UA,LGA,1620,11,16,1,0,Summer,Morning,0.0119995102240724,0.0225296926656054,1.2246467991473532e-16,-1.0,0.258819045102521,-0.9659258262890682,200.01,163.8198086517852
7,29,B6,JFK,209,17,3,0,0,Summer,Evening,0.0043467613566793,0.0056018121709317,-0.4999999999999997,-0.8660254037844388,-0.9659258262890684,-0.2588190451025206,115.89,116.44365525481845
8,1,WN,EWR,711,17,14,3,0,Summer,Evening,0.0066731970123668,0.0133770050202032,-0.8660254037844384,-0.5000000000000004,-0.9659258262890684,-0.2588190451025206,123.58,109.23849101235496
11,26,EV,EWR,143,22,22,1,0,Fall,Night,0.0011326068323741,0.0011326068323741,-0.5000000000000004,0.8660254037844384,-0.5000000000000004,0.8660254037844384,58.27,58.60127713106415
9,30,US,LGA,184,10,48,0,0,Fall,Morning,0.0115097342965593,0.0449981633402718,-1.0,-1.8369701987210294e-16,0.4999999999999999,-0.8660254037844387,66.29,68.01814202655257
10,20,MQ,JFK,1005,7,45,6,1,Fall,Morning,0.0096118525774458,0.0228358026203012,-0.8660254037844386,0.5000000000000001,0.9659258262890684,-0.2588190451025206,139.99,132.9271192790734
12,20,DL,JFK,760,8,11,4,0,Winter,Morning,0.0059691441165666,0.0505999755112036,-2.4492935982947064e-16,1.0,0.8660254037844387,-0.4999999999999998,177.85,158.43608446007977
7,8,MQ,EWR,719,14,25,0,0,Summer,Afternoon,0.0183972082772131,0.0486102608056814,-0.4999999999999997,-0.8660254037844388,-0.4999999999999997,-0.8660254037844388,144.48,108.3000059828232
7,26,B6,JFK,187,17,1,4,0,Summer,Evening,0.0179074323497,0.0449981633402718,-0.4999999999999997,-0.8660254037844388,-0.9659258262890684,-0.2588190451025206,129.13,131.7311188845576
5,13,UA,EWR,200,19,41,0,0,Spring,Evening,0.0155809966940124,0.0449981633402718,0.4999999999999999,-0.8660254037844387,-0.9659258262890684,0.2588190451025203,79.01,92.6453662560481
4,21,DL,LGA,1010,20,19,6,1,Spring,Evening,0.0060609771029753,0.0228358026203012,0.8660254037844387,-0.4999999999999998,-0.8660254037844386,0.5000000000000001,143.36,131.0727746414605
7,16,DL,EWR,746,11,46,1,0,Summer,Morning,0.0156728296804212,0.0505999755112036,-0.4999999999999997,-0.8660254037844388,0.258819045102521,-0.9659258262890682,156.11,128.9828086901565
5,6,UA,JFK,2586,12,9,0,0,Spring,Afternoon,0.0254683482306844,0.0411717889065752,0.4999999999999999,-0.8660254037844387,1.2246467991473532e-16,-1.0,203.44,183.37419609198815
2,21,US,LGA,214,5,55,3,0,Winter,Morning,0.014540222848047,0.0294783886371984,0.8660254037844386,0.5000000000000001,0.9659258262890684,0.2588190451025207,84.41,71.67554420673915
11,5,MQ,LGA,762,16,42,1,0,Fall,Afternoon,0.0289580017142157,0.0505999755112036,-0.5000000000000004,0.8660254037844384,-0.8660254037844384,-0.5000000000000004,84.84,96.87010852542326
8,26,DL,LGA,1020,14,41,0,0,Summer,Afternoon,0.010958736378107,0.0217950287743357,-0.8660254037844384,-0.5000000000000004,-0.4999999999999997,-0.8660254037844388,128.82,138.29885092565866
3,26,B6,JFK,1005,21,43,1,0,Spring,Night,0.0096118525774458,0.0228358026203012,1.0,6.123233995736766e-17,-0.7071067811865477,0.7071067811865474,97.41,107.75914860533287
2,6,EV,EWR,872,13,16,2,0,Winter,Afternoon,0.0072241949308191,0.0131627280519162,0.8660254037844386,0.5000000000000001,-0.2588190451025208,-0.9659258262890684,64.31,91.20620806298726
3,28,EV,EWR,1325,19,58,3,0,Spring,Evening,0.0008877188686176,0.0008877188686176,1.0,6.123233995736766e-17,-0.9659258262890684,0.2588190451025203,128.76,114.79068005726837
7,6,UA,EWR,1068,15,17,5,1,Summer,Afternoon,0.0045610383249663,0.0106526264234112,-0.4999999999999997,-0.8660254037844388,-0.7071067811865471,-0.7071067811865479,144.81,143.295598274087
8,23,UA,EWR,2565,15,29,4,0,Summer,Afternoon,0.0157034406758907,0.0411717889065752,-0.8660254037844384,-0.5000000000000004,-0.7071067811865471,-0.7071067811865479,222.68,217.4781076291224
3,11,EV,EWR,1092,14,51,0,0,Spring,Afternoon,0.0042855393657401,0.0061528100893841,1.0,6.123233995736766e-17,-0.4999999999999997,-0.8660254037844388,46.55,103.05636359810424
12,28,WN,LGA,1428,7,27,5,1,Winter,Morning,0.0013468838006611,0.0067650299987755,-2.4492935982947064e-16,1.0,0.9659258262890684,-0.2588190451025206,112.82,134.5636176206191
6,11,DL,JFK,187,21,47,1,0,Summer,Night,0.0179074323497,0.0449981633402718,1.2246467991473532e-16,-1.0,-0.7071067811865477,0.7071067811865474,126.06,106.81064085405092
5,24,DL,LGA,1047,10,51,4,0,Spring,Morning,0.0026019346149136,0.0041630953838618,0.4999999999999999,-0.8660254037844387,0.4999999999999999,-0.8660254037844387,121.44,126.58524574247605
7,25,9E,EWR,569,13,18,3,0,Summer,Afternoon,0.0076833598628627,0.0110199583690461,-0.4999999999999997,-0.8660254037844388,-0.2588190451025208,-0.9659258262890684,116.17,109.02887627186382
11,15,9E,JFK,427,16,19,4,0,Fall,Afternoon,0.0091832986408718,0.0245194073711277,-0.5000000000000004,0.8660254037844384,-0.8660254037844384,-0.5000000000000004,82.0,107.07686371034006
5,6,AA,LGA,1389,18,41,0,0,Spring,Evening,0.0143871678706991,0.0260499571446063,0.4999999999999999,-0.8660254037844387,-1.0,-1.8369701987210294e-16,169.8,145.31558357755586
5,1,EV,EWR,1017,19,27,2,0,Spring,Evening,0.000857107873148,0.0011326068323741,0.4999999999999999,-0.8660254037844387,-0.9659258262890684,0.2588190451025203,104.1,115.0684196802516
12,13,AA,LGA,1389,6,45,4,0,Winter,Morning,0.0143871678706991,0.0260499571446063,-2.4492935982947064e-16,1.0,1.0,6.123233995736766e-17,184.78,183.61944656572163
8,10,US,LGA,184,9,52,5,1,Summer,Morning,0.0115097342965593,0.0449981633402718,-0.8660254037844384,-0.5000000000000004,0.7071067811865476,-0.7071067811865475,149.29,109.13028771620648
5,7,UA,EWR,1068,10,22,1,0,Spring,Morning,0.0045610383249663,0.0106526264234112,0.4999999999999999,-0.8660254037844387,0.4999999999999999,-0.8660254037844387,147.12,117.18706196093473
8,16,UA,EWR,2565,15,39,4,0,Summer,Afternoon,0.0157034406758907,0.0411717889065752,-0.8660254037844384,-0.5000000000000004,-0.7071067811865471,-0.7071067811865479,191.17,216.386500004631
12,30,AA,JFK,2475,16,13,0,0,Winter,Afternoon,0.0341312599485735,0.0484572058283335,-2.4492935982947064e-16,1.0,-0.8660254037844384,-0.5000000000000004,213.81,224.28566412198077
7,22,UA,EWR,200,12,31,0,0,Summer,Afternoon,0.0155809966940124,0.0449981633402718,-0.4999999999999997,-0.8660254037844388,1.2246467991473532e-16,-1.0,96.31,105.14519771455838
9,6,US,LGA,184,11,53,4,0,Fall,Morning,0.0115097342965593,0.0449981633402718,-1.0,-1.8369701987210294e-16,0.258819045102521,-0.9659258262890682,90.1,84.94757884926686
12,23,US,LGA,214,19,54,0,0,Winter,Evening,0.014540222848047,0.0294783886371984,-2.4492935982947064e-16,1.0,-0.9659258262890684,0.2588190451025203,98.58,103.16458629311245
11,17,WN,LGA,764,17,44,6,1,Fall,Evening,0.0090608546589935,0.0170503244765519,-0.5000000000000004,0.8660254037844384,-0.9659258262890684,-0.2588190451025206,87.58,94.86973414923862
9,24,AA,LGA,733,5,52,1,0,Fall,Morning,0.0245194073711277,0.0486102608056814,-1.0,-1.8369701987210294e-16,0.9659258262890684,0.2588190451025207,126.54,102.24304079006228
12,23,WN,LGA,888,13,47,0,0,Winter,Afternoon,0.005938533121097,0.0131627280519162,-2.4492935982947064e-16,1.0,-0.2588190451025208,-0.9659258262890684,102.32,98.60333377240195
9,19,9E,JFK,509,15,46,3,0,Fall,Afternoon,0.0033672095016529,0.0272131749724501,-1.0,-1.8369701987210294e-16,-0.7071067811865471,-0.7071067811865479,116.71,86.54349144979719
8,9,UA,EWR,1605,11,21,4,0,Summer,Morning,0.0080506918084976,0.0225296926656054,-0.8660254037844384,-0.5000000000000004,0.258819045102521,-0.9659258262890682,172.7,178.393555433656
6,21,9E,JFK,427,16,15,4,0,Summer,Afternoon,0.0091832986408718,0.0245194073711277,1.2246467991473532e-16,-1.0,-0.8660254037844384,-0.5000000000000004,158.24,134.02296502496947
1,4,B6,JFK,1598,17,14,4,0,Winter,Evening,0.0144177788661687,0.0179686543406391,0.4999999999999999,0.8660254037844387,-0.9659258262890684,-0.2588190451025206,171.15,160.62783280274706
7,3,UA,EWR,1400,17,59,2,0,Summer,Evening,0.012458675156116,0.0223154156973184,-0.4999999999999997,-0.8660254037844388,-0.9659258262890684,-0.2588190451025206,196.8,170.89198006390905
8,21,B6,JFK,1069,21,47,2,0,Summer,Night,0.0129790620790988,0.0362128076405044,-0.8660254037844384,-0.5000000000000004,-0.7071067811865477,0.7071067811865474,129.04,140.52327375578983
6,6,UA,EWR,2454,5,59,3,0,Summer,Morning,0.01432594587976,0.0484572058283335,1.2246467991473532e-16,-1.0,0.9659258262890684,0.2588190451025207,172.45,188.28589893064563
6,11,9E,JFK,1182,20,14,1,0,Summer,Evening,0.004652871311375,0.0104995714460634,1.2246467991473532e-16,-1.0,-0.8660254037844386,0.5000000000000001,145.71,145.5399688607292
7,13,B6,EWR,937,12,52,5,1,Summer,Afternoon,0.0149075547936818,0.0421207297661319,-0.4999999999999997,-0.8660254037844388,1.2246467991473532e-16,-1.0,139.27,129.38471068101228
11,27,DL,LGA,1096,19,4,2,0,Fall,Evening,0.0175401004040651,0.0373454144728786,-0.5000000000000004,0.8660254037844384,-0.9659258262890684,0.2588190451025203,133.07,130.41441924432866
10,17,UA,EWR,2565,7,27,3,0,Fall,Morning,0.0157034406758907,0.0411717889065752,-0.8660254037844386,0.5000000000000001,0.9659258262890684,-0.2588190451025206,162.12,188.5338746830975
5,16,WN,EWR,1411,6,23,3,0,Spring,Morning,0.0028468225786702,0.0067650299987755,0.4999999999999999,-0.8660254037844387,1.0,6.123233995736766e-17,80.41,113.32936597151867
1,4,AA,LGA,1389,10,58,4,0,Winter,Morning,0.0143871678706991,0.0260499571446063,0.4999999999999999,0.8660254037844387,0.4999999999999999,-0.8660254037844387,123.95,143.23612823011092
2,20,AA,JFK,1089,17,30,2,0,Winter,Evening,0.0105301824415329,0.0373454144728786,0.8660254037844386,0.5000000000000001,-0.9659258262890684,-0.2588190451025206,115.82,141.28369763062796
11,14,B6,JFK,1576,23,58,3,0,Fall,Night,0.0016836047508264,0.0026019346149136,-0.5000000000000004,0.8660254037844384,-0.2588190451025215,0.965925826289068,135.4,135.4034703401934
12,18,B6,EWR,937,21,47,2,0,Winter,Night,0.0149075547936818,0.0421207297661319,-2.4492935982947064e-16,1.0,-0.7071067811865477,0.7071067811865474,148.48,130.1055167993704
3,15,EV,EWR,628,9,4,4,0,Spring,Morning,0.0042855393657401,0.0091220766499326,1.0,6.123233995736766e-17,0.7071067811865476,-0.7071067811865475,99.54,110.98850849764389
4,10,UA,EWR,719,21,58,2,0,Spring,Night,0.0183972082772131,0.0486102608056814,0.8660254037844387,-0.4999999999999998,-0.7071067811865477,0.7071067811865474,55.82,95.60880916639536
5,27,9E,EWR,569,17,10,0,0,Spring,Evening,0.0076833598628627,0.0110199583690461,0.4999999999999999,-0.8660254037844387,-0.9659258262890684,-0.2588190451025206,83.31,98.93605827270133
2,22,B6,JFK,266,17,27,4,0,Winter,Evening,0.0040406514019835,0.0077139708583323,0.8660254037844386,0.5000000000000001,-0.9659258262890684,-0.2588190451025206,101.81,103.88672026819768
8,6,UA,EWR,937,12,59,1,0,Summer,Afternoon,0.0149075547936818,0.0421207297661319,-0.8660254037844384,-0.5000000000000004,1.2246467991473532e-16,-1.0,172.38,143.06417842144117
10,31,VX,EWR,2565,7,20,3,0,Fall,Morning,0.0157034406758907,0.0411717889065752,-0.8660254037844386,0.5000000000000001,0.9659258262890684,-0.2588190451025206,174.41,186.48940069032102
9,25,9E,JFK,427,16,58,2,0,Fall,Afternoon,0.0091832986408718,0.0245194073711277,-1.0,-1.8369701987210294e-16,-0.8660254037844384,-0.5000000000000004,86.81,93.42510282118562
4,25,EV,EWR,116,22,43,3,0,Spring,Night,0.001499938778009,0.001499938778009,0.8660254037844387,-0.4999999999999998,-0.5000000000000004,0.8660254037844384,91.21,61.19596047255892
4,24,AA,LGA,733,15,0,2,0,Spring,Afternoon,0.0245194073711277,0.0486102608056814,0.8660254037844387,-0.4999999999999998,-0.7071067811865471,-0.7071067811865479,116.5,105.91505507514478
2,19,EV,EWR,872,18,29,1,0,Winter,Evening,0.0072241949308191,0.0131627280519162,0.8660254037844386,0.5000000000000001,-1.0,-1.8369701987210294e-16,111.87,102.2739562634058
2,13,UA,EWR,2425,8,43,2,0,Winter,Morning,0.00358148646994,0.0081119137994367,0.8660254037844386,0.5000000000000001,0.8660254037844387,-0.4999999999999998,176.44,185.72072811534755
10,24,9E,JFK,301,19,34,3,0,Fall,Evening,0.0109281253826374,0.0149381657891514,-0.8660254037844386,0.5000000000000001,-0.9659258262890684,0.2588190451025203,85.57,88.67356076473041
4,17,9E,JFK,264,15,23,2,0,Spring,Afternoon,0.0047140933023141,0.0070099179625321,0.8660254037844387,-0.4999999999999998,-0.7071067811865471,-0.7071067811865479,95.24,77.309947890944
11,26,DL,LGA,502,18,17,1,0,Fall,Evening,0.0150299987755601,0.0272131749724501,-0.5000000000000004,0.8660254037844384,-1.0,-1.8369701987210294e-16,84.44,104.11621946429113
1,29,UA,LGA,1416,7,21,1,0,Winter,Morning,0.0089690216725847,0.0223154156973184,0.4999999999999999,0.8660254037844387,0.9659258262890684,-0.2588190451025206,144.34,139.31065059785533
9,18,UA,EWR,937,17,38,2,0,Fall,Evening,0.0149075547936818,0.0421207297661319,-1.0,-1.8369701987210294e-16,-0.9659258262890684,-0.2588190451025206,100.28,121.95534837235206
1,24,UA,EWR,937,22,13,3,0,Winter,Night,0.0149075547936818,0.0421207297661319,0.4999999999999999,0.8660254037844387,-0.5000000000000004,0.8660254037844384,109.46,110.1902202672452
6,29,EV,EWR,708,7,22,5,1,Summer,Morning,0.002357046651157,0.0026631566058528,1.2246467991473532e-16,-1.0,0.9659258262890684,-0.2588190451025206,125.45,120.34406423264022
4,18,AA,LGA,733,13,22,3,0,Spring,Afternoon,0.0245194073711277,0.0486102608056814,0.8660254037844387,-0.4999999999999998,-0.2588190451025208,-0.9659258262890684,90.89,104.78515726497028
1,17,WN,LGA,725,20,56,3,0,Winter,Evening,0.0067038080078364,0.0133770050202032,0.4999999999999999,0.8660254037844387,-0.8660254037844386,0.5000000000000001,68.81,66.85548338396475
1,15,B6,JFK,944,6,21,1,0,Winter,Morning,0.0161932166034039,0.0421207297661319,0.4999999999999999,0.8660254037844387,1.0,6.123233995736766e-17,114.01,120.97524608336167
7,19,EV,EWR,820,21,42,4,0,Summer,Night,0.0033059875107138,0.0075303048855148,-0.4999999999999997,-0.8660254037844388,-0.7071067811865477,0.7071067811865474,116.1,129.5609005031412
5,25,DL,EWR,488,8,48,5,1,Spring,Morning,0.0088159666952369,0.0272131749724501,0.4999999999999999,-0.8660254037844387,0.8660254037844387,-0.4999999999999998,101.21,100.39883146548297
7,13,AA,EWR,1372,14,57,5,1,Summer,Afternoon,0.0093669646136892,0.0260499571446063,-0.4999999999999997,-0.8660254037844388,-0.4999999999999997,-0.8660254037844388,133.56,158.27672756305634
4,29,B6,JFK,1028,12,50,0,0,Spring,Afternoon,0.0047447042977837,0.018978817191135,0.8660254037844387,-0.4999999999999998,1.2246467991473532e-16,-1.0,111.89,113.99255023241892
2,15,EV,EWR,209,16,12,4,0,Winter,Afternoon,0.0020203257009917,0.0023264356556875,0.8660254037844386,0.5000000000000001,-0.8660254037844384,-0.5000000000000004,65.62,83.85003941822919
10,17,EV,EWR,533,17,12,3,0,Fall,Evening,0.0026631566058528,0.0036733194563487,-0.8660254037844386,0.5000000000000001,-0.9659258262890684,-0.2588190451025206,111.53,90.83081057473544
4,25,EV,EWR,266,8,30,3,0,Spring,Morning,0.0026631566058528,0.0077139708583323,0.8660254037844387,-0.4999999999999998,0.8660254037844387,-0.4999999999999998,54.02,76.84659630908182
12,21,MQ,LGA,419,9,57,5,1,Winter,Morning,0.0059691441165666,0.0127035631198726,-2.4492935982947064e-16,1.0,0.7071067811865476,-0.7071067811865475,96.91,107.63341927692113
7,18,EV,EWR,594,7,34,3,0,Summer,Morning,0.0021733806783396,0.0025407126239745,-0.4999999999999997,-0.8660254037844388,0.9659258262890684,-0.2588190451025206,113.1,117.85670105656098
11,4,UA,EWR,719,6,48,0,0,Fall,Morning,0.0183972082772131,0.0486102608056814,-0.5000000000000004,0.8660254037844384,1.0,6.123233995736766e-17,140.54,110.98013414728909
11,25,9E,EWR,488,12,36,0,0,Fall,Afternoon,0.0088159666952369,0.0272131749724501,-0.5000000000000004,0.8660254037844384,1.2246467991473532e-16,-1.0,82.28,77.38825496711951
8,28,B6,JFK,1028,13,15,2,0,Summer,Afternoon,0.0047447042977837,0.018978817191135,-0.8660254037844384,-0.5000000000000004,-0.2588190451025208,-0.9659258262890684,138.26,140.59849032934108
8,31,AA,JFK,187,15,38,5,1,Summer,Afternoon,0.0179074323497,0.0449981633402718,-0.8660254037844384,-0.5000000000000004,-0.7071067811865471,-0.7071067811865479,119.34,112.94489736417644
1,19,MQ,JFK,483,19,37,5,1,Winter,Evening,0.0022039916738092,0.0106526264234112,0.4999999999999999,0.8660254037844387,-0.9659258262890684,0.2588190451025203,57.19,92.37776849588782
3,14,9E,JFK,213,21,24,3,0,Spring,Night,0.0097036855638545,0.0294783886371984,1.0,6.123233995736766e-17,-0.7071067811865477,0.7071067811865474,73.37,69.93195647149341
10,29,AA,JFK,2475,11,54,1,0,Fall,Morning,0.0341312599485735,0.0484572058283335,-0.8660254037844386,0.5000000000000001,0.258819045102521,-0.9659258262890682,214.12,183.5621950516038
7,3,EV,LGA,431,16,34,2,0,Summer,Afternoon,0.0108975143871678,0.0245194073711277,-0.4999999999999997,-0.8660254037844388,-0.8660254037844384,-0.5000000000000004,108.28,103.20945887198236
9,27,UA,EWR,2454,13,24,4,0,Fall,Afternoon,0.01432594587976,0.0484572058283335,-1.0,-1.8369701987210294e-16,-0.2588190451025208,-0.9659258262890684,204.14,188.25438081746566
3,22,B6,JFK,187,18,4,4,0,Spring,Evening,0.0179074323497,0.0449981633402718,1.0,6.123233995736766e-17,-1.0,-1.8369701987210294e-16,107.37,100.37575798605238
1,5,UA,EWR,1795,8,59,5,1,Winter,Morning,6.122199093914534e-05,6.122199093914534e-05,0.4999999999999999,0.8660254037844387,0.8660254037844387,-0.4999999999999998,187.02,161.7267304926993
6,14,VX,JFK,2475,12,59,4,0,Summer,Afternoon,0.0341312599485735,0.0484572058283335,1.2246467991473532e-16,-1.0,1.2246467991473532e-16,-1.0,185.01,222.92553722551898
8,21,EV,EWR,569,17,24,2,0,Summer,Evening,0.0076833598628627,0.0110199583690461,-0.8660254037844384,-0.5000000000000004,-0.9659258262890684,-0.2588190451025206,92.61,116.76323068441377
4,12,EV,EWR,746,7,21,4,0,Spring,Morning,0.0156728296804212,0.0505999755112036,0.8660254037844387,-0.4999999999999998,0.9659258262890684,-0.2588190451025206,111.89,119.77565981357807
3,7,EV,EWR,416,13,42,3,0,Spring,Afternoon,0.004438594343088,0.0245194073711277,1.0,6.123233995736766e-17,-0.2588190451025208,-0.9659258262890684,57.18,70.3624825995458
9,27,UA,EWR,1400,14,11,4,0,Fall,Afternoon,0.012458675156116,0.0223154156973184,-1.0,-1.8369701987210294e-16,-0.4999999999999997,-0.8660254037844388,183.01,146.7716186919241
8,13,UA,EWR,719,15,15,1,0,Summer,Afternoon,0.0183972082772131,0.0486102608056814,-0.8660254037844384,-0.5000000000000004,-0.7071067811865471,-0.7071067811865479,131.73,131.18004465424423
11,27,UA,EWR,2565,8,11,2,0,Fall,Morning,0.0157034406758907,0.0411717889065752,-0.5000000000000004,0.8660254037844384,0.8660254037844387,-0.4999999999999998,160.49,188.0090735868377
5,7,AA,JFK,2586,15,25,1,0,Spring,Afternoon,0.0254683482306844,0.0411717889065752,0.4999999999999999,-0.8660254037844387,-0.7071067811865471,-0.7071067811865479,156.04,187.78636142769903
4,28,FL,LGA,762,13,35,6,1,Spring,Afternoon,0.0289580017142157,0.0505999755112036,0.8660254037844387,-0.4999999999999998,-0.2588190451025208,-0.9659258262890684,40.47,79.3216645522528
6,17,EV,LGA,229,21,17,0,0,Summer,Night,0.005081425247949,0.0163768825762213,1.2246467991473532e-16,-1.0,-0.7071067811865477,0.7071067811865474,78.91,85.17050528432316
5,28,AA,JFK,1623,7,54,1,0,Spring,Morning,0.0011938288233133,0.0016836047508264,0.4999999999999999,-0.8660254037844387,0.9659258262890684,-0.2588190451025206,152.33,161.4868901031493
3,19,MQ,LGA,544,9,15,1,0,Spring,Morning,0.0178462103587608,0.042335006734419,1.0,6.123233995736766e-17,0.7071067811865476,-0.7071067811865475,82.23,89.25556249800685
2,20,B6,JFK,209,18,1,2,0,Winter,Evening,0.0043467613566793,0.0056018121709317,0.8660254037844386,0.5000000000000001,-1.0,-1.8369701987210294e-16,102.39,88.60111141725042
2,18,UA,EWR,2565,19,28,0,0,Winter,Evening,0.0157034406758907,0.0411717889065752,0.8660254037844386,0.5000000000000001,-0.9659258262890684,0.2588190451025203,196.98,188.87413016643114
5,26,B6,LGA,950,20,53,6,1,Spring,Evening,0.0110199583690461,0.0421207297661319,0.4999999999999999,-0.8660254037844387,-0.8660254037844386,0.5000000000000001,101.85,116.82347308380417
11,14,9E,JFK,301,8,7,3,0,Fall,Morning,0.0109281253826374,0.0149381657891514,-0.5000000000000004,0.8660254037844384,0.8660254037844387,-0.4999999999999998,54.57,87.10256981123479
5,10,EV,EWR,533,8,2,4,0,Spring,Morning,0.0026631566058528,0.0036733194563487,0.4999999999999999,-0.8660254037844387,0.8660254037844387,-0.4999999999999998,111.78,108.9668378015022
5,2,UA,JFK,2475,8,40,3,0,Spring,Morning,0.0341312599485735,0.0484572058283335,0.4999999999999999,-0.8660254037844387,0.8660254037844387,-0.4999999999999998,196.66,188.68400014350615
4,9,US,JFK,541,11,59,1,0,Spring,Morning,0.0089996326680543,0.042335006734419,0.8660254037844387,-0.4999999999999998,0.258819045102521,-0.9659258262890682,95.35,92.06443755160774
7,29,B6,EWR,1065,9,19,0,0,Summer,Morning,0.0110811803599853,0.0362128076405044,-0.4999999999999997,-0.8660254037844388,0.7071067811865476,-0.7071067811865475,173.53,146.5010655067448
12,16,EV,EWR,160,15,14,0,0,Winter,Afternoon,0.0013162728051916,0.0013162728051916,-2.4492935982947064e-16,1.0,-0.7071067811865471,-0.7071067811865479,58.28,80.96575030214854
2,20,EV,EWR,282,13,15,2,0,Winter,Afternoon,0.0035202644790008,0.0149381657891514,0.8660254037844386,0.5000000000000001,-0.2588190451025208,-0.9659258262890684,94.84,65.49104385576194
1,3,MQ,EWR,719,20,54,3,0,Winter,Evening,0.0183972082772131,0.0486102608056814,0.4999999999999999,0.8660254037844387,-0.8660254037844386,0.5000000000000001,68.53,86.56896465144474
12,30,DL,LGA,1076,11,3,0,0,Winter,Morning,0.0121525652014203,0.0362128076405044,-2.4492935982947064e-16,1.0,0.258819045102521,-0.9659258262890682,154.53,136.19343005903823
12,30,UA,EWR,1023,14,54,0,0,Winter,Afternoon,0.0067344190033059,0.018978817191135,-2.4492935982947064e-16,1.0,-0.4999999999999997,-0.8660254037844388,114.26,137.9812628822363
5,27,AA,LGA,733,18,16,0,0,Spring,Evening,0.0245194073711277,0.0486102608056814,0.4999999999999999,-0.8660254037844387,-1.0,-1.8369701987210294e-16,95.45,116.77945206449735
3,28,B6,JFK,1028,17,39,3,0,Spring,Evening,0.0047447042977837,0.018978817191135,1.0,6.123233995736766e-17,-0.9659258262890684,-0.2588190451025206,163.19,124.852225641612
7,26,DL,JFK,2248,15,20,4,0,Summer,Afternoon,0.0119995102240724,0.0178768213542304,-0.4999999999999997,-0.8660254037844388,-0.7071067811865471,-0.7071067811865479,201.28,211.5000554799882
9,12,UA,EWR,1400,12,3,3,0,Fall,Afternoon,0.012458675156116,0.0223154156973184,-1.0,-1.8369701987210294e-16,1.2246467991473532e-16,-1.0,139.28,131.17629258864275
12,29,B6,EWR,1023,20,10,6,1,Winter,Evening,0.0067344190033059,0.018978817191135,-2.4492935982947064e-16,1.0,-0.8660254037844386,0.5000000000000001,141.96,143.32492243842185
4,2,AA,JFK,2475,7,29,1,0,Spring,Morning,0.0341312599485735,0.0484572058283335,0.8660254037844387,-0.4999999999999998,0.9659258262890684,-0.2588190451025206,186.21,195.61843522091928
5,22,B6,JFK,2446,8,40,2,0,Spring,Morning,0.0045304273294967,0.0081119137994367,0.4999999999999999,-0.8660254037844387,0.8660254037844387,-0.4999999999999998,193.06,180.71673558357332
11,26,B6,JFK,1069,14,39,1,0,Fall,Afternoon,0.0129790620790988,0.0362128076405044,-0.5000000000000004,0.8660254037844384,-0.4999999999999997,-0.8660254037844388,113.78,113.9886348173929
9,4,EV,EWR,872,17,12,2,0,Fall,Evening,0.0072241949308191,0.0131627280519162,-1.0,-1.8369701987210294e-16,-0.9659258262890684,-0.2588190451025206,67.93,100.69588244533165
6,24,UA,EWR,2454,7,1,0,0,Summer,Morning,0.01432594587976,0.0484572058283335,1.2246467991473532e-16,-1.0,0.9659258262890684,-0.2588190451025206,194.04,208.35340810852574
8,31,DL,EWR,1008,8,19,5,1,Summer,Morning,0.007377249908167,0.0217950287743357,-0.8660254037844384,-0.5000000000000004,0.8660254037844387,-0.4999999999999998,155.82,154.4805758594335
2,27,UA,EWR,1023,6,56,2,0,Winter,Morning,0.0067344190033059,0.018978817191135,0.8660254037844386,0.5000000000000001,1.0,6.123233995736766e-17,127.17,128.0307368416656
5,2,DL,LGA,1096,20,3,3,0,Spring,Evening,0.0175401004040651,0.0373454144728786,0.4999999999999999,-0.8660254037844387,-0.8660254037844386,0.5000000000000001,93.76,120.36400305787548
5,25,EV,EWR,569,13,34,5,1,Spring,Afternoon,0.0076833598628627,0.0110199583690461,0.4999999999999999,-0.8660254037844387,-0.2588190451025208,-0.9659258262890684,70.42,80.50839675132573
9,2,UA,EWR,719,18,52,0,0,Fall,Evening,0.0183972082772131,0.0486102608056814,-1.0,-1.8369701987210294e-16,-1.0,-1.8369701987210294e-16,111.07,113.92111624072936
11,14,US,LGA,184,21,41,3,0,Fall,Night,0.0115097342965593,0.0449981633402718,-0.5000000000000004,0.8660254037844384,-0.7071067811865477,0.7071067811865474,56.74,70.35291725850564
10,10,UA,EWR,2454,20,37,3,0,Fall,Evening,0.01432594587976,0.0484572058283335,-0.8660254037844386,0.5000000000000001,-0.8660254037844386,0.5000000000000001,138.17,172.40156440018848
6,11,AA,JFK,2475,19,34,1,0,Summer,Evening,0.0341312599485735,0.0484572058283335,1.2246467991473532e-16,-1.0,-0.9659258262890684,0.2588190451025203,229.99,223.4818210514111
5,19,EV,EWR,569,17,50,6,1,Spring,Evening,0.0076833598628627,0.0110199583690461,0.4999999999999999,-0.8660254037844387,-0.9659258262890684,-0.2588190451025206,90.95,107.66425612426957
9,25,B6,LGA,950,6,20,2,0,Fall,Morning,0.0110199583690461,0.0421207297661319,-1.0,-1.8369701987210294e-16,1.0,6.123233995736766e-17,116.21,109.93418604593943
7,12,AA,LGA,733,17,39,4,0,Summer,Evening,0.0245194073711277,0.0486102608056814,-0.4999999999999997,-0.8660254037844388,-0.9659258262890684,-0.2588190451025206,179.3,155.08331008647048
5,3,US,JFK,541,10,10,4,0,Spring,Morning,0.0089996326680543,0.042335006734419,0.4999999999999999,-0.8660254037844387,0.4999999999999999,-0.8660254037844387,107.7,106.75357120380961
2,18,DL,JFK,1626,16,12,0,0,Winter,Afternoon,0.0024794906330353,0.0225296926656054,0.8660254037844386,0.5000000000000001,-0.8660254037844384,-0.5000000000000004,157.97,160.29467084938324
9,7,DL,LGA,762,17,57,5,1,Fall,Evening,0.0289580017142157,0.0505999755112036,-1.0,-1.8369701987210294e-16,-0.9659258262890684,-0.2588190451025206,104.19,116.58051302891887
4,18,MQ,LGA,479,20,5,3,0,Spring,Evening,0.0059079221256275,0.0106526264234112,0.8660254037844387,-0.4999999999999998,-0.8660254037844386,0.5000000000000001,56.49,71.18562591235407
8,20,UA,EWR,200,19,37,1,0,Summer,Evening,0.0155809966940124,0.0449981633402718,-0.8660254037844384,-0.5000000000000004,-0.9659258262890684,0.2588190451025203,99.51,119.2839026790013
8,22,UA,JFK,2475,18,10,3,0,Summer,Evening,0.0341312599485735,0.0484572058283335,-0.8660254037844384,-0.5000000000000004,-1.0,-1.8369701987210294e-16,193.28,213.45560047644938
12,17,UA,EWR,1400,18,37,1,0,Winter,Evening,0.012458675156116,0.0223154156973184,-2.4492935982947064e-16,1.0,-1.0,-1.8369701987210294e-16,166.84,168.09509174653573
7,20,DL,JFK,1089,18,19,5,1,Summer,Evening,0.0105301824415329,0.0373454144728786,-0.4999999999999997,-0.8660254037844388,-1.0,-1.8369701987210294e-16,133.41,162.3783301295799
1,23,DL,JFK,760,15,42,2,0,Winter,Afternoon,0.0059691441165666,0.0505999755112036,0.4999999999999999,0.8660254037844387,-0.7071067811865471,-0.7071067811865479,114.98,113.98172954733407
8,1,UA,JFK,2586,17,25,3,0,Summer,Evening,0.0254683482306844,0.0411717889065752,-0.8660254037844384,-0.5000000000000004,-0.9659258262890684,-0.2588190451025206,253.17,224.51265264674527
5,16,EV,LGA,292,20,48,3,0,Spring,Evening,0.0014693277825394,0.0072854169217582,0.4999999999999999,-0.8660254037844387,-0.8660254037844386,0.5000000000000001,39.0,64.10282098748374
5,2,EV,EWR,1008,14,54,3,0,Spring,Afternoon,0.007377249908167,0.0217950287743357,0.4999999999999999,-0.8660254037844387,-0.4999999999999997,-0.8660254037844388,99.13,99.84117381448081
9,19,EV,LGA,585,12,57,3,0,Fall,Afternoon,0.000857107873148,0.0110199583690461,-1.0,-1.8369701987210294e-16,1.2246467991473532e-16,-1.0,73.07,70.5167722543327
6,18,WN,LGA,738,12,55,1,0,Summer,Afternoon,0.0044692053385576,0.0082955797722541,1.2246467991473532e-16,-1.0,1.2246467991473532e-16,-1.0,98.35,89.77413285869628
5,15,AA,EWR,1085,18,1,2,0,Spring,Evening,0.0092751316272805,0.0373454144728786,0.4999999999999999,-0.8660254037844387,-1.0,-1.8369701987210294e-16,132.68,136.31830469423764
8,10,EV,EWR,872,8,18,5,1,Summer,Morning,0.0072241949308191,0.0131627280519162,-0.8660254037844384,-0.5000000000000004,0.8660254037844387,-0.4999999999999998,97.91,127.38455960964907
8,5,B6,JFK,2586,22,42,0,0,Summer,Night,0.0254683482306844,0.0411717889065752,-0.8660254037844384,-0.5000000000000004,-0.5000000000000004,0.8660254037844384,177.8,202.1863765746619
3,7,EV,EWR,725,15,24,3,0,Spring,Afternoon,0.0033672095016529,0.0082955797722541,1.0,6.123233995736766e-17,-0.7071067811865471,-0.7071067811865479,85.27,82.09358905214484
12,23,UA,EWR,2454,14,20,0,0,Winter,Afternoon,0.01432594587976,0.0484572058283335,-2.4492935982947064e-16,1.0,-0.4999999999999997,-0.8660254037844388,200.78,196.65930786061006
6,26,EV,EWR,569,14,1,2,0,Summer,Afternoon,0.0076833598628627,0.0110199583690461,1.2246467991473532e-16,-1.0,-0.4999999999999997,-0.8660254037844388,66.86,102.8895933724653
7,2,B6,JFK,301,22,48,1,0,Summer,Night,0.0109281253826374,0.0149381657891514,-0.4999999999999997,-0.8660254037844388,-0.5000000000000004,0.8660254037844384,105.87,104.53900920932003
12,28,9E,LGA,660,9,34,5,1,Winter,Morning,0.0003673319456348,0.0066119750214276,-2.4492935982947064e-16,1.0,0.7071067811865476,-0.7071067811865475,131.73,121.41272519357643
8,20,UA,EWR,2133,7,6,1,0,Summer,Morning,0.0085404677360107,0.0139586139341251,-0.8660254037844384,-0.5000000000000004,0.9659258262890684,-0.2588190451025206,188.96,197.18953977136925
9,23,B6,JFK,273,17,1,0,0,Fall,Evening,0.003795763438227,0.0069793069670625,-1.0,-1.8369701987210294e-16,-0.9659258262890684,-0.2588190451025206,95.75,93.86586633676923
1,17,EV,EWR,277,20,35,3,0,Winter,Evening,0.0051426472388882,0.0072854169217582,0.4999999999999999,0.8660254037844387,-0.8660254037844386,0.5000000000000001,51.19,65.36213795861852
10,8,B6,JFK,187,20,11,1,0,Fall,Evening,0.0179074323497,0.0449981633402718,-0.8660254037844386,0.5000000000000001,-0.8660254037844386,0.5000000000000001,67.37,76.1485964558752
10,25,DL,JFK,1005,8,7,4,0,Fall,Morning,0.0096118525774458,0.0228358026203012,-0.8660254037844386,0.5000000000000001,0.8660254037844387,-0.4999999999999998,123.76,148.85164619079526
7,26,DL,JFK,2475,6,58,4,0,Summer,Morning,0.0341312599485735,0.0484572058283335,-0.4999999999999997,-0.8660254037844388,1.0,6.123233995736766e-17,204.61,233.20710775912409
4,28,B6,JFK,1521,21,5,6,1,Spring,Night,0.0046222603159054,0.0074996938900453,0.8660254037844387,-0.4999999999999998,-0.7071067811865477,0.7071067811865474,165.29,151.28930412453784
3,13,MQ,LGA,431,8,37,2,0,Spring,Morning,0.0108975143871678,0.0245194073711277,1.0,6.123233995736766e-17,0.8660254037844387,-0.4999999999999998,59.53,80.37721728884677
2,24,MQ,LGA,764,17,58,6,1,Winter,Evening,0.0090608546589935,0.0170503244765519,0.8660254037844386,0.5000000000000001,-0.9659258262890684,-0.2588190451025206,98.96,109.87370321593177
10,7,AA,JFK,187,20,41,0,0,Fall,Evening,0.0179074323497,0.0449981633402718,-0.8660254037844386,0.5000000000000001,-0.8660254037844386,0.5000000000000001,63.72,91.72177032251352
2,23,9E,JFK,740,20,40,5,1,Winter,Evening,0.0056936451573405,0.0486102608056814,0.8660254037844386,0.5000000000000001,-0.8660254037844386,0.5000000000000001,64.43,96.09255975892735
4,1,US,LGA,544,14,38,0,0,Spring,Afternoon,0.0178462103587608,0.042335006734419,0.8660254037844387,-0.4999999999999998,-0.4999999999999997,-0.8660254037844388,76.92,83.4330141711659
3,22,EV,EWR,266,12,7,4,0,Spring,Afternoon,0.0026631566058528,0.0077139708583323,1.0,6.123233995736766e-17,1.2246467991473532e-16,-1.0,60.42,78.56039707739093
5,12,AA,JFK,2475,13,45,6,1,Spring,Afternoon,0.0341312599485735,0.0484572058283335,0.4999999999999999,-0.8660254037844387,-0.2588190451025208,-0.9659258262890684,206.58,199.24397177509087
2,13,EV,EWR,533,16,16,2,0,Winter,Afternoon,0.0026631566058528,0.0036733194563487,0.8660254037844386,0.5000000000000001,-0.8660254037844384,-0.5000000000000004,107.21,91.19852530160146
8,5,DL,LGA,1096,6,57,0,0,Summer,Morning,0.0175401004040651,0.0373454144728786,-0.8660254037844384,-0.5000000000000004,1.0,6.123233995736766e-17,149.75,155.98699613350158
11,8,DL,LGA,762,14,52,4,0,Fall,Afternoon,0.0289580017142157,0.0505999755112036,-0.5000000000000004,0.8660254037844384,-0.4999999999999997,-0.8660254037844388,127.08,119.14497964602596
6,27,EV,EWR,199,6,32,3,0,Summer,Morning,0.0052344802252969,0.0294783886371984,1.2246467991473532e-16,-1.0,1.0,6.123233995736766e-17,122.45,98.36120049300627
2,4,B6,JFK,1069,13,11,0,0,Winter,Afternoon,0.0129790620790988,0.0362128076405044,0.8660254037844386,0.5000000000000001,-0.2588190451025208,-0.9659258262890684,88.45,112.64285828249305
5,16,UA,EWR,937,7,20,3,0,Spring,Morning,0.0149075547936818,0.0421207297661319,0.4999999999999999,-0.8660254037844387,0.9659258262890684,-0.2588190451025206,133.0,123.80291944543517
7,20,DL,JFK,2475,6,57,5,1,Summer,Morning,0.0341312599485735,0.0484572058283335,-0.4999999999999997,-0.8660254037844388,1.0,6.123233995736766e-17,264.79,215.98940422774984
5,23,UA,LGA,733,12,56,3,0,Spring,Afternoon,0.0245194073711277,0.0486102608056814,0.4999999999999999,-0.8660254037844387,1.2246467991473532e-16,-1.0,124.81,102.19881386466056
5,21,MQ,LGA,502,20,56,1,0,Spring,Evening,0.0150299987755601,0.0272131749724501,0.4999999999999999,-0.8660254037844387,-0.8660254037844386,0.5000000000000001,48.45,75.17875117954674
7,16,UA,EWR,1400,15,27,1,0,Summer,Afternoon,0.012458675156116,0.0223154156973184,-0.4999999999999997,-0.8660254037844388,-0.7071067811865471,-0.7071067811865479,151.41,156.7501565497258
5,28,9E,JFK,228,15,0,1,0,Spring,Afternoon,0.0076527488673931,0.0163768825762213,0.4999999999999999,-0.8660254037844387,-0.7071067811865471,-0.7071067811865479,96.8,76.68081468350223
6,22,WN,LGA,725,17,3,5,1,Summer,Evening,0.0067038080078364,0.0133770050202032,1.2246467991473532e-16,-1.0,-0.9659258262890684,-0.2588190451025206,114.24,108.12460937101775
11,18,DL,JFK,1089,16,23,0,0,Fall,Afternoon,0.0105301824415329,0.0373454144728786,-0.5000000000000004,0.8660254037844384,-0.8660254037844384,-0.5000000000000004,147.08,139.64004785596472
2,16,9E,JFK,425,19,31,5,1,Winter,Evening,0.0018978817191135,0.0127035631198726,0.8660254037844386,0.5000000000000001,-0.9659258262890684,0.2588190451025203,98.24,93.6501278434382
8,11,DL,LGA,1620,19,33,6,1,Summer,Evening,0.0119995102240724,0.0225296926656054,-0.8660254037844384,-0.5000000000000004,-0.9659258262890684,0.2588190451025203,178.71,186.7730216413765
3,21,DL,LGA,335,19,10,3,0,Spring,Evening,0.0033365985061834,0.0087241337088282,1.0,6.123233995736766e-17,-0.9659258262890684,0.2588190451025203,101.17,91.78035613710125
9,26,B6,LGA,1076,21,39,3,0,Fall,Night,0.0121525652014203,0.0362128076405044,-1.0,-1.8369701987210294e-16,-0.7071067811865477,0.7071067811865474,99.23,104.63045981740302
7,24,MQ,JFK,483,15,40,2,0,Summer,Afternoon,0.0022039916738092,0.0106526264234112,-0.4999999999999997,-0.8660254037844388,-0.7071067811865471,-0.7071067811865479,112.0,110.16057294868342
5,10,EV,LGA,419,9,29,4,0,Spring,Morning,0.0059691441165666,0.0127035631198726,0.4999999999999999,-0.8660254037844387,0.7071067811865476,-0.7071067811865475,107.24,97.03655169554386
8,18,DL,JFK,2475,16,59,6,1,Summer,Afternoon,0.0341312599485735,0.0484572058283335,-0.8660254037844384,-0.5000000000000004,-0.8660254037844384,-0.5000000000000004,233.11,232.6476181025742
10,3,AA,EWR,1372,19,3,3,0,Fall,Evening,0.0093669646136892,0.0260499571446063,-0.8660254037844386,0.5000000000000001,-0.9659258262890684,0.2588190451025203,162.23,147.2857442126176
6,7,WN,EWR,1605,16,49,4,0,Summer,Afternoon,0.0080506918084976,0.0225296926656054,1.2246467991473532e-16,-1.0,-0.8660254037844384,-0.5000000000000004,220.86,145.93275840158114
2,14,UA,LGA,733,19,52,3,0,Winter,Evening,0.0245194073711277,0.0486102608056814,0.8660254037844386,0.5000000000000001,-0.9659258262890684,0.2588190451025203,84.59,111.3253791155228
10,2,B6,JFK,2521,19,37,2,0,Fall,Evening,0.0007040528958001,0.0007040528958001,-0.8660254037844386,0.5000000000000001,-0.9659258262890684,0.2588190451025203,212.01,187.8579051051923
5,14,B6,JFK,228,17,31,1,0,Spring,Evening,0.0076527488673931,0.0163768825762213,0.4999999999999999,-0.8660254037844387,-0.9659258262890684,-0.2588190451025206,68.12,89.48779680588875
11,12,AA,LGA,733,10,39,1,0,Fall,Morning,0.0245194073711277,0.0486102608056814,-0.5000000000000004,0.8660254037844384,0.4999999999999999,-0.8660254037844387,117.34,106.1986921155573
4,3,DL,LGA,762,6,54,2,0,Spring,Morning,0.0289580017142157,0.0505999755112036,0.8660254037844387,-0.4999999999999998,1.0,6.123233995736766e-17,100.72,113.75130631903372
8,19,EV,EWR,212,6,18,0,0,Summer,Morning,0.0036427084608791,0.0163768825762213,-0.8660254037844384,-0.5000000000000004,1.0,6.123233995736766e-17,117.3,98.97246086755922
8,6,DL,EWR,746,14,34,1,0,Summer,Afternoon,0.0156728296804212,0.0505999755112036,-0.8660254037844384,-0.5000000000000004,-0.4999999999999997,-0.8660254037844388,156.46,130.56352744924698
2,19,AA,JFK,187,16,57,1,0,Winter,Afternoon,0.0179074323497,0.0449981633402718,0.8660254037844386,0.5000000000000001,-0.8660254037844384,-0.5000000000000004,100.62,96.53806988010311
12,13,UA,LGA,733,12,58,4,0,Winter,Afternoon,0.0245194073711277,0.0486102608056814,-2.4492935982947064e-16,1.0,1.2246467991473532e-16,-1.0,138.56,134.35905775244754
10,13,WN,EWR,711,12,21,6,1,Fall,Afternoon,0.0066731970123668,0.0133770050202032,-0.8660254037844386,0.5000000000000001,1.2246467991473532e-16,-1.0,42.34,83.33014504919602
8,16,UA,EWR,719,10,4,4,0,Summer,Morning,0.0183972082772131,0.0486102608056814,-0.8660254037844384,-0.5000000000000004,0.4999999999999999,-0.8660254037844387,173.46,147.5374469125483
4,4,VX,JFK,2586,21,2,3,0,Spring,Night,0.0254683482306844,0.0411717889065752,0.8660254037844387,-0.4999999999999998,-0.7071067811865477,0.7071067811865474,196.92,196.7711282604508
1,25,UA,EWR,1634,9,4,4,0,Winter,Morning,0.0004897759275131,0.0016836047508264,0.4999999999999999,0.8660254037844387,0.7071067811865476,-0.7071067811865475,181.55,173.33561845547376
11,22,UA,LGA,733,9,52,4,0,Fall,Morning,0.0245194073711277,0.0486102608056814,-0.5000000000000004,0.8660254037844384,0.7071067811865476,-0.7071067811865475,99.89,128.91463234349806
9,1,EV,EWR,463,6,40,6,1,Fall,Morning,0.0025407126239745,0.0106526264234112,-1.0,-1.8369701987210294e-16,1.0,6.123233995736766e-17,85.21,95.89270812980712
8,15,DL,JFK,944,16,9,3,0,Summer,Afternoon,0.0161932166034039,0.0421207297661319,-0.8660254037844384,-0.5000000000000004,-0.8660254037844384,-0.5000000000000004,153.84,158.0543723756283
6,5,UA,EWR,1605,12,10,2,0,Summer,Afternoon,0.0080506918084976,0.0225296926656054,1.2246467991473532e-16,-1.0,1.2246467991473532e-16,-1.0,171.16,165.64178546521478
6,5,US,LGA,544,7,49,2,0,Summer,Morning,0.0178462103587608,0.042335006734419,1.2246467991473532e-16,-1.0,0.9659258262890684,-0.2588190451025206,126.7,122.3741758676037
4,17,UA,EWR,2425,19,7,2,0,Spring,Evening,0.00358148646994,0.0081119137994367,0.8660254037844387,-0.4999999999999998,-0.9659258262890684,0.2588190451025203,185.7,186.7644538779101
12,13,UA,EWR,116,22,45,4,0,Winter,Night,0.001499938778009,0.001499938778009,-2.4492935982947064e-16,1.0,-0.5000000000000004,0.8660254037844384,83.17,106.75078509989417
12,7,UA,LGA,1416,7,40,5,1,Winter,Morning,0.0089690216725847,0.0223154156973184,-2.4492935982947064e-16,1.0,0.9659258262890684,-0.2588190451025206,186.53,166.06179695504386
12,14,B6,JFK,1576,0,3,5,1,Winter,Night,0.0016836047508264,0.0026019346149136,-2.4492935982947064e-16,1.0,0.0,1.0,151.11,145.54622016599026
11,15,EV,EWR,645,13,26,4,0,Fall,Afternoon,0.0041937063793314,0.0066119750214276,-0.5000000000000004,0.8660254037844384,-0.2588190451025208,-0.9659258262890684,97.29,95.31615979983044
12,30,EV,EWR,1092,10,1,0,0,Winter,Morning,0.0042855393657401,0.0061528100893841,-2.4492935982947064e-16,1.0,0.4999999999999999,-0.8660254037844387,94.94,126.16378793818885
11,5,DL,JFK,2475,8,56,1,0,Fall,Morning,0.0341312599485735,0.0484572058283335,-0.5000000000000004,0.8660254037844384,0.8660254037844387,-0.4999999999999998,217.1,196.37510347973083
11,9,WN,EWR,1504,13,36,5,1,Fall,Afternoon,0.0028774335741398,0.0074996938900453,-0.5000000000000004,0.8660254037844384,-0.2588190451025208,-0.9659258262890684,55.2,112.22207733661205
8,29,9E,JFK,740,19,15,3,0,Summer,Evening,0.0056936451573405,0.0486102608056814,-0.8660254037844384,-0.5000000000000004,-0.9659258262890684,0.2588190451025203,145.72,131.75051409674253
3,17,UA,EWR,2434,19,14,6,1,Spring,Evening,0.0018060487327047,0.0041630953838618,1.0,6.123233995736766e-17,-0.9659258262890684,0.2588190451025203,178.67,196.65062937071048
8,12,EV,EWR,569,15,44,0,0,Summer,Afternoon,0.0076833598628627,0.0110199583690461,-0.8660254037844384,-0.5000000000000004,-0.7071067811865471,-0.7071067811865479,111.8,102.88707799897907
4,9,UA,EWR,1400,15,16,1,0,Spring,Afternoon,0.012458675156116,0.0223154156973184,0.8660254037844387,-0.4999999999999998,-0.7071067811865471,-0.7071067811865479,141.64,131.91814560105922
12,11,B6,JFK,301,18,37,2,0,Winter,Evening,0.0109281253826374,0.0149381657891514,-2.4492935982947064e-16,1.0,-1.0,-1.8369701987210294e-16,146.52,115.2250931489771
3,6,B6,JFK,1028,21,45,2,0,Spring,Night,0.0047447042977837,0.018978817191135,1.0,6.123233995736766e-17,-0.7071067811865477,0.7071067811865474,108.24,110.32613601015792
6,12,AA,LGA,1096,13,35,2,0,Summer,Afternoon,0.0175401004040651,0.0373454144728786,1.2246467991473532e-16,-1.0,-0.2588190451025208,-0.9659258262890684,135.37,150.98004346876039
5,13,AA,LGA,1389,13,41,0,0,Spring,Afternoon,0.0143871678706991,0.0260499571446063,0.4999999999999999,-0.8660254037844387,-0.2588190451025208,-0.9659258262890684,123.37,132.85862000843224
8,14,DL,JFK,1069,15,42,2,0,Summer,Afternoon,0.0129790620790988,0.0362128076405044,-0.8660254037844384,-0.5000000000000004,-0.7071067811865471,-0.7071067811865479,167.67,146.00067705722282
11,1,WN,EWR,711,15,27,4,0,Fall,Afternoon,0.0066731970123668,0.0133770050202032,-0.5000000000000004,0.8660254037844384,-0.7071067811865471,-0.7071067811865479,93.67,84.06750034636374
11,25,AA,JFK,2586,11,16,0,0,Fall,Morning,0.0254683482306844,0.0411717889065752,-0.5000000000000004,0.8660254037844384,0.258819045102521,-0.9659258262890682,197.11,188.07709220689642
3,29,UA,EWR,1372,5,58,4,0,Spring,Morning,0.0093669646136892,0.0260499571446063,1.0,6.123233995736766e-17,0.9659258262890684,0.2588190451025207,145.73,146.19567189093524
4,11,MQ,LGA,479,20,22,3,0,Spring,Evening,0.0059079221256275,0.0106526264234112,0.8660254037844387,-0.4999999999999998,-0.8660254037844386,0.5000000000000001,48.44,73.56175780438103
1,3,EV,EWR,569,16,7,3,0,Winter,Afternoon,0.0076833598628627,0.0110199583690461,0.4999999999999999,0.8660254037844387,-0.8660254037844384,-0.5000000000000004,91.96,93.65808537145887
3,15,US,EWR,529,6,42,4,0,Spring,Morning,0.0154891637076037,0.042335006734419,1.0,6.123233995736766e-17,1.0,6.123233995736766e-17,82.14,115.22149882866509
5,11,DL,LGA,1035,8,2,5,1,Spring,Morning,0.0074996938900453,0.018978817191135,0.4999999999999999,-0.8660254037844387,0.8660254037844387,-0.4999999999999998,142.93,128.15997083921076
6,3,EV,LGA,866,21,58,0,0,Summer,Night,0.0010407738459654,0.0010407738459654,1.2246467991473532e-16,-1.0,-0.7071067811865477,0.7071067811865474,118.88,118.93601562064084
3,18,EV,EWR,416,8,35,0,0,Spring,Morning,0.004438594343088,0.0245194073711277,1.0,6.123233995736766e-17,0.8660254037844387,-0.4999999999999998,125.42,82.66520242404985
1,30,DL,LGA,1096,10,57,2,0,Winter,Morning,0.0175401004040651,0.0373454144728786,0.4999999999999999,0.8660254037844387,0.4999999999999999,-0.8660254037844387,101.14,119.07444213574416
4,4,9E,JFK,187,8,45,3,0,Spring,Morning,0.0179074323497,0.0449981633402718,0.8660254037844387,-0.4999999999999998,0.8660254037844387,-0.4999999999999998,84.35,82.57551809286517
5,21,9E,JFK,1029,18,51,1,0,Spring,Evening,0.0034590424880617,0.0217950287743357,0.4999999999999999,-0.8660254037844387,-1.0,-1.8369701987210294e-16,142.95,124.59965476990105
3,8,MQ,LGA,479,21,44,4,0,Spring,Night,0.0059079221256275,0.0106526264234112,1.0,6.123233995736766e-17,-0.7071067811865477,0.7071067811865474,112.66,87.16828485309445
5,9,UA,EWR,1585,20,55,3,0,Spring,Evening,0.0009183298640871,0.0026019346149136,0.4999999999999999,-0.8660254037844387,-0.8660254037844386,0.5000000000000001,133.27,141.83573726968245
5,15,UA,EWR,1068,18,21,2,0,Spring,Evening,0.0045610383249663,0.0106526264234112,0.4999999999999999,-0.8660254037844387,-1.0,-1.8369701987210294e-16,135.89,128.92375124048638
3,14,EV,EWR,748,15,32,3,0,Spring,Afternoon,0.0063364760622015,0.0170503244765519,1.0,6.123233995736766e-17,-0.7071067811865471,-0.7071067811865479,78.29,86.76137490272764
11,30,MQ,LGA,502,16,59,5,1,Fall,Afternoon,0.0150299987755601,0.0272131749724501,-0.5000000000000004,0.8660254037844384,-0.8660254037844384,-0.5000000000000004,89.01,83.47921482492168
5,11,9E,JFK,187,8,51,5,1,Spring,Morning,0.0179074323497,0.0449981633402718,0.4999999999999999,-0.8660254037844387,0.8660254037844387,-0.4999999999999998,71.95,84.2698594076412
7,26,MQ,LGA,479,12,49,4,0,Summer,Afternoon,0.0059079221256275,0.0106526264234112,-0.4999999999999997,-0.8660254037844388,1.2246467991473532e-16,-1.0,105.73,111.943627753849
8,14,UA,EWR,1608,8,59,2,0,Summer,Morning,0.0035508754744704,0.0179686543406391,-0.8660254037844384,-0.5000000000000004,0.8660254037844387,-0.4999999999999998,154.97,176.38167820751687
11,6,B6,LGA,1076,21,23,2,0,Fall,Night,0.0121525652014203,0.0362128076405044,-0.5000000000000004,0.8660254037844384,-0.7071067811865477,0.7071067811865474,110.54,106.2113895965072
11,27,F9,LGA,1620,8,32,2,0,Fall,Morning,0.0119995102240724,0.0225296926656054,-0.5000000000000004,0.8660254037844384,0.8660254037844387,-0.4999999999999998,129.38,124.2805231726781
5,20,AA,JFK,2475,10,23,0,0,Spring,Morning,0.0341312599485735,0.0484572058283335,0.4999999999999999,-0.8660254037844387,0.4999999999999999,-0.8660254037844387,179.66,180.87334481053904
6,27,US,JFK,2153,6,48,3,0,Summer,Morning,0.0054181461981143,0.0139586139341251,1.2246467991473532e-16,-1.0,1.0,6.123233995736766e-17,170.85,201.98527848500237
7,13,EV,EWR,445,14,20,5,1,Summer,Afternoon,0.0030917105424268,0.0046222603159054,-0.4999999999999997,-0.8660254037844388,-0.4999999999999997,-0.8660254037844388,115.32,92.38273568750239
11,12,UA,EWR,1023,11,16,1,0,Fall,Morning,0.0067344190033059,0.018978817191135,-0.5000000000000004,0.8660254037844384,0.258819045102521,-0.9659258262890682,114.67,115.51046940274347
3,20,DL,LGA,762,14,0,2,0,Spring,Afternoon,0.0289580017142157,0.0505999755112036,1.0,6.123233995736766e-17,-0.4999999999999997,-0.8660254037844388,87.8,104.92619426976896
2,19,9E,JFK,213,21,35,1,0,Winter,Night,0.0097036855638545,0.0294783886371984,0.8660254037844386,0.5000000000000001,-0.7071067811865477,0.7071067811865474,67.51,70.10614693451447
7,17,9E,JFK,740,8,24,2,0,Summer,Morning,0.0056936451573405,0.0486102608056814,-0.4999999999999997,-0.8660254037844388,0.8660254037844387,-0.4999999999999998,114.4,132.82847366929616
6,9,DL,JFK,1626,16,36,6,1,Summer,Afternoon,0.0024794906330353,0.0225296926656054,1.2246467991473532e-16,-1.0,-0.8660254037844384,-0.5000000000000004,188.5,197.5714632880921
8,6,EV,EWR,872,11,17,1,0,Summer,Morning,0.0072241949308191,0.0131627280519162,-0.8660254037844384,-0.5000000000000004,0.258819045102521,-0.9659258262890682,114.75,114.24196100546379
3,9,VX,JFK,2475,9,16,5,1,Spring,Morning,0.0341312599485735,0.0484572058283335,1.0,6.123233995736766e-17,0.7071067811865476,-0.7071067811865475,205.2,200.96387467123878
1,13,EV,EWR,628,11,55,6,1,Winter,Morning,0.0042855393657401,0.0091220766499326,0.4999999999999999,0.8660254037844387,0.258819045102521,-0.9659258262890682,82.87,94.00837196097424
5,9,DL,LGA,1183,7,56,3,0,Spring,Morning,0.0026325456103832,0.0104995714460634,0.4999999999999999,-0.8660254037844387,0.9659258262890684,-0.2588190451025206,159.15,133.60395809039534
12,26,UA,LGA,733,17,56,3,0,Winter,Evening,0.0245194073711277,0.0486102608056814,-2.4492935982947064e-16,1.0,-0.9659258262890684,-0.2588190451025206,122.13,136.120470008457
7,19,AA,JFK,2475,21,47,4,0,Summer,Night,0.0341312599485735,0.0484572058283335,-0.4999999999999997,-0.8660254037844388,-0.7071067811865477,0.7071067811865474,219.36,222.7599813319859
11,6,UA,EWR,1023,19,39,2,0,Fall,Evening,0.0067344190033059,0.018978817191135,-0.5000000000000004,0.8660254037844384,-0.9659258262890684,0.2588190451025203,123.74,127.20054082120747
11,4,AA,JFK,2475,19,7,0,0,Fall,Evening,0.0341312599485735,0.0484572058283335,-0.5000000000000004,0.8660254037844384,-0.9659258262890684,0.2588190451025203,232.63,197.37293698900243
10,30,AA,JFK,187,15,41,2,0,Fall,Afternoon,0.0179074323497,0.0449981633402718,-0.8660254037844386,0.5000000000000001,-0.7071067811865471,-0.7071067811865479,75.72,92.56212440685742
8,2,EV,LGA,229,10,5,4,0,Summer,Morning,0.005081425247949,0.0163768825762213,-0.8660254037844384,-0.5000000000000004,0.4999999999999999,-0.8660254037844387,71.76,94.51656898460433
2,4,WN,LGA,725,21,0,0,0,Winter,Night,0.0067038080078364,0.0133770050202032,0.8660254037844386,0.5000000000000001,-0.7071067811865477,0.7071067811865474,42.12,57.56042262634544
8,7,UA,LGA,1620,18,14,2,0,Summer,Evening,0.0119995102240724,0.0225296926656054,-0.8660254037844384,-0.5000000000000004,-1.0,-1.8369701987210294e-16,148.04,171.12376209752495
3,11,AA,LGA,733,7,40,0,0,Spring,Morning,0.0245194073711277,0.0486102608056814,1.0,6.123233995736766e-17,0.9659258262890684,-0.2588190451025206,92.98,120.1953437382115
5,23,US,LGA,544,6,26,3,0,Spring,Morning,0.0178462103587608,0.042335006734419,0.4999999999999999,-0.8660254037844387,1.0,6.123233995736766e-17,101.6,97.45701777917323
1,27,DL,LGA,1020,16,32,6,1,Winter,Afternoon,0.010958736378107,0.0217950287743357,0.4999999999999999,0.8660254037844387,-0.8660254037844384,-0.5000000000000004,136.97,137.72272928815772
1,1,DL,JFK,1005,19,6,1,0,Winter,Evening,0.0096118525774458,0.0228358026203012,0.4999999999999999,0.8660254037844387,-0.9659258262890684,0.2588190451025203,193.45,136.47237991397452
9,8,9E,JFK,1029,18,47,6,1,Fall,Evening,0.0034590424880617,0.0217950287743357,-1.0,-1.8369701987210294e-16,-1.0,-1.8369701987210294e-16,103.15,140.45840339380516
7,28,MQ,JFK,213,17,20,6,1,Summer,Evening,0.0097036855638545,0.0294783886371984,-0.4999999999999997,-0.8660254037844388,-0.9659258262890684,-0.2588190451025206,122.83,121.52686995037666
9,17,9E,JFK,1391,18,30,1,0,Fall,Evening,0.0022958246602179,0.0260499571446063,-1.0,-1.8369701987210294e-16,-1.0,-1.8369701987210294e-16,130.48,130.89367182625182
1,5,EV,EWR,416,10,54,5,1,Winter,Morning,0.004438594343088,0.0245194073711277,0.4999999999999999,0.8660254037844387,0.4999999999999999,-0.8660254037844387,60.09,71.45679163981339
2,21,MQ,JFK,427,20,52,3,0,Winter,Evening,0.0091832986408718,0.0245194073711277,0.8660254037844386,0.5000000000000001,-0.8660254037844386,0.5000000000000001,76.73,78.08032419046629
2,23,DL,JFK,2248,8,17,5,1,Winter,Morning,0.0119995102240724,0.0178768213542304,0.8660254037844386,0.5000000000000001,0.8660254037844387,-0.4999999999999998,152.94,182.31059366893126
2,3,DL,LGA,762,18,54,6,1,Winter,Evening,0.0289580017142157,0.0505999755112036,0.8660254037844386,0.5000000000000001,-1.0,-1.8369701987210294e-16,133.73,134.89918019356452
11,28,B6,JFK,1598,10,48,3,0,Fall,Morning,0.0144177788661687,0.0179686543406391,-0.5000000000000004,0.8660254037844384,0.4999999999999999,-0.8660254037844387,172.19,138.90317541563016
10,15,B6,JFK,301,22,45,1,0,Fall,Night,0.0109281253826374,0.0149381657891514,-0.8660254037844386,0.5000000000000001,-0.5000000000000004,0.8660254037844384,79.51,76.96054198587572
10,7,WN,EWR,748,13,7,0,0,Fall,Afternoon,0.0063364760622015,0.0170503244765519,-0.8660254037844386,0.5000000000000001,-0.2588190451025208,-0.9659258262890684,70.54,73.82490026493772
1,6,F9,LGA,1620,17,22,6,1,Winter,Evening,0.0119995102240724,0.0225296926656054,0.4999999999999999,0.8660254037844387,-0.9659258262890684,-0.2588190451025206,152.36,146.6587915396479
11,12,UA,EWR,1065,21,4,1,0,Fall,Night,0.0110811803599853,0.0362128076405044,-0.5000000000000004,0.8660254037844384,-0.7071067811865477,0.7071067811865474,107.71,115.06754690184025
3,24,AA,LGA,733,18,20,6,1,Spring,Evening,0.0245194073711277,0.0486102608056814,1.0,6.123233995736766e-17,-1.0,-1.8369701987210294e-16,122.09,131.86437888744592
8,8,DL,LGA,950,11,6,3,0,Summer,Morning,0.0110199583690461,0.0421207297661319,-0.8660254037844384,-0.5000000000000004,0.258819045102521,-0.9659258262890682,92.31,135.79759040648895
6,23,B6,JFK,1182,6,43,6,1,Summer,Morning,0.004652871311375,0.0104995714460634,1.2246467991473532e-16,-1.0,1.0,6.123233995736766e-17,171.48,168.7053505571303
11,8,UA,EWR,2227,9,58,4,0,Fall,Morning,0.0058773111301579,0.0178768213542304,-0.5000000000000004,0.8660254037844384,0.7071067811865476,-0.7071067811865475,196.02,194.73025630886542
10,22,EV,LGA,585,13,7,1,0,Fall,Afternoon,0.000857107873148,0.0110199583690461,-0.8660254037844386,0.5000000000000001,-0.2588190451025208,-0.9659258262890684,56.76,72.3016557299843
8,20,DL,JFK,760,16,27,1,0,Summer,Afternoon,0.0059691441165666,0.0505999755112036,-0.8660254037844384,-0.5000000000000004,-0.8660254037844384,-0.5000000000000004,142.48,149.7702045324939
3,9,9E,JFK,745,16,13,5,1,Spring,Afternoon,0.0004591649320435,0.0082955797722541,1.0,6.123233995736766e-17,-0.8660254037844384,-0.5000000000000004,92.69,107.26072267134649
7,21,DL,JFK,2475,8,53,6,1,Summer,Morning,0.0341312599485735,0.0484572058283335,-0.4999999999999997,-0.8660254037844388,0.8660254037844387,-0.4999999999999998,226.41,231.05216492473042
9,9,UA,EWR,719,7,40,0,0,Fall,Morning,0.0183972082772131,0.0486102608056814,-1.0,-1.8369701987210294e-16,0.9659258262890684,-0.2588190451025206,115.32,113.32553866562344
8,9,B6,LGA,1076,21,16,4,0,Summer,Night,0.0121525652014203,0.0362128076405044,-0.8660254037844384,-0.5000000000000004,-0.7071067811865477,0.7071067811865474,121.49,145.15218836034182
10,8,US,JFK,541,10,10,1,0,Fall,Morning,0.0089996326680543,0.042335006734419,-0.8660254037844386,0.5000000000000001,0.4999999999999999,-0.8660254037844387,121.44,92.36012215189054
11,15,WN,EWR,1605,12,10,4,0,Fall,Afternoon,0.0080506918084976,0.0225296926656054,-0.5000000000000004,0.8660254037844384,1.2246467991473532e-16,-1.0,99.88,122.09741342164509
9,14,UA,EWR,1504,20,46,5,1,Fall,Evening,0.0028774335741398,0.0074996938900453,-1.0,-1.8369701987210294e-16,-0.8660254037844386,0.5000000000000001,119.98,133.04100014835979
6,19,AA,LGA,888,17,37,2,0,Summer,Evening,0.005938533121097,0.0131627280519162,1.2246467991473532e-16,-1.0,-0.9659258262890684,-0.2588190451025206,184.36,149.4759820060937
10,16,MQ,LGA,1020,13,0,2,0,Fall,Afternoon,0.010958736378107,0.0217950287743357,-0.8660254037844386,0.5000000000000001,-0.2588190451025208,-0.9659258262890684,108.88,97.89779282431518
1,6,DL,JFK,944,18,50,6,1,Winter,Evening,0.0161932166034039,0.0421207297661319,0.4999999999999999,0.8660254037844387,-1.0,-1.8369701987210294e-16,150.42,148.59874444224414
8,1,UA,EWR,937,16,29,3,0,Summer,Afternoon,0.0149075547936818,0.0421207297661319,-0.8660254037844384,-0.5000000000000004,-0.8660254037844384,-0.5000000000000004,130.25,151.99781681752972
4,10,B6,JFK,2569,17,56,2,0,Spring,Evening,0.0010101628504958,0.0010101628504958,0.8660254037844387,-0.4999999999999998,-0.9659258262890684,-0.2588190451025206,166.5,185.7448953470772
4,9,MQ,LGA,544,15,25,1,0,Spring,Afternoon,0.0178462103587608,0.042335006734419,0.8660254037844387,-0.4999999999999998,-0.7071067811865471,-0.7071067811865479,78.8,76.7227794979955
10,29,DL,EWR,746,19,16,1,0,Fall,Evening,0.0156728296804212,0.0505999755112036,-0.8660254037844386,0.5000000000000001,-0.9659258262890684,0.2588190451025203,107.03,117.7363728898565
11,24,B6,JFK,1598,23,51,6,1,Fall,Night,0.0144177788661687,0.0179686543406391,-0.5000000000000004,0.8660254037844384,-0.2588190451025215,0.965925826289068,140.07,151.26457792400421
1,18,US,LGA,184,17,53,4,0,Winter,Evening,0.0115097342965593,0.0449981633402718,0.4999999999999999,0.8660254037844387,-0.9659258262890684,-0.2588190451025206,89.25,92.78699678034715
9,16,UA,EWR,2227,8,33,0,0,Fall,Morning,0.0058773111301579,0.0178768213542304,-1.0,-1.8369701987210294e-16,0.8660254037844387,-0.4999999999999998,167.93,175.6279772677442
12,20,EV,EWR,594,23,17,4,0,Winter,Night,0.0021733806783396,0.0025407126239745,-2.4492935982947064e-16,1.0,-0.2588190451025215,0.965925826289068,99.47,115.94111829558427
4,19,WN,LGA,888,18,9,4,0,Spring,Evening,0.005938533121097,0.0131627280519162,0.8660254037844387,-0.4999999999999998,-1.0,-1.8369701987210294e-16,94.38,94.87476034107877
1,6,FL,LGA,762,17,32,6,1,Winter,Evening,0.0289580017142157,0.0505999755112036,0.4999999999999999,0.8660254037844387,-0.9659258262890684,-0.2588190451025206,118.89,105.25321000606316
6,5,WN,LGA,888,6,20,2,0,Summer,Morning,0.005938533121097,0.0131627280519162,1.2246467991473532e-16,-1.0,1.0,6.123233995736766e-17,85.87,104.05067597832675
11,17,9E,JFK,301,22,46,6,1,Fall,Night,0.0109281253826374,0.0149381657891514,-0.5000000000000004,0.8660254037844384,-0.5000000000000004,0.8660254037844384,88.23,96.3861810544314
7,29,9E,JFK,1029,9,6,0,0,Summer,Morning,0.0034590424880617,0.0217950287743357,-0.4999999999999997,-0.8660254037844388,0.7071067811865476,-0.7071067811865475,140.5,146.89773488914517
5,21,B6,JFK,1598,15,17,1,0,Spring,Afternoon,0.0144177788661687,0.0179686543406391,0.4999999999999999,-0.8660254037844387,-0.7071067811865471,-0.7071067811865479,125.05,139.29267059516417
2,1,EV,EWR,645,9,57,4,0,Winter,Morning,0.0041937063793314,0.0066119750214276,0.8660254037844386,0.5000000000000001,0.7071067811865476,-0.7071067811865475,105.57,111.34962070224034
4,21,DL,LGA,1020,11,27,6,1,Spring,Morning,0.010958736378107,0.0217950287743357,0.8660254037844387,-0.4999999999999998,0.258819045102521,-0.9659258262890682,151.5,124.89190683587883
12,30,DL,LGA,950,16,10,0,0,Winter,Afternoon,0.0110199583690461,0.0421207297661319,-2.4492935982947064e-16,1.0,-0.8660254037844384,-0.5000000000000004,160.96,145.63432266568083
12,19,UA,EWR,1023,6,20,3,0,Winter,Morning,0.0067344190033059,0.018978817191135,-2.4492935982947064e-16,1.0,1.0,6.123233995736766e-17,132.66,154.11508144285514
3,20,9E,JFK,184,15,47,2,0,Spring,Afternoon,0.0039182074201053,0.005938533121097,1.0,6.123233995736766e-17,-0.7071067811865471,-0.7071067811865479,85.95,68.71005059544575
8,3,DL,JFK,760,19,51,5,1,Summer,Evening,0.0059691441165666,0.0505999755112036,-0.8660254037844384,-0.5000000000000004,-0.9659258262890684,0.2588190451025203,146.52,146.47969446392892
12,16,US,LGA,544,14,45,0,0,Winter,Afternoon,0.0178462103587608,0.042335006734419,-2.4492935982947064e-16,1.0,-0.4999999999999997,-0.8660254037844388,92.88,107.05010833373628
11,14,EV,EWR,212,12,58,3,0,Fall,Afternoon,0.0036427084608791,0.0163768825762213,-0.5000000000000004,0.8660254037844384,1.2246467991473532e-16,-1.0,70.27,61.9822199042115
12,17,B6,JFK,264,8,53,1,0,Winter,Morning,0.0047140933023141,0.0070099179625321,-2.4492935982947064e-16,1.0,0.8660254037844387,-0.4999999999999998,105.68,115.33999484738607
5,19,MQ,LGA,544,22,32,6,1,Spring,Night,0.0178462103587608,0.042335006734419,0.4999999999999999,-0.8660254037844387,-0.5000000000000004,0.8660254037844384,103.73,92.15650519611188
10,17,B6,EWR,997,15,10,3,0,Fall,Afternoon,0.00716297293988,0.0228358026203012,-0.8660254037844386,0.5000000000000001,-0.7071067811865471,-0.7071067811865479,100.2,106.48791304950781
10,24,US,LGA,96,15,48,3,0,Fall,Afternoon,0.0018060487327047,0.0042855393657401,-0.8660254037844386,0.5000000000000001,-0.7071067811865471,-0.7071067811865479,53.79,64.98757043288697
2,18,US,LGA,544,14,42,0,0,Winter,Afternoon,0.0178462103587608,0.042335006734419,0.8660254037844386,0.5000000000000001,-0.4999999999999997,-0.8660254037844388,71.76,82.72941074919086
1,13,AA,JFK,2586,15,28,6,1,Winter,Afternoon,0.0254683482306844,0.0411717889065752,0.4999999999999999,0.8660254037844387,-0.7071067811865471,-0.7071067811865479,201.83,198.2125479582112
10,19,AA,EWR,1085,6,26,5,1,Fall,Morning,0.0092751316272805,0.0373454144728786,-0.8660254037844386,0.5000000000000001,1.0,6.123233995736766e-17,154.02,132.3971809406244
3,1,EV,EWR,277,8,52,4,0,Spring,Morning,0.0051426472388882,0.0072854169217582,1.0,6.123233995736766e-17,0.8660254037844387,-0.4999999999999998,100.61,96.4438868462143
4,20,UA,EWR,200,21,34,5,1,Spring,Night,0.0155809966940124,0.0449981633402718,0.8660254037844387,-0.4999999999999998,-0.7071067811865477,0.7071067811865474,106.11,76.97461776240692
11,6,EV,EWR,725,15,28,2,0,Fall,Afternoon,0.0033672095016529,0.0082955797722541,-0.5000000000000004,0.8660254037844384,-0.7071067811865471,-0.7071067811865479,127.92,82.35669503246339
4,10,DL,LGA,762,9,53,2,0,Spring,Morning,0.0289580017142157,0.0505999755112036,0.8660254037844387,-0.4999999999999998,0.7071067811865476,-0.7071067811865475,93.29,116.47338031103024
8,24,DL,LGA,950,6,54,5,1,Summer,Morning,0.0110199583690461,0.0421207297661319,-0.8660254037844384,-0.5000000000000004,1.0,6.123233995736766e-17,150.32,149.43448620253776
6,9,EV,LGA,963,10,54,6,1,Summer,Morning,0.0026019346149136,0.0053569242071752,1.2246467991473532e-16,-1.0,0.4999999999999999,-0.8660254037844387,115.17,128.95128379937287
6,21,EV,LGA,258,11,47,4,0,Summer,Morning,0.0010101628504958,0.0077139708583323,1.2246467991473532e-16,-1.0,0.258819045102521,-0.9659258262890682,86.05,89.0990642042255
5,26,UA,JFK,2475,8,26,6,1,Spring,Morning,0.0341312599485735,0.0484572058283335,0.4999999999999999,-0.8660254037844387,0.8660254037844387,-0.4999999999999998,214.55,201.93782033260226
8,29,B6,JFK,187,14,18,3,0,Summer,Afternoon,0.0179074323497,0.0449981633402718,-0.8660254037844384,-0.5000000000000004,-0.4999999999999997,-0.8660254037844388,80.0,100.43744689596542
2,1,B6,JFK,1069,17,38,4,0,Winter,Evening,0.0129790620790988,0.0362128076405044,0.8660254037844386,0.5000000000000001,-0.9659258262890684,-0.2588190451025206,130.21,140.34732807802015
10,6,US,EWR,529,14,54,6,1,Fall,Afternoon,0.0154891637076037,0.042335006734419,-0.8660254037844386,0.5000000000000001,-0.4999999999999997,-0.8660254037844388,105.74,98.53637290862537
12,25,DL,EWR,746,10,28,2,0,Winter,Morning,0.0156728296804212,0.0505999755112036,-2.4492935982947064e-16,1.0,0.4999999999999999,-0.8660254037844387,117.53,125.54614093903062
5,6,AA,LGA,733,17,1,0,0,Spring,Evening,0.0245194073711277,0.0486102608056814,0.4999999999999999,-0.8660254037844387,-0.9659258262890684,-0.2588190451025206,143.58,117.5966241041281
10,18,DL,JFK,2475,20,59,4,0,Fall,Evening,0.0341312599485735,0.0484572058283335,-0.8660254037844386,0.5000000000000001,-0.8660254037844386,0.5000000000000001,164.22,195.27068392593804
1,10,MQ,LGA,431,8,57,3,0,Winter,Morning,0.0108975143871678,0.0245194073711277,0.4999999999999999,0.8660254037844387,0.8660254037844387,-0.4999999999999998,134.22,81.98459113799923
12,31,EV,EWR,725,10,34,1,0,Winter,Morning,0.0033672095016529,0.0082955797722541,-2.4492935982947064e-16,1.0,0.4999999999999999,-0.8660254037844387,101.49,104.67720762957163
11,16,AA,LGA,733,10,30,5,1,Fall,Morning,0.0245194073711277,0.0486102608056814,-0.5000000000000004,0.8660254037844384,0.4999999999999999,-0.8660254037844387,105.41,107.36022676322386
4,22,EV,EWR,284,12,12,0,0,Spring,Afternoon,0.0012244398187829,0.0038263744336965,0.8660254037844387,-0.4999999999999998,1.2246467991473532e-16,-1.0,40.72,63.877544703112
5,25,B6,JFK,1826,19,57,5,1,Spring,Evening,0.0006734419003305,0.0006734419003305,0.4999999999999999,-0.8660254037844387,-0.9659258262890684,0.2588190451025203,182.19,164.4170974581138
10,31,DL,LGA,762,16,56,3,0,Fall,Afternoon,0.0289580017142157,0.0505999755112036,-0.8660254037844386,0.5000000000000001,-0.8660254037844384,-0.5000000000000004,127.53,117.91677670041102
7,19,B6,LGA,950,21,14,4,0,Summer,Night,0.0110199583690461,0.0421207297661319,-0.4999999999999997,-0.8660254037844388,-0.7071067811865477,0.7071067811865474,144.94,139.33474123728206
1,21,DL,LGA,950,19,15,0,0,Winter,Evening,0.0110199583690461,0.0421207297661319,0.4999999999999999,0.8660254037844387,-0.9659258262890684,0.2588190451025203,103.26,120.95546207053007
6,11,B6,JFK,1598,23,52,1,0,Summer,Night,0.0144177788661687,0.0179686543406391,1.2246467991473532e-16,-1.0,-0.2588190451025215,0.965925826289068,160.27,162.21839963305166
7,25,B6,JFK,301,6,26,3,0,Summer,Morning,0.0109281253826374,0.0149381657891514,-0.4999999999999997,-0.8660254037844388,1.0,6.123233995736766e-17,94.92,119.11580915494051
10,9,B6,LGA,1076,20,35,2,0,Fall,Evening,0.0121525652014203,0.0362128076405044,-0.8660254037844386,0.5000000000000001,-0.8660254037844386,0.5000000000000001,125.98,106.77139019304016
9,10,MQ,JFK,290,16,38,1,0,Fall,Afternoon,0.001928492714583,0.0038263744336965,-1.0,-1.8369701987210294e-16,-0.8660254037844384,-0.5000000000000004,94.76,91.47802684422982
8,27,EV,EWR,277,19,11,1,0,Summer,Evening,0.0051426472388882,0.0072854169217582,-0.8660254037844384,-0.5000000000000004,-0.9659258262890684,0.2588190451025203,102.01,102.86256199412524
7,1,UA,LGA,733,19,5,0,0,Summer,Evening,0.0245194073711277,0.0486102608056814,-0.4999999999999997,-0.8660254037844388,-0.9659258262890684,0.2588190451025203,94.27,131.03246812922134
3,11,UA,EWR,2227,18,43,0,0,Spring,Evening,0.0058773111301579,0.0178768213542304,1.0,6.123233995736766e-17,-1.0,-1.8369701987210294e-16,168.4,175.57194995909992
11,27,EV,EWR,645,9,20,2,0,Fall,Morning,0.0041937063793314,0.0066119750214276,-0.5000000000000004,0.8660254037844384,0.7071067811865476,-0.7071067811865475,99.7,93.4421198461967
8,18,DL,JFK,2454,16,6,6,1,Summer,Afternoon,0.002357046651157,0.0041630953838618,-0.8660254037844384,-0.5000000000000004,-0.8660254037844384,-0.5000000000000004,254.24,232.13167038817545
1,27,UA,JFK,2475,8,34,6,1,Winter,Morning,0.0341312599485735,0.0484572058283335,0.4999999999999999,0.8660254037844387,0.8660254037844387,-0.4999999999999998,239.91,202.75958538422876
1,13,UA,EWR,719,14,35,6,1,Winter,Afternoon,0.0183972082772131,0.0486102608056814,0.4999999999999999,0.8660254037844387,-0.4999999999999997,-0.8660254037844388,84.0,113.43029127892018
4,27,9E,JFK,290,18,22,5,1,Spring,Evening,0.001928492714583,0.0038263744336965,0.8660254037844387,-0.4999999999999998,-1.0,-1.8369701987210294e-16,99.51,92.33804229579823
2,23,DL,JFK,1069,15,33,5,1,Winter,Afternoon,0.0129790620790988,0.0362128076405044,0.8660254037844386,0.5000000000000001,-0.7071067811865471,-0.7071067811865479,141.03,123.57819039398919
8,29,WN,LGA,725,9,44,3,0,Summer,Morning,0.0067038080078364,0.0133770050202032,-0.8660254037844384,-0.5000000000000004,0.7071067811865476,-0.7071067811865475,75.94,97.20620308867065
4,24,EV,EWR,1008,14,44,2,0,Spring,Afternoon,0.007377249908167,0.0217950287743357,0.8660254037844387,-0.4999999999999998,-0.4999999999999997,-0.8660254037844388,96.15,101.55357130021375
1,9,DL,JFK,1089,16,1,2,0,Winter,Afternoon,0.0105301824415329,0.0373454144728786,0.4999999999999999,0.8660254037844387,-0.8660254037844384,-0.5000000000000004,146.98,140.39265559252073
6,6,UA,EWR,2454,8,50,3,0,Summer,Morning,0.01432594587976,0.0484572058283335,1.2246467991473532e-16,-1.0,0.8660254037844387,-0.4999999999999998,220.83,212.0787202482283
4,8,UA,EWR,937,6,26,0,0,Spring,Morning,0.0149075547936818,0.0421207297661319,0.8660254037844387,-0.4999999999999998,1.0,6.123233995736766e-17,90.45,125.58367463365772
3,16,B6,JFK,944,10,52,5,1,Spring,Morning,0.0161932166034039,0.0421207297661319,1.0,6.123233995736766e-17,0.4999999999999999,-0.8660254037844387,107.9,109.95703781125093
6,9,US,LGA,214,16,55,6,1,Summer,Afternoon,0.014540222848047,0.0294783886371984,1.2246467991473532e-16,-1.0,-0.8660254037844384,-0.5000000000000004,117.06,123.48957537499402
11,20,US,EWR,529,10,38,2,0,Fall,Morning,0.0154891637076037,0.042335006734419,-0.5000000000000004,0.8660254037844384,0.4999999999999999,-0.8660254037844387,82.38,85.62911100817492
12,18,DL,JFK,2454,16,26,2,0,Winter,Afternoon,0.002357046651157,0.0041630953838618,-2.4492935982947064e-16,1.0,-0.8660254037844384,-0.5000000000000004,206.15,215.05497335486817
12,24,AA,JFK,1089,9,11,1,0,Winter,Morning,0.0105301824415329,0.0373454144728786,-2.4492935982947064e-16,1.0,0.7071067811865476,-0.7071067811865475,156.14,164.70596188096013
10,12,EV,EWR,404,12,30,5,1,Fall,Afternoon,0.0048365372841924,0.0127035631198726,-0.8660254037844386,0.5000000000000001,1.2246467991473532e-16,-1.0,64.98,70.760903754991
12,27,WN,EWR,711,18,31,4,0,Winter,Evening,0.0066731970123668,0.0133770050202032,-2.4492935982947064e-16,1.0,-1.0,-1.8369701987210294e-16,132.5,121.00988481895436
3,5,B6,EWR,1065,13,16,1,0,Spring,Afternoon,0.0110811803599853,0.0362128076405044,1.0,6.123233995736766e-17,-0.2588190451025208,-0.9659258262890684,105.64,108.69281218845026
3,18,AA,JFK,1089,17,22,0,0,Spring,Evening,0.0105301824415329,0.0373454144728786,1.0,6.123233995736766e-17,-0.9659258262890684,-0.2588190451025206,138.8,140.6703240357304
8,9,EV,EWR,277,19,10,4,0,Summer,Evening,0.0051426472388882,0.0072854169217582,-0.8660254037844384,-0.5000000000000004,-0.9659258262890684,0.2588190451025203,126.63,117.73490817351187
10,14,AA,JFK,2586,16,14,0,0,Fall,Afternoon,0.0254683482306844,0.0411717889065752,-0.8660254037844386,0.5000000000000001,-0.8660254037844384,-0.5000000000000004,173.09,201.46551151315867
4,20,B6,EWR,1065,13,29,5,1,Spring,Afternoon,0.0110811803599853,0.0362128076405044,0.8660254037844387,-0.4999999999999998,-0.2588190451025208,-0.9659258262890684,112.83,107.5267912518618
1,7,WN,EWR,2133,13,49,0,0,Winter,Afternoon,0.0085404677360107,0.0139586139341251,0.4999999999999999,0.8660254037844387,-0.2588190451025208,-0.9659258262890684,125.02,128.01670706213588
5,3,DL,JFK,1990,12,27,4,0,Spring,Afternoon,0.0064895310395494,0.0074996938900453,0.4999999999999999,-0.8660254037844387,1.2246467991473532e-16,-1.0,186.19,175.57743727811345
9,19,EV,EWR,748,10,11,3,0,Fall,Morning,0.0063364760622015,0.0170503244765519,-1.0,-1.8369701987210294e-16,0.4999999999999999,-0.8660254037844387,105.5,87.2022235040647
5,15,B6,JFK,427,21,53,2,0,Spring,Night,0.0091832986408718,0.0245194073711277,0.4999999999999999,-0.8660254037844387,-0.7071067811865477,0.7071067811865474,50.51,80.25595700860482
4,27,B6,JFK,1069,11,19,5,1,Spring,Morning,0.0129790620790988,0.0362128076405044,0.8660254037844387,-0.4999999999999998,0.258819045102521,-0.9659258262890682,74.96,113.80311441949655
5,14,UA,EWR,1167,13,17,1,0,Spring,Afternoon,0.0032141545243051,0.0104995714460634,0.4999999999999999,-0.8660254037844387,-0.2588190451025208,-0.9659258262890684,123.57,121.53266222596199
5,14,UA,EWR,997,14,52,1,0,Spring,Afternoon,0.00716297293988,0.0228358026203012,0.4999999999999999,-0.8660254037844387,-0.4999999999999997,-0.8660254037844388,118.11,116.6919128744201
8,4,UA,EWR,719,15,57,6,1,Summer,Afternoon,0.0183972082772131,0.0486102608056814,-0.8660254037844384,-0.5000000000000004,-0.7071067811865471,-0.7071067811865479,131.74,144.337391913399
2,21,UA,EWR,1023,18,59,3,0,Winter,Evening,0.0067344190033059,0.018978817191135,0.8660254037844386,0.5000000000000001,-1.0,-1.8369701987210294e-16,105.67,128.16429497167312
7,28,DL,JFK,2422,7,29,6,1,Summer,Morning,0.0062446430757928,0.0113260683237418,-0.4999999999999997,-0.8660254037844388,0.9659258262890684,-0.2588190451025206,251.99,226.99729669005893
1,6,B6,JFK,1074,6,24,6,1,Winter,Morning,0.0040712623974531,0.0106526264234112,0.4999999999999999,0.8660254037844387,1.0,6.123233995736766e-17,153.71,141.29756690371804
7,11,UA,EWR,2454,17,39,3,0,Summer,Evening,0.01432594587976,0.0484572058283335,-0.4999999999999997,-0.8660254037844388,-0.9659258262890684,-0.2588190451025206,223.63,211.70149887925203
3,31,B6,JFK,266,11,5,6,1,Spring,Morning,0.0040406514019835,0.0077139708583323,1.0,6.123233995736766e-17,0.258819045102521,-0.9659258262890682,95.24,93.06970021665344
7,19,WN,LGA,1428,12,37,4,0,Summer,Afternoon,0.0013468838006611,0.0067650299987755,-0.4999999999999997,-0.8660254037844388,1.2246467991473532e-16,-1.0,92.81,128.69724317361045
1,24,DL,JFK,1990,15,54,3,0,Winter,Afternoon,0.0064895310395494,0.0074996938900453,0.4999999999999999,0.8660254037844387,-0.7071067811865471,-0.7071067811865479,162.06,164.1236758978224
11,15,B6,JFK,209,11,57,4,0,Fall,Morning,0.0043467613566793,0.0056018121709317,-0.5000000000000004,0.8660254037844384,0.258819045102521,-0.9659258262890682,110.55,89.33937864037345
11,30,UA,EWR,1065,19,16,5,1,Fall,Evening,0.0110811803599853,0.0362128076405044,-0.5000000000000004,0.8660254037844384,-0.9659258262890684,0.2588190451025203,136.51,126.5382651282123
5,31,9E,JFK,745,20,1,4,0,Spring,Evening,0.0004591649320435,0.0082955797722541,0.4999999999999999,-0.8660254037844387,-0.8660254037844386,0.5000000000000001,96.1,108.92333838002648
10,4,9E,JFK,213,20,33,4,0,Fall,Evening,0.0097036855638545,0.0294783886371984,-0.8660254037844386,0.5000000000000001,-0.8660254037844386,0.5000000000000001,102.12,85.1332077839487
12,14,9E,JFK,187,12,13,5,1,Winter,Afternoon,0.0179074323497,0.0449981633402718,-2.4492935982947064e-16,1.0,1.2246467991473532e-16,-1.0,113.29,101.76506020055282
7,26,UA,EWR,1605,8,32,4,0,Summer,Morning,0.0080506918084976,0.0225296926656054,-0.4999999999999997,-0.8660254037844388,0.8660254037844387,-0.4999999999999998,220.38,188.65034104346006
12,30,9E,JFK,301,18,55,0,0,Winter,Evening,0.0109281253826374,0.0149381657891514,-2.4492935982947064e-16,1.0,-1.0,-1.8369701987210294e-16,103.1,113.44072109654795
10,26,UA,EWR,2227,16,54,5,1,Fall,Afternoon,0.0058773111301579,0.0178768213542304,-0.8660254037844386,0.5000000000000001,-0.8660254037844384,-0.5000000000000004,177.83,173.81150742167313
6,11,US,LGA,184,16,3,1,0,Summer,Afternoon,0.0115097342965593,0.0449981633402718,1.2246467991473532e-16,-1.0,-0.8660254037844384,-0.5000000000000004,117.2,106.30043705242701
2,22,UA,EWR,937,15,51,4,0,Winter,Afternoon,0.0149075547936818,0.0421207297661319,0.8660254037844386,0.5000000000000001,-0.7071067811865471,-0.7071067811865479,132.46,129.87335516133368
11,19,EV,EWR,872,21,59,1,0,Fall,Night,0.0072241949308191,0.0131627280519162,-0.5000000000000004,0.8660254037844384,-0.7071067811865477,0.7071067811865474,65.93,91.03945500060325
1,10,DL,LGA,762,17,57,3,0,Winter,Evening,0.0289580017142157,0.0505999755112036,0.4999999999999999,0.8660254037844387,-0.9659258262890684,-0.2588190451025206,128.77,116.61931809469203
8,7,DL,LGA,502,18,34,2,0,Summer,Evening,0.0150299987755601,0.0272131749724501,-0.8660254037844384,-0.5000000000000004,-1.0,-1.8369701987210294e-16,138.75,127.5057292448184
2,4,US,EWR,529,13,11,0,0,Winter,Afternoon,0.0154891637076037,0.042335006734419,0.8660254037844386,0.5000000000000001,-0.2588190451025208,-0.9659258262890684,84.6,84.85871069259046
5,20,DL,LGA,1020,16,56,0,0,Spring,Afternoon,0.010958736378107,0.0217950287743357,0.4999999999999999,-0.8660254037844387,-0.8660254037844384,-0.5000000000000004,127.11,125.1960370682139
5,24,9E,JFK,1391,15,38,4,0,Spring,Afternoon,0.0022958246602179,0.0260499571446063,0.4999999999999999,-0.8660254037844387,-0.7071067811865471,-0.7071067811865479,141.52,139.70081298259137
6,16,B6,JFK,1598,16,57,6,1,Summer,Afternoon,0.0144177788661687,0.0179686543406391,1.2246467991473532e-16,-1.0,-0.8660254037844384,-0.5000000000000004,205.92,185.74173642652644
7,17,VX,EWR,2454,9,21,2,0,Summer,Morning,0.01432594587976,0.0484572058283335,-0.4999999999999997,-0.8660254037844388,0.7071067811865476,-0.7071067811865475,204.7,219.69878823846778
6,11,AA,JFK,2248,6,50,1,0,Summer,Morning,0.0119995102240724,0.0178768213542304,1.2246467991473532e-16,-1.0,1.0,6.123233995736766e-17,210.22,216.81647658255974
12,29,DL,LGA,502,18,35,6,1,Winter,Evening,0.0150299987755601,0.0272131749724501,-2.4492935982947064e-16,1.0,-1.0,-1.8369701987210294e-16,143.56,142.1576423348515
4,13,US,EWR,529,8,10,5,1,Spring,Morning,0.0154891637076037,0.042335006734419,0.8660254037844387,-0.4999999999999998,0.8660254037844387,-0.4999999999999998,111.21,103.40085478426732
11,4,EV,EWR,946,14,33,0,0,Fall,Afternoon,0.0027549895922615,0.0053569242071752,-0.5000000000000004,0.8660254037844384,-0.4999999999999997,-0.8660254037844388,67.56,100.48699107362805
1,18,EV,EWR,1008,7,56,4,0,Winter,Morning,0.007377249908167,0.0217950287743357,0.4999999999999999,0.8660254037844387,0.9659258262890684,-0.2588190451025206,93.67,122.19916139278831
3,21,AA,LGA,1096,7,47,3,0,Spring,Morning,0.0175401004040651,0.0373454144728786,1.0,6.123233995736766e-17,0.9659258262890684,-0.2588190451025206,92.07,132.74829547091406
5,22,AA,LGA,733,9,8,2,0,Spring,Morning,0.0245194073711277,0.0486102608056814,0.4999999999999999,-0.8660254037844387,0.7071067811865476,-0.7071067811865475,109.69,118.07726222012376
2,13,DL,LGA,950,17,15,2,0,Winter,Evening,0.0110199583690461,0.0421207297661319,0.8660254037844386,0.5000000000000001,-0.9659258262890684,-0.2588190451025206,102.53,121.27705074724483
1,7,B6,EWR,937,7,59,0,0,Winter,Morning,0.0149075547936818,0.0421207297661319,0.4999999999999999,0.8660254037844387,0.9659258262890684,-0.2588190451025206,100.6,114.00418638424907
5,22,AA,EWR,1372,12,38,2,0,Spring,Afternoon,0.0093669646136892,0.0260499571446063,0.4999999999999999,-0.8660254037844387,1.2246467991473532e-16,-1.0,146.94,136.19036387454503
6,24,WN,EWR,711,11,55,0,0,Summer,Morning,0.0066731970123668,0.0133770050202032,1.2246467991473532e-16,-1.0,0.258819045102521,-0.9659258262890682,87.72,95.86079334499777
12,29,B6,JFK,1521,22,46,6,1,Winter,Night,0.0046222603159054,0.0074996938900453,-2.4492935982947064e-16,1.0,-0.5000000000000004,0.8660254037844384,187.17,170.2753818588279
10,18,B6,JFK,264,14,27,4,0,Fall,Afternoon,0.0047140933023141,0.0070099179625321,-0.8660254037844386,0.5000000000000001,-0.4999999999999997,-0.8660254037844388,82.04,93.7823825890192
1,11,DL,LGA,762,19,59,4,0,Winter,Evening,0.0289580017142157,0.0505999755112036,0.4999999999999999,0.8660254037844387,-0.9659258262890684,0.2588190451025203,137.17,130.5179696584127
4,10,US,LGA,214,15,56,2,0,Spring,Afternoon,0.014540222848047,0.0294783886371984,0.8660254037844387,-0.4999999999999998,-0.7071067811865471,-0.7071067811865479,81.24,71.26332473694326
11,16,AA,JFK,1089,15,2,5,1,Fall,Afternoon,0.0105301824415329,0.0373454144728786,-0.5000000000000004,0.8660254037844384,-0.7071067811865471,-0.7071067811865479,120.4,135.1165253252194
2,17,DL,LGA,762,16,56,6,1,Winter,Afternoon,0.0289580017142157,0.0505999755112036,0.8660254037844386,0.5000000000000001,-0.8660254037844384,-0.5000000000000004,122.87,131.14154623897656
3,12,DL,LGA,1076,10,55,1,0,Spring,Morning,0.0121525652014203,0.0362128076405044,1.0,6.123233995736766e-17,0.4999999999999999,-0.8660254037844387,131.72,118.00814088602309
4,3,AA,LGA,1389,8,27,2,0,Spring,Morning,0.0143871678706991,0.0260499571446063,0.8660254037844387,-0.4999999999999998,0.8660254037844387,-0.4999999999999998,150.82,144.05289634572324
11,1,EV,EWR,529,6,8,4,0,Fall,Morning,0.0154891637076037,0.042335006734419,-0.5000000000000004,0.8660254037844384,1.0,6.123233995736766e-17,71.1,108.56506568062434
7,10,WN,EWR,872,6,59,2,0,Summer,Morning,0.0072241949308191,0.0131627280519162,-0.4999999999999997,-0.8660254037844388,1.0,6.123233995736766e-17,128.66,106.05120344783583
12,17,B6,JFK,273,9,24,1,0,Winter,Morning,0.003795763438227,0.0069793069670625,-2.4492935982947064e-16,1.0,0.7071067811865476,-0.7071067811865475,100.98,115.36636659813772
9,1,UA,EWR,404,14,29,6,1,Fall,Afternoon,0.0048365372841924,0.0127035631198726,-1.0,-1.8369701987210294e-16,-0.4999999999999997,-0.8660254037844388,126.54,100.69388457153713
3,15,EV,EWR,199,9,26,4,0,Spring,Morning,0.0052344802252969,0.0294783886371984,1.0,6.123233995736766e-17,0.7071067811865476,-0.7071067811865475,98.51,88.65420860846122
7,13,MQ,EWR,719,5,59,5,1,Summer,Morning,0.0183972082772131,0.0486102608056814,-0.4999999999999997,-0.8660254037844388,0.9659258262890684,0.2588190451025207,125.41,116.39945762982397
10,27,EV,EWR,645,9,15,6,1,Fall,Morning,0.0041937063793314,0.0066119750214276,-0.8660254037844386,0.5000000000000001,0.7071067811865476,-0.7071067811865475,112.7,107.72664732108868
3,8,B6,JFK,2248,9,53,4,0,Spring,Morning,0.0119995102240724,0.0178768213542304,1.0,6.123233995736766e-17,0.7071067811865476,-0.7071067811865475,190.71,192.9966135992397
10,4,EV,EWR,445,8,21,4,0,Fall,Morning,0.0030917105424268,0.0046222603159054,-0.8660254037844386,0.5000000000000001,0.8660254037844387,-0.4999999999999998,104.38,96.83531688728561
9,6,AA,LGA,888,14,7,4,0,Fall,Afternoon,0.005938533121097,0.0131627280519162,-1.0,-1.8369701987210294e-16,-0.4999999999999997,-0.8660254037844388,110.77,129.76502246678254
2,27,UA,EWR,2434,7,15,2,0,Winter,Morning,0.0022958246602179,0.0022958246602179,0.8660254037844386,0.5000000000000001,0.9659258262890684,-0.2588190451025206,192.18,183.32897227113926
5,27,EV,EWR,642,9,46,0,0,Spring,Morning,0.0024182686420962,0.0029692665605485,0.4999999999999999,-0.8660254037844387,0.7071067811865476,-0.7071067811865475,114.82,96.94744234462337
2,24,UA,EWR,2565,13,40,6,1,Winter,Afternoon,0.0157034406758907,0.0411717889065752,0.8660254037844386,0.5000000000000001,-0.2588190451025208,-0.9659258262890684,171.62,186.8399119889607
9,19,MQ,LGA,431,17,55,3,0,Fall,Evening,0.0108975143871678,0.0245194073711277,-1.0,-1.8369701987210294e-16,-0.9659258262890684,-0.2588190451025206,70.44,80.75611247132072
7,3,EV,EWR,1092,20,31,2,0,Summer,Evening,0.0042855393657401,0.0061528100893841,-0.4999999999999997,-0.8660254037844388,-0.8660254037844386,0.5000000000000001,96.1,127.92951889181506
8,12,B6,JFK,2248,6,23,0,0,Summer,Morning,0.0119995102240724,0.0178768213542304,-0.8660254037844384,-0.5000000000000004,1.0,6.123233995736766e-17,172.51,205.52735648522398
10,23,EV,LGA,296,16,43,2,0,Fall,Afternoon,0.0006734419003305,0.0038263744336965,-0.8660254037844386,0.5000000000000001,-0.8660254037844384,-0.5000000000000004,40.02,72.063586349951
7,11,AA,JFK,1598,8,57,3,0,Summer,Morning,0.0144177788661687,0.0179686543406391,-0.4999999999999997,-0.8660254037844388,0.8660254037844387,-0.4999999999999998,204.55,183.74382164507483
7,25,UA,EWR,200,20,8,3,0,Summer,Evening,0.0155809966940124,0.0449981633402718,-0.4999999999999997,-0.8660254037844388,-0.8660254037844386,0.5000000000000001,121.87,107.43656719243714
10,27,B6,JFK,187,21,5,6,1,Fall,Night,0.0179074323497,0.0449981633402718,-0.8660254037844386,0.5000000000000001,-0.7071067811865477,0.7071067811865474,122.2,95.56122081760117
3,5,WN,EWR,711,5,57,1,0,Spring,Morning,0.0066731970123668,0.0133770050202032,1.0,6.123233995736766e-17,0.9659258262890684,0.2588190451025207,39.95,57.17670210256344
9,24,DL,EWR,746,16,59,1,0,Fall,Afternoon,0.0156728296804212,0.0505999755112036,-1.0,-1.8369701987210294e-16,-0.8660254037844384,-0.5000000000000004,139.64,121.32085547911463
2,16,EV,EWR,529,6,29,5,1,Winter,Morning,0.0154891637076037,0.042335006734419,0.8660254037844386,0.5000000000000001,1.0,6.123233995736766e-17,118.0,91.28545156241776
10,7,AA,LGA,733,21,19,0,0,Fall,Night,0.0245194073711277,0.0486102608056814,-0.8660254037844386,0.5000000000000001,-0.7071067811865477,0.7071067811865474,99.37,105.19310139772082
10,2,B6,LGA,1047,13,34,2,0,Fall,Afternoon,0.0026019346149136,0.0041630953838618,-0.8660254037844386,0.5000000000000001,-0.2588190451025208,-0.9659258262890684,115.41,106.47458565174136
11,19,MQ,LGA,544,13,52,1,0,Fall,Afternoon,0.0178462103587608,0.042335006734419,-0.5000000000000004,0.8660254037844384,-0.2588190451025208,-0.9659258262890684,39.0,75.61787491324696
5,5,B6,JFK,2248,10,56,6,1,Spring,Morning,0.0119995102240724,0.0178768213542304,0.4999999999999999,-0.8660254037844387,0.4999999999999999,-0.8660254037844387,181.97,183.6247253545209
4,12,EV,EWR,1134,19,58,4,0,Spring,Evening,0.0022346026692788,0.0025407126239745,0.8660254037844387,-0.4999999999999998,-0.9659258262890684,0.2588190451025203,105.02,125.27710269183683
6,20,AA,JFK,1598,14,58,3,0,Summer,Afternoon,0.0144177788661687,0.0179686543406391,1.2246467991473532e-16,-1.0,-0.4999999999999997,-0.8660254037844388,177.22,173.28666772024727
8,30,EV,EWR,946,8,23,4,0,Summer,Morning,0.0027549895922615,0.0053569242071752,-0.8660254037844384,-0.5000000000000004,0.8660254037844387,-0.4999999999999998,122.9,144.48451282641344
11,9,AA,LGA,1389,6,6,5,1,Fall,Morning,0.0143871678706991,0.0260499571446063,-0.5000000000000004,0.8660254037844384,1.0,6.123233995736766e-17,161.51,144.51730487787938
1,21,EV,EWR,488,5,50,0,0,Winter,Morning,0.0088159666952369,0.0272131749724501,0.4999999999999999,0.8660254037844387,0.9659258262890684,0.2588190451025207,91.2,79.63218339657536
12,6,AA,JFK,187,12,45,4,0,Winter,Afternoon,0.0179074323497,0.0449981633402718,-2.4492935982947064e-16,1.0,1.2246467991473532e-16,-1.0,107.02,128.75504874156144
9,5,EV,EWR,645,6,24,3,0,Fall,Morning,0.0041937063793314,0.0066119750214276,-1.0,-1.8369701987210294e-16,1.0,6.123233995736766e-17,73.45,96.03428091055056
10,25,B6,JFK,301,6,55,4,0,Fall,Morning,0.0109281253826374,0.0149381657891514,-0.8660254037844386,0.5000000000000001,1.0,6.123233995736766e-17,64.99,103.85553850503202
9,28,B6,JFK,301,8,3,5,1,Fall,Morning,0.0109281253826374,0.0149381657891514,-1.0,-1.8369701987210294e-16,0.8660254037844387,-0.4999999999999998,84.39,90.65468470497308
5,10,EV,EWR,1092,14,39,4,0,Spring,Afternoon,0.0042855393657401,0.0061528100893841,0.4999999999999999,-0.8660254037844387,-0.4999999999999997,-0.8660254037844388,108.96,117.2479426096457
7,4,DL,JFK,760,6,29,3,0,Summer,Morning,0.0059691441165666,0.0505999755112036,-0.4999999999999997,-0.8660254037844388,1.0,6.123233995736766e-17,124.75,145.54577364708018
9,1,EV,JFK,228,10,6,6,1,Fall,Morning,0.0076527488673931,0.0163768825762213,-1.0,-1.8369701987210294e-16,0.4999999999999999,-0.8660254037844387,95.03,81.34322473391077
8,14,UA,EWR,1400,11,5,2,0,Summer,Morning,0.012458675156116,0.0223154156973184,-0.8660254037844384,-0.5000000000000004,0.258819045102521,-0.9659258262890682,145.96,155.98869819977128
10,16,9E,JFK,290,14,49,2,0,Fall,Afternoon,0.001928492714583,0.0038263744336965,-0.8660254037844386,0.5000000000000001,-0.4999999999999997,-0.8660254037844388,59.66,79.34662096409147
10,27,AA,LGA,888,14,9,6,1,Fall,Afternoon,0.005938533121097,0.0131627280519162,-0.8660254037844386,0.5000000000000001,-0.4999999999999997,-0.8660254037844388,115.35,134.02173875355638
10,6,EV,EWR,160,7,16,6,1,Fall,Morning,0.0013162728051916,0.0013162728051916,-0.8660254037844386,0.5000000000000001,0.9659258262890684,-0.2588190451025206,103.37,78.29908570715158
1,22,EV,EWR,820,15,11,1,0,Winter,Afternoon,0.0033059875107138,0.0075303048855148,0.4999999999999999,0.8660254037844387,-0.7071067811865471,-0.7071067811865479,94.67,91.68926919888052
5,29,UA,LGA,1416,6,22,2,0,Spring,Morning,0.0089690216725847,0.0223154156973184,0.4999999999999999,-0.8660254037844387,1.0,6.123233995736766e-17,123.46,139.19438666808847
7,29,B6,JFK,2586,21,45,0,0,Summer,Night,0.0254683482306844,0.0411717889065752,-0.4999999999999997,-0.8660254037844388,-0.7071067811865477,0.7071067811865474,193.52,202.5591466558259
6,20,MQ,LGA,544,9,13,3,0,Summer,Morning,0.0178462103587608,0.042335006734419,1.2246467991473532e-16,-1.0,0.7071067811865476,-0.7071067811865475,92.19,112.28473141958389
8,23,WN,EWR,711,6,17,4,0,Summer,Morning,0.0066731970123668,0.0133770050202032,-0.8660254037844384,-0.5000000000000004,1.0,6.123233995736766e-17,116.61,119.9136921376365
10,23,DL,LGA,762,15,58,2,0,Fall,Afternoon,0.0289580017142157,0.0505999755112036,-0.8660254037844386,0.5000000000000001,-0.7071067811865471,-0.7071067811865479,96.78,104.63693462889653
6,24,EV,EWR,631,22,33,0,0,Summer,Night,0.0008877188686176,0.0020815476919309,1.2246467991473532e-16,-1.0,-0.5000000000000004,0.8660254037844384,95.52,104.94677763176519
4,19,B6,JFK,187,12,57,4,0,Spring,Afternoon,0.0179074323497,0.0449981633402718,0.8660254037844387,-0.4999999999999998,1.2246467991473532e-16,-1.0,98.17,88.47370912095693
9,4,US,EWR,529,8,23,2,0,Fall,Morning,0.0154891637076037,0.042335006734419,-1.0,-1.8369701987210294e-16,0.8660254037844387,-0.4999999999999998,88.16,98.99946799105544
5,22,UA,EWR,2402,16,34,2,0,Spring,Afternoon,0.005081425247949,0.0113260683237418,0.4999999999999999,-0.8660254037844387,-0.8660254037844384,-0.5000000000000004,191.72,183.75905717500092
10,21,AA,LGA,1389,19,6,0,0,Fall,Evening,0.0143871678706991,0.0260499571446063,-0.8660254037844386,0.5000000000000001,-0.9659258262890684,0.2588190451025203,152.58,140.7489980351956
6,17,B6,EWR,937,5,59,0,0,Summer,Morning,0.0149075547936818,0.0421207297661319,1.2246467991473532e-16,-1.0,0.9659258262890684,0.2588190451025207,72.82,127.13936722371994
3,21,DL,JFK,760,8,29,3,0,Spring,Morning,0.0059691441165666,0.0505999755112036,1.0,6.123233995736766e-17,0.8660254037844387,-0.4999999999999998,150.77,125.59598229093493
1,4,UA,EWR,200,18,39,4,0,Winter,Evening,0.0155809966940124,0.0449981633402718,0.4999999999999999,0.8660254037844387,-1.0,-1.8369701987210294e-16,50.34,105.34527316544505
2,15,B6,JFK,273,10,52,4,0,Winter,Morning,0.003795763438227,0.0069793069670625,0.8660254037844386,0.5000000000000001,0.4999999999999999,-0.8660254037844387,81.92,93.43159545661905
4,9,US,LGA,184,6,52,1,0,Spring,Morning,0.0115097342965593,0.0449981633402718,0.8660254037844387,-0.4999999999999998,1.0,6.123233995736766e-17,103.38,83.73092714055115
11,30,B6,JFK,1069,16,8,5,1,Fall,Afternoon,0.0129790620790988,0.0362128076405044,-0.5000000000000004,0.8660254037844384,-0.8660254037844384,-0.5000000000000004,124.97,123.63738868018004
2,2,AA,JFK,1598,8,41,5,1,Winter,Morning,0.0144177788661687,0.0179686543406391,0.8660254037844386,0.5000000000000001,0.8660254037844387,-0.4999999999999998,133.89,157.1728035177628
7,11,B6,JFK,2576,17,8,3,0,Summer,Evening,0.0007652748867393,0.0007652748867393,-0.4999999999999997,-0.8660254037844388,-0.9659258262890684,-0.2588190451025206,187.61,212.06409411201253
5,20,F9,LGA,1620,19,41,0,0,Spring,Evening,0.0119995102240724,0.0225296926656054,0.4999999999999999,-0.8660254037844387,-0.9659258262890684,0.2588190451025203,136.57,110.76728117878469
8,7,US,LGA,214,5,55,2,0,Summer,Morning,0.014540222848047,0.0294783886371984,-0.8660254037844384,-0.5000000000000004,0.9659258262890684,0.2588190451025207,53.74,88.77550446425717
6,22,UA,LGA,1620,15,4,5,1,Summer,Afternoon,0.0119995102240724,0.0225296926656054,1.2246467991473532e-16,-1.0,-0.7071067811865471,-0.7071067811865479,191.7,158.37277383973327
10,14,MQ,LGA,544,14,39,0,0,Fall,Afternoon,0.0178462103587608,0.042335006734419,-0.8660254037844386,0.5000000000000001,-0.4999999999999997,-0.8660254037844388,71.57,76.16293105107167
4,22,B6,JFK,187,12,42,0,0,Spring,Afternoon,0.0179074323497,0.0449981633402718,0.8660254037844387,-0.4999999999999998,1.2246467991473532e-16,-1.0,54.76,74.30060032868917
9,28,MQ,JFK,425,14,47,5,1,Fall,Afternoon,0.0018978817191135,0.0127035631198726,-1.0,-1.8369701987210294e-16,-0.4999999999999997,-0.8660254037844388,69.26,83.08143937719487
7,12,UA,LGA,733,20,35,4,0,Summer,Evening,0.0245194073711277,0.0486102608056814,-0.4999999999999997,-0.8660254037844388,-0.8660254037844386,0.5000000000000001,129.66,136.96872629909248
6,24,EV,EWR,463,6,31,0,0,Summer,Morning,0.0025407126239745,0.0106526264234112,1.2246467991473532e-16,-1.0,1.0,6.123233995736766e-17,129.31,107.15035509655397
8,7,UA,EWR,1400,6,32,2,0,Summer,Morning,0.012458675156116,0.0223154156973184,-0.8660254037844384,-0.5000000000000004,1.0,6.123233995736766e-17,190.04,169.83758431226005
3,27,EV,EWR,628,13,51,2,0,Spring,Afternoon,0.0042855393657401,0.0091220766499326,1.0,6.123233995736766e-17,-0.2588190451025208,-0.9659258262890684,48.46,80.14300226237535
12,20,DL,LGA,1020,16,58,4,0,Winter,Afternoon,0.010958736378107,0.0217950287743357,-2.4492935982947064e-16,1.0,-0.8660254037844384,-0.5000000000000004,148.4,166.3934291231152
8,10,UA,EWR,404,20,57,5,1,Summer,Evening,0.0048365372841924,0.0127035631198726,-0.8660254037844384,-0.5000000000000004,-0.8660254037844386,0.5000000000000001,98.81,108.37790117147836
7,14,EV,EWR,708,9,49,6,1,Summer,Morning,0.002357046651157,0.0026631566058528,-0.4999999999999997,-0.8660254037844388,0.7071067811865476,-0.7071067811865475,144.41,135.53496203848835
7,29,EV,EWR,463,6,27,0,0,Summer,Morning,0.0025407126239745,0.0106526264234112,-0.4999999999999997,-0.8660254037844388,1.0,6.123233995736766e-17,84.07,107.79158483036912
5,8,EV,EWR,284,9,18,2,0,Spring,Morning,0.0012244398187829,0.0038263744336965,0.4999999999999999,-0.8660254037844387,0.7071067811865476,-0.7071067811865475,99.45,78.88441497822556
11,7,DL,EWR,746,11,40,3,0,Fall,Morning,0.0156728296804212,0.0505999755112036,-0.5000000000000004,0.8660254037844384,0.258819045102521,-0.9659258262890682,101.07,106.48194658541438
2,5,9E,JFK,184,19,27,1,0,Winter,Evening,0.0039182074201053,0.005938533121097,0.8660254037844386,0.5000000000000001,-0.9659258262890684,0.2588190451025203,63.75,81.40126924196754
11,9,UA,EWR,200,21,51,5,1,Fall,Night,0.0155809966940124,0.0449981633402718,-0.5000000000000004,0.8660254037844384,-0.7071067811865477,0.7071067811865474,68.22,73.0833023048651
8,19,UA,EWR,1372,8,18,0,0,Summer,Morning,0.0093669646136892,0.0260499571446063,-0.8660254037844384,-0.5000000000000004,0.8660254037844387,-0.4999999999999998,151.76,167.97138272888486
10,29,EV,EWR,445,13,5,1,0,Fall,Afternoon,0.0030917105424268,0.0046222603159054,-0.8660254037844386,0.5000000000000001,-0.2588190451025208,-0.9659258262890684,50.4,69.32208680836357
3,25,DL,LGA,963,17,0,0,0,Spring,Evening,0.0026019346149136,0.0053569242071752,1.0,6.123233995736766e-17,-0.9659258262890684,-0.2588190451025206,121.77,120.91286464370216
12,17,WN,EWR,2133,14,58,1,0,Winter,Afternoon,0.0085404677360107,0.0139586139341251,-2.4492935982947064e-16,1.0,-0.4999999999999997,-0.8660254037844388,146.24,152.87616700689262
10,13,AA,EWR,1085,6,27,6,1,Fall,Morning,0.0092751316272805,0.0373454144728786,-0.8660254037844386,0.5000000000000001,1.0,6.123233995736766e-17,112.0,147.80204738456757
5,26,YV,LGA,544,17,21,6,1,Spring,Evening,0.0178462103587608,0.042335006734419,0.4999999999999999,-0.8660254037844387,-0.9659258262890684,-0.2588190451025206,90.51,102.40953621144678
6,23,DL,LGA,762,10,11,6,1,Summer,Morning,0.0289580017142157,0.0505999755112036,1.2246467991473532e-16,-1.0,0.4999999999999999,-0.8660254037844387,115.18,137.13630118718507
1,14,UA,EWR,719,7,46,0,0,Winter,Morning,0.0183972082772131,0.0486102608056814,0.4999999999999999,0.8660254037844387,0.9659258262890684,-0.2588190451025206,107.67,112.39266965960906
3,14,EV,EWR,445,13,50,3,0,Spring,Afternoon,0.0030917105424268,0.0046222603159054,1.0,6.123233995736766e-17,-0.2588190451025208,-0.9659258262890684,54.01,70.09089200123702
1,15,UA,EWR,2454,14,53,1,0,Winter,Afternoon,0.01432594587976,0.0484572058283335,0.4999999999999999,0.8660254037844387,-0.4999999999999997,-0.8660254037844388,145.97,174.7023357636338
6,7,9E,JFK,187,8,43,4,0,Summer,Morning,0.0179074323497,0.0449981633402718,1.2246467991473532e-16,-1.0,0.8660254037844387,-0.4999999999999998,149.3,122.78750554350106
1,12,9E,JFK,228,15,17,5,1,Winter,Afternoon,0.0076527488673931,0.0163768825762213,0.4999999999999999,0.8660254037844387,-0.7071067811865471,-0.7071067811865479,71.61,78.1591570256341
4,7,UA,EWR,2454,19,5,6,1,Spring,Evening,0.01432594587976,0.0484572058283335,0.8660254037844387,-0.4999999999999998,-0.9659258262890684,0.2588190451025203,203.66,199.17357321918172
12,11,UA,JFK,2586,18,36,2,0,Winter,Evening,0.0254683482306844,0.0411717889065752,-2.4492935982947064e-16,1.0,-1.0,-1.8369701987210294e-16,173.44,218.05918498349007
3,22,DL,JFK,944,11,24,4,0,Spring,Morning,0.0161932166034039,0.0421207297661319,1.0,6.123233995736766e-17,0.258819045102521,-0.9659258262890682,121.28,135.33328231594822
7,13,DL,JFK,2248,10,28,5,1,Summer,Morning,0.0119995102240724,0.0178768213542304,-0.4999999999999997,-0.8660254037844388,0.4999999999999999,-0.8660254037844387,199.72,193.68640871523058
6,5,EV,EWR,277,21,34,2,0,Summer,Night,0.0051426472388882,0.0072854169217582,1.2246467991473532e-16,-1.0,-0.7071067811865477,0.7071067811865474,72.23,91.59058959995042
2,14,US,LGA,214,12,53,3,0,Winter,Afternoon,0.014540222848047,0.0294783886371984,0.8660254037844386,0.5000000000000001,1.2246467991473532e-16,-1.0,88.33,71.26875848621944
11,8,UA,EWR,937,7,9,4,0,Fall,Morning,0.0149075547936818,0.0421207297661319,-0.5000000000000004,0.8660254037844384,0.9659258262890684,-0.2588190451025206,120.06,141.73171575995877
4,6,B6,JFK,187,7,8,5,1,Spring,Morning,0.0179074323497,0.0449981633402718,0.8660254037844387,-0.4999999999999998,0.9659258262890684,-0.2588190451025206,88.07,85.95312877665428
12,5,WN,LGA,1428,17,17,3,0,Winter,Evening,0.0013468838006611,0.0067650299987755,-2.4492935982947064e-16,1.0,-0.9659258262890684,-0.2588190451025206,128.83,136.16175366929133
2,18,UA,EWR,937,9,51,0,0,Winter,Morning,0.0149075547936818,0.0421207297661319,0.8660254037844386,0.5000000000000001,0.7071067811865476,-0.7071067811865475,128.71,124.18199222214818
7,15,MQ,LGA,419,11,54,0,0,Summer,Morning,0.0059691441165666,0.0127035631198726,-0.4999999999999997,-0.8660254037844388,0.258819045102521,-0.9659258262890682,78.79,93.73333008270798
1,8,B6,JFK,2446,9,42,1,0,Winter,Morning,0.0045304273294967,0.0081119137994367,0.4999999999999999,0.8660254037844387,0.7071067811865476,-0.7071067811865475,169.69,182.26132296591288
2,17,EV,EWR,569,17,31,6,1,Winter,Evening,0.0076833598628627,0.0110199583690461,0.8660254037844386,0.5000000000000001,-0.9659258262890684,-0.2588190451025206,93.77,106.88777292644951
4,28,AA,LGA,1389,12,47,6,1,Spring,Afternoon,0.0143871678706991,0.0260499571446063,0.8660254037844387,-0.4999999999999998,1.2246467991473532e-16,-1.0,133.92,151.71007053379174
12,22,MQ,JFK,213,15,13,6,1,Winter,Afternoon,0.0097036855638545,0.0294783886371984,-2.4492935982947064e-16,1.0,-0.7071067811865471,-0.7071067811865479,120.0,104.73722666628316
9,8,EV,EWR,1008,9,3,6,1,Fall,Morning,0.007377249908167,0.0217950287743357,-1.0,-1.8369701987210294e-16,0.7071067811865476,-0.7071067811865475,134.39,122.22514069536501
12,2,B6,JFK,636,7,49,0,0,Winter,Morning,0.0033672095016529,0.0091220766499326,-2.4492935982947064e-16,1.0,0.9659258262890684,-0.2588190451025206,132.39,126.23786037887865
2,26,DL,JFK,1990,12,31,1,0,Winter,Afternoon,0.0064895310395494,0.0074996938900453,0.8660254037844386,0.5000000000000001,1.2246467991473532e-16,-1.0,163.41,161.23845341886803
3,16,UA,EWR,1874,9,32,5,1,Spring,Morning,6.122199093914534e-05,6.122199093914534e-05,1.0,6.123233995736766e-17,0.7071067811865476,-0.7071067811865475,186.29,167.09318950906413
1,8,B6,JFK,264,17,18,1,0,Winter,Evening,0.0047140933023141,0.0070099179625321,0.4999999999999999,0.8660254037844387,-0.9659258262890684,-0.2588190451025206,81.23,91.84939177667331
3,14,UA,EWR,1504,15,5,3,0,Spring,Afternoon,0.0028774335741398,0.0074996938900453,1.0,6.123233995736766e-17,-0.7071067811865471,-0.7071067811865479,126.87,132.25225548844026
7,17,DL,JFK,944,8,19,2,0,Summer,Morning,0.0161932166034039,0.0421207297661319,-0.4999999999999997,-0.8660254037844388,0.8660254037844387,-0.4999999999999998,159.44,157.37108633200918
1,28,B6,JFK,1617,23,56,0,0,Winter,Night,0.0011938288233133,0.0011938288233133,0.4999999999999999,0.8660254037844387,-0.2588190451025215,0.965925826289068,160.94,136.77552535515235
9,13,EV,EWR,1167,7,53,4,0,Fall,Morning,0.0032141545243051,0.0104995714460634,-1.0,-1.8369701987210294e-16,0.9659258262890684,-0.2588190451025206,105.58,129.6508596929816
11,6,9E,JFK,288,20,16,2,0,Fall,Evening,0.0006734419003305,0.0072854169217582,-0.5000000000000004,0.8660254037844384,-0.8660254037844386,0.5000000000000001,91.27,77.97821718642253
7,31,9E,LGA,549,18,57,2,0,Summer,Evening,0.0010101628504958,0.0036733194563487,-0.4999999999999997,-0.8660254037844388,-1.0,-1.8369701987210294e-16,80.75,111.60864574577471
7,1,MQ,EWR,719,22,17,0,0,Summer,Night,0.0183972082772131,0.0486102608056814,-0.4999999999999997,-0.8660254037844388,-0.5000000000000004,0.8660254037844384,115.83,109.49572615057599
5,6,AA,LGA,733,8,31,0,0,Spring,Morning,0.0245194073711277,0.0486102608056814,0.4999999999999999,-0.8660254037844387,0.8660254037844387,-0.4999999999999998,137.1,120.820937581857
8,21,UA,EWR,2454,18,27,2,0,Summer,Evening,0.01432594587976,0.0484572058283335,-0.8660254037844384,-0.5000000000000004,-1.0,-1.8369701987210294e-16,224.13,211.18398929320915
5,23,DL,LGA,950,8,55,3,0,Spring,Morning,0.0110199583690461,0.0421207297661319,0.4999999999999999,-0.8660254037844387,0.8660254037844387,-0.4999999999999998,128.7,122.21105578515895
9,16,UA,EWR,2565,20,48,0,0,Fall,Evening,0.0157034406758907,0.0411717889065752,-1.0,-1.8369701987210294e-16,-0.8660254037844386,0.5000000000000001,160.55,178.43246989835495
3,19,WN,LGA,738,11,24,1,0,Spring,Morning,0.0044692053385576,0.0082955797722541,1.0,6.123233995736766e-17,0.258819045102521,-0.9659258262890682,62.96,65.8795909862423
12,23,UA,JFK,2586,15,27,0,0,Winter,Afternoon,0.0254683482306844,0.0411717889065752,-2.4492935982947064e-16,1.0,-0.7071067811865471,-0.7071067811865479,216.82,207.4776286561618
7,20,B6,JFK,1990,19,25,5,1,Summer,Evening,0.0064895310395494,0.0074996938900453,-0.4999999999999997,-0.8660254037844388,-0.9659258262890684,0.2588190451025203,189.03,190.53976252178705
9,25,DL,LGA,1020,11,30,2,0,Fall,Morning,0.010958736378107,0.0217950287743357,-1.0,-1.8369701987210294e-16,0.258819045102521,-0.9659258262890682,109.92,114.49503131748635
12,14,DL,LGA,1096,16,24,5,1,Winter,Afternoon,0.0175401004040651,0.0373454144728786,-2.4492935982947064e-16,1.0,-0.8660254037844384,-0.5000000000000004,154.77,154.51618426807346
7,21,DL,LGA,1047,10,52,6,1,Summer,Morning,0.0026019346149136,0.0041630953838618,-0.4999999999999997,-0.8660254037844388,0.4999999999999999,-0.8660254037844387,148.57,146.41716583386585
7,21,UA,EWR,2133,12,1,6,1,Summer,Afternoon,0.0085404677360107,0.0139586139341251,-0.4999999999999997,-0.8660254037844388,1.2246467991473532e-16,-1.0,190.38,196.09744320775204
3,28,AA,EWR,1372,14,25,3,0,Spring,Afternoon,0.0093669646136892,0.0260499571446063,1.0,6.123233995736766e-17,-0.4999999999999997,-0.8660254037844388,108.78,134.66158781418318
9,13,EV,EWR,199,22,16,4,0,Fall,Night,0.0052344802252969,0.0294783886371984,-1.0,-1.8369701987210294e-16,-0.5000000000000004,0.8660254037844384,86.63,76.21578851860485
4,27,B6,LGA,1010,16,18,5,1,Spring,Afternoon,0.0060609771029753,0.0228358026203012,0.8660254037844387,-0.4999999999999998,-0.8660254037844384,-0.5000000000000004,118.27,113.03543451340393
9,26,UA,EWR,1085,14,50,3,0,Fall,Afternoon,0.0092751316272805,0.0373454144728786,-1.0,-1.8369701987210294e-16,-0.4999999999999997,-0.8660254037844388,118.52,120.40678127091299
9,25,9E,JFK,301,14,38,2,0,Fall,Afternoon,0.0109281253826374,0.0149381657891514,-1.0,-1.8369701987210294e-16,-0.4999999999999997,-0.8660254037844388,95.78,78.3865116853348
9,11,DL,LGA,1035,14,35,2,0,Fall,Afternoon,0.0074996938900453,0.018978817191135,-1.0,-1.8369701987210294e-16,-0.4999999999999997,-0.8660254037844388,116.74,115.51378655983186
2,1,EV,EWR,199,8,30,4,0,Winter,Morning,0.0052344802252969,0.0294783886371984,0.8660254037844386,0.5000000000000001,0.8660254037844387,-0.4999999999999998,97.67,88.77485400043392
10,17,DL,LGA,1096,17,55,3,0,Fall,Evening,0.0175401004040651,0.0373454144728786,-0.8660254037844386,0.5000000000000001,-0.9659258262890684,-0.2588190451025206,142.55,129.35761254306706
5,22,B6,JFK,187,13,25,2,0,Spring,Afternoon,0.0179074323497,0.0449981633402718,0.4999999999999999,-0.8660254037844387,-0.2588190451025208,-0.9659258262890684,66.72,74.77625097408944
12,14,DL,JFK,2475,7,0,5,1,Winter,Morning,0.0341312599485735,0.0484572058283335,-2.4492935982947064e-16,1.0,0.9659258262890684,-0.2588190451025206,209.45,218.90219285424473
6,29,DL,LGA,950,17,59,5,1,Summer,Evening,0.0110199583690461,0.0421207297661319,1.2246467991473532e-16,-1.0,-0.9659258262890684,-0.2588190451025206,205.6,155.15513375590712
